source_event_id,financial_year,event_date,policy_id,product_code,product_name,region,distribution_channel,policy_status,written_premium_inr,premium_collected_inr,claim_flag,claim_amount_inr,claim_status,ceded_reinsurance_inr,commission_inr,insurance_revenue_inr
EVT00000001,2021,2021-02-17,POL00328,Motor,Private Motor,North,Direct,Active,37582.04,29149.52,False,0,,8027.9,4764.05,32123.9
EVT00000002,2021,2021-03-23,POL00112,Health,Retail Health,Central,Agent,Active,159796.16,147864.38,False,0,,29524.37,13768.8,156663.36
EVT00000003,2021,2021-10-02,POL00358,Travel,Travel,East,Direct,Active,210929.17,175946.28,True,39430.4,Settled,48749.49,32678.56,202378.05
EVT00000004,2021,2021-05-29,POL00064,Travel,Travel,North,Direct,Expired,139126.19,134316.14,False,0,,36363.63,7785.11,123013.25
EVT00000005,2021,2021-11-28,POL00041,Health,Retail Health,North,Bancassurance,Active,142765.1,120095.15,False,0,,16111.34,12093.22,141408.57
EVT00000006,2021,2021-01-29,POL00037,SME,SME Package,South,Broker,Active,88444.55,88212.9,False,0,,19199.98,12293.78,86359.72
EVT00000007,2021,2021-11-26,POL00118,Motor,Private Motor,East,Bancassurance,Active,52728.36,51975.79,False,0,,7614.15,7129.24,47948.26
EVT00000008,2021,2021-03-12,POL00235,Health,Retail Health,East,Broker,Active,127010.04,103600.24,False,0,,40560.26,12945.13,112136.92
EVT00000009,2021,2021-08-28,POL00261,Travel,Travel,North,Agent,Expired,40402.36,31917.68,False,0,,9249.02,4041.03,37953.3
EVT00000010,2021,2021-03-22,POL00271,Property,Commercial Property,Central,Agent,Active,32284.97,31355.07,False,0,,9058.5,3041.98,28863.57
EVT00000011,2021,2021-03-24,POL00233,Motor,Private Motor,East,Broker,Active,30559.09,27696.47,False,0,,6182.07,2318.16,27689.2
EVT00000012,2021,2021-10-18,POL00277,SME,SME Package,North,Direct,Active,31715.96,26665.04,False,0,,9262.09,2573.08,28104.49
EVT00000013,2021,2021-11-07,POL00041,Motor,Private Motor,West,Agent,Cancelled,120933.71,94502.45,False,0,,40398.46,8642.71,112365.69
EVT00000014,2021,2021-02-02,POL00217,Health,Retail Health,Central,Broker,Expired,92586.37,84987.04,False,0,,29616.92,10063.51,82141.32
EVT00000015,2021,2021-12-09,POL00174,Motor,Private Motor,Central,Broker,Active,9524.46,8828.8,True,3953.31,Open,2932.49,563.96,8435.82
EVT00000016,2021,2021-08-05,POL00249,Health,Retail Health,Central,Broker,Expired,195065.21,174398.62,True,167650.1,Repudiated,20895.97,12211.28,178417.89
EVT00000017,2021,2021-02-08,POL00211,Travel,Travel,North,Agent,Active,162381.28,154286.27,True,58424.38,Repudiated,14947.96,11992.42,149292.41
EVT00000018,2021,2021-07-25,POL00227,SME,SME Package,North,Agent,Active,122604.64,92405.83,True,167042.43,Closed,12247.39,13870.67,108144.91
EVT00000019,2021,2021-10-12,POL00031,Health,Retail Health,West,Agent,Cancelled,64223.05,60756.14,False,0,,11361.2,11203.79,64178.95
EVT00000020,2021,2021-09-15,POL00339,Travel,Travel,South,Broker,Active,213366.39,190919.19,False,0,,58546.17,12253.95,200058.01
EVT00000021,2021,2021-10-24,POL00272,Health,Retail Health,North,Agent,Expired,22526.52,17277.62,False,0,,3855.02,3883.74,21072.46
EVT00000022,2021,2021-07-22,POL00305,Motor,Private Motor,Central,Agent,Active,131738.53,116021.55,False,0,,14659.57,18852.43,116694.37
EVT00000023,2021,2021-09-17,POL00068,Property,Commercial Property,West,Direct,Expired,206375.67,155262.37,False,0,,45175.24,13001.16,192062.52
EVT00000024,2021,2021-12-01,POL00136,Health,Retail Health,East,Agent,Expired,86339.74,68159.76,False,0,,22540.02,11182.56,86174.4
EVT00000025,2021,2021-04-15,POL00271,Motor,Private Motor,Central,Direct,Expired,29960.34,29047.5,True,48311.83,Closed,3945.91,3853.73,28691.27
EVT00000026,2021,2021-03-08,POL00352,Property,Commercial Property,Central,Bancassurance,Active,200529.72,152943.96,False,0,,59919.17,11175.78,180483.46
EVT00000027,2021,2021-03-17,POL00327,Property,Commercial Property,South,Bancassurance,Active,98669.63,74240.75,True,157195.09,Closed,21083.44,15638.88,92490.59
EVT00000028,2021,2021-07-28,POL00221,Health,Retail Health,North,Direct,Active,205814.66,204384.06,True,134482.87,Closed,51470.13,19753.73,192227.3
EVT00000029,2021,2021-05-08,POL00318,Health,Retail Health,South,Broker,Cancelled,179883.6,174550.78,True,239282.87,Settled,51215.73,18622.04,170976.86
EVT00000030,2021,2021-04-27,POL00137,Health,Retail Health,North,Bancassurance,Expired,190021.77,153083.14,False,0,,35741.38,17040.17,184188.45
EVT00000031,2021,2021-01-15,POL00115,Motor,Private Motor,South,Bancassurance,Active,191242.82,189659.76,True,221897.35,Repudiated,48548.03,30536.88,172055.9
EVT00000032,2021,2021-10-23,POL00060,Property,Commercial Property,South,Direct,Active,134473.11,112476.24,False,0,,24328.63,23929.58,116634.83
EVT00000033,2021,2021-02-05,POL00098,Property,Commercial Property,North,Bancassurance,Active,204221.94,180657.38,False,0,,55667.84,28015.51,184745.95
EVT00000034,2021,2021-10-11,POL00341,Property,Commercial Property,Central,Direct,Active,34420.57,33560.46,False,0,,8607.48,3180.59,32857.23
EVT00000035,2021,2021-08-09,POL00066,Health,Retail Health,West,Bancassurance,Active,199394.78,180228.7,False,0,,42746.49,9980.26,178066.93
EVT00000036,2021,2021-05-26,POL00297,SME,SME Package,East,Bancassurance,Active,151232.97,132751.32,False,0,,51109.12,22030.86,143494.02
EVT00000037,2021,2021-02-07,POL00264,SME,SME Package,East,Agent,Expired,167241.29,153560.77,True,62347.55,Open,10680.72,29754.18,157489.63
EVT00000038,2021,2021-12-23,POL00234,Travel,Travel,Central,Broker,Expired,89403.44,75985.17,True,111593.59,Open,25348.21,7013.64,86776.45
EVT00000039,2021,2021-08-15,POL00266,Travel,Travel,North,Broker,Expired,33728.02,26420.33,False,0,,7060.61,4137.09,30274.09
EVT00000040,2021,2021-05-21,POL00314,SME,SME Package,West,Bancassurance,Expired,165654.95,143899.26,True,75979.96,Settled,46341.0,19509.01,156380.3
EVT00000041,2021,2021-10-05,POL00226,Motor,Private Motor,East,Broker,Active,75778.43,67066.79,True,33850.55,Closed,19848.32,4421.65,69044.75
EVT00000042,2021,2021-09-02,POL00239,Travel,Travel,North,Broker,Expired,90569.08,85356.73,False,0,,5059.15,14897.29,84804.68
EVT00000043,2021,2021-04-23,POL00004,Property,Commercial Property,East,Bancassurance,Expired,210127.23,179607.37,False,0,,44933.54,26985.13,185559.32
EVT00000044,2021,2021-10-01,POL00140,Travel,Travel,West,Agent,Active,149801.21,142241.58,False,0,,45262.69,25397.36,149368.03
EVT00000045,2021,2021-07-14,POL00014,Travel,Travel,Central,Agent,Active,98865.91,95574.94,True,48516.59,Settled,11221.09,9144.1,95324.97
EVT00000046,2021,2021-01-21,POL00143,Travel,Travel,East,Agent,Active,166793.14,127266.74,False,0,,19559.27,9827.52,165724.47
EVT00000047,2021,2021-05-12,POL00387,Motor,Private Motor,South,Broker,Expired,139723.16,113124.93,False,0,,11781.01,24201.23,128511.09
EVT00000048,2021,2021-07-12,POL00393,Property,Commercial Property,South,Agent,Expired,42718.35,35360.53,False,0,,14040.08,5333.54,42129.0
EVT00000049,2021,2021-06-27,POL00204,Health,Retail Health,North,Broker,Active,171765.95,165337.32,False,0,,14826.24,30557.12,166165.57
EVT00000050,2021,2021-08-24,POL00273,Travel,Travel,East,Agent,Active,80341.01,77319.7,False,0,,6560.78,14051.83,75949.39
EVT00000051,2021,2021-10-31,POL00363,Health,Retail Health,West,Broker,Expired,212680.43,173870.63,False,0,,44971.68,24001.98,194674.09
EVT00000052,2021,2021-06-16,POL00138,Property,Commercial Property,South,Agent,Active,103570.02,97109.23,False,0,,25939.79,9707.78,95713.82
EVT00000053,2021,2021-02-13,POL00094,Travel,Travel,South,Direct,Expired,80151.83,77753.69,False,0,,10650.62,4113.36,79527.4
EVT00000054,2021,2021-06-06,POL00124,Travel,Travel,West,Broker,Active,144931.41,126482.41,False,0,,11292.48,11421.69,138230.95
EVT00000055,2021,2021-04-29,POL00340,SME,SME Package,East,Bancassurance,Active,80876.57,80808.46,False,0,,12579.8,8814.49,72464.88
EVT00000056,2021,2021-05-25,POL00062,Health,Retail Health,East,Agent,Expired,209586.04,193351.69,True,279426.39,Settled,56038.17,37088.12,194641.62
EVT00000057,2021,2021-09-09,POL00052,Health,Retail Health,East,Broker,Active,72080.73,66819.17,True,8768.9,Open,15569.99,10139.18,62633.97
EVT00000058,2021,2021-10-23,POL00053,Motor,Private Motor,Central,Direct,Active,101379.39,80707.21,True,171904.83,Repudiated,8538.79,5930.15,93650.43
EVT00000059,2021,2021-09-25,POL00323,Motor,Private Motor,South,Broker,Expired,209214.64,161366.25,True,211488.47,Repudiated,48515.89,31967.22,184915.0
EVT00000060,2021,2021-04-17,POL00195,Travel,Travel,West,Direct,Expired,217886.63,180049.54,False,0,,50743.46,31857.55,216173.72
EVT00000061,2021,2021-12-26,POL00321,Health,Retail Health,East,Agent,Active,44848.47,34477.99,True,38016.41,Repudiated,6161.18,3592.0,42877.08
EVT00000062,2021,2021-05-17,POL00233,Motor,Private Motor,South,Direct,Expired,140512.3,128610.31,False,0,,24946.79,16972.92,133085.55
EVT00000063,2021,2021-07-26,POL00073,Motor,Private Motor,North,Broker,Expired,134149.34,128254.83,False,0,,24381.11,14881.29,120145.98
EVT00000064,2021,2021-12-12,POL00140,SME,SME Package,Central,Bancassurance,Active,134783.77,131057.77,False,0,,31150.43,7192.39,119194.5
EVT00000065,2021,2021-08-12,POL00295,SME,SME Package,North,Direct,Active,169779.11,134770.26,False,0,,31013.35,14628.23,169701.32
EVT00000066,2021,2021-07-25,POL00326,Travel,Travel,North,Bancassurance,Active,78661.38,72174.44,False,0,,11715.91,11026.56,70262.91
EVT00000067,2021,2021-10-05,POL00390,SME,SME Package,North,Bancassurance,Active,61508.56,47913.96,False,0,,19035.25,9671.64,52292.9
EVT00000068,2021,2021-05-28,POL00237,Travel,Travel,North,Broker,Active,139998.38,122445.84,False,0,,9167.59,11860.29,121749.87
EVT00000069,2021,2021-08-25,POL00225,Travel,Travel,North,Agent,Cancelled,137080.79,111011.36,True,137264.49,Repudiated,10687.2,24536.56,135290.44
EVT00000070,2021,2021-11-03,POL00061,Health,Retail Health,West,Direct,Active,65966.08,63240.43,False,0,,8121.7,8025.73,59866.72
EVT00000071,2021,2021-10-28,POL00261,Health,Retail Health,North,Direct,Expired,189135.42,157922.18,False,0,,24616.32,9519.84,181363.4
EVT00000072,2021,2021-12-24,POL00297,Travel,Travel,South,Bancassurance,Active,81166.28,72073.98,False,0,,15145.9,7453.59,71288.17
EVT00000073,2021,2021-11-30,POL00123,SME,SME Package,West,Broker,Expired,95084.32,78876.63,False,0,,30810.08,9466.6,94919.07
EVT00000074,2021,2021-03-15,POL00078,Travel,Travel,North,Broker,Active,133118.25,128781.93,False,0,,24239.75,15757.69,122274.33
EVT00000075,2021,2021-10-01,POL00210,Health,Retail Health,North,Bancassurance,Expired,64184.83,58139.57,False,0,,4755.75,5950.8,61049.63
EVT00000076,2021,2021-11-21,POL00195,Property,Commercial Property,West,Agent,Active,57771.29,53213.13,False,0,,6831.22,3567.34,57583.57
EVT00000077,2021,2021-09-29,POL00361,Motor,Private Motor,West,Broker,Active,199525.9,151938.52,False,0,,27536.64,19699.06,173953.76
EVT00000078,2021,2021-11-23,POL00211,SME,SME Package,South,Broker,Active,137212.26,116031.64,False,0,,27346.43,17262.73,121409.29
EVT00000079,2021,2021-06-03,POL00131,Travel,Travel,East,Agent,Expired,106633.69,87643.07,False,0,,7694.53,18434.9,106436.18
EVT00000080,2021,2021-12-25,POL00328,Travel,Travel,East,Bancassurance,Expired,50234.0,42506.67,False,0,,6086.44,6246.6,47030.17
EVT00000081,2021,2021-05-27,POL00152,Motor,Private Motor,West,Direct,Active,191394.29,180786.82,False,0,,61855.78,28110.53,186595.24
EVT00000082,2021,2021-02-19,POL00398,Health,Retail Health,Central,Direct,Active,48307.98,39257.8,False,0,,13537.89,6691.19,42052.91
EVT00000083,2021,2021-10-04,POL00322,Motor,Private Motor,East,Bancassurance,Active,85350.58,66816.95,False,0,,12633.23,8877.77,75118.69
EVT00000084,2021,2021-02-28,POL00188,SME,SME Package,Central,Direct,Expired,62477.66,59739.42,False,0,,18240.14,9187.51,56280.33
EVT00000085,2021,2021-01-08,POL00240,Motor,Private Motor,South,Broker,Expired,161533.94,160723.94,False,0,,47067.16,15757.76,156462.15
EVT00000086,2021,2021-08-30,POL00136,SME,SME Package,North,Bancassurance,Active,166790.46,136024.35,False,0,,40290.7,16394.1,158655.34
EVT00000087,2021,2021-03-13,POL00013,SME,SME Package,Central,Direct,Expired,54929.85,42065.51,False,0,,17732.25,4904.4,50054.52
EVT00000088,2021,2021-10-04,POL00024,Motor,Private Motor,East,Bancassurance,Active,57777.61,51097.75,False,0,,9319.73,10019.76,55147.15
EVT00000089,2021,2021-08-16,POL00215,SME,SME Package,South,Bancassurance,Active,184742.93,166991.55,False,0,,24741.15,25815.33,163052.35
EVT00000090,2021,2021-08-21,POL00121,Property,Commercial Property,North,Direct,Active,215302.62,180782.82,False,0,,23025.02,14184.3,210394.79
EVT00000091,2021,2021-10-28,POL00047,Health,Retail Health,Central,Agent,Active,78703.94,78483.98,False,0,,8780.34,12425.49,73441.1
EVT00000092,2021,2021-02-26,POL00111,Health,Retail Health,East,Broker,Expired,134348.11,110073.92,False,0,,46519.13,16152.41,130287.72
EVT00000093,2021,2021-09-01,POL00339,Motor,Private Motor,South,Agent,Active,175147.49,157144.65,True,85865.11,Closed,47730.39,20735.91,168465.58
EVT00000094,2021,2021-11-26,POL00230,Property,Commercial Property,Central,Agent,Active,54968.55,49679.3,False,0,,17734.26,7456.89,49210.29
EVT00000095,2021,2021-03-06,POL00016,Motor,Private Motor,West,Bancassurance,Active,30887.91,28667.08,False,0,,9877.34,2837.81,26941.98
EVT00000096,2021,2021-12-02,POL00141,SME,SME Package,Central,Direct,Active,134647.07,110912.08,False,0,,24109.88,20614.8,116760.84
EVT00000097,2021,2021-12-07,POL00334,SME,SME Package,South,Bancassurance,Active,56440.64,47112.86,False,0,,9865.65,3519.7,51587.57
EVT00000098,2021,2021-06-18,POL00131,Property,Commercial Property,South,Bancassurance,Active,184335.64,142548.14,True,245919.19,Closed,39984.47,23270.62,172213.35
EVT00000099,2021,2021-02-23,POL00344,Motor,Private Motor,West,Direct,Expired,207519.53,177581.56,False,0,,13578.8,18135.51,186117.49
EVT00000100,2021,2021-08-08,POL00296,SME,SME Package,South,Broker,Active,55539.91,43157.54,False,0,,8901.29,8283.15,51991.74
EVT00000101,2021,2021-03-15,POL00288,SME,SME Package,Central,Agent,Active,147460.22,136160.02,True,74713.91,Settled,48140.05,14102.07,129353.7
EVT00000102,2021,2021-06-09,POL00290,Travel,Travel,North,Broker,Expired,214023.79,165427.42,False,0,,34855.56,23323.02,186973.62
EVT00000103,2021,2021-05-20,POL00370,Property,Commercial Property,Central,Agent,Expired,40982.94,38466.96,True,8773.47,Repudiated,10187.61,4636.65,37552.94
EVT00000104,2021,2021-11-03,POL00111,SME,SME Package,North,Direct,Active,68048.25,62578.64,False,0,,17021.57,3804.19,61875.56
EVT00000105,2021,2021-03-08,POL00029,Motor,Private Motor,South,Direct,Expired,170678.1,160614.96,False,0,,14677.51,19569.97,156101.89
EVT00000106,2021,2021-08-02,POL00195,SME,SME Package,South,Direct,Active,190694.04,145037.23,True,316424.85,Settled,42472.85,23749.41,182384.52
EVT00000107,2021,2021-02-24,POL00149,Motor,Private Motor,West,Agent,Cancelled,44437.11,43855.14,False,0,,11415.14,4312.21,40682.47
EVT00000108,2021,2021-02-28,POL00125,Travel,Travel,Central,Bancassurance,Active,91902.54,76055.66,False,0,,13778.08,6603.86,85154.37
EVT00000109,2021,2021-12-02,POL00272,SME,SME Package,South,Direct,Active,211143.35,192427.76,True,41763.27,Settled,23052.96,27092.2,203549.01
EVT00000110,2021,2021-11-18,POL00039,Health,Retail Health,West,Bancassurance,Expired,169093.96,145797.26,False,0,,37090.34,22419.96,159570.3
EVT00000111,2021,2021-01-20,POL00162,Health,Retail Health,West,Agent,Active,141853.65,134630.81,False,0,,22069.97,8460.83,130400.58
EVT00000112,2021,2021-01-22,POL00030,Property,Commercial Property,East,Agent,Active,215202.13,166259.6,False,0,,35582.54,26995.56,213724.71
EVT00000113,2021,2021-02-13,POL00231,SME,SME Package,South,Direct,Active,114289.87,113081.89,False,0,,33520.08,18155.98,113987.9
EVT00000114,2021,2021-06-23,POL00259,Health,Retail Health,North,Broker,Expired,218089.04,192140.18,False,0,,34713.1,36929.41,198049.38
EVT00000115,2021,2021-03-18,POL00348,SME,SME Package,North,Direct,Active,28035.26,25781.08,False,0,,7488.78,3794.67,27641.4
EVT00000116,2021,2021-10-14,POL00171,Motor,Private Motor,Central,Broker,Expired,73769.13,67425.99,False,0,,6542.25,10486.17,63641.21
EVT00000117,2021,2021-09-06,POL00193,Property,Commercial Property,South,Agent,Active,97762.15,82164.89,False,0,,10174.97,7610.3,96994.74
EVT00000118,2021,2021-06-22,POL00099,Health,Retail Health,South,Broker,Active,187018.82,144992.92,False,0,,56205.88,30835.42,160024.92
EVT00000119,2021,2021-07-06,POL00393,SME,SME Package,South,Bancassurance,Active,46339.35,42781.02,False,0,,14865.51,6661.46,39692.15
EVT00000120,2021,2021-10-20,POL00347,Health,Retail Health,West,Direct,Expired,174165.68,140813.08,True,302816.04,Repudiated,55940.68,13101.11,165761.49
EVT00000121,2021,2021-02-22,POL00226,Travel,Travel,East,Bancassurance,Active,96756.1,76487.1,True,106494.79,Settled,6352.42,10882.82,87630.24
EVT00000122,2021,2021-08-19,POL00365,SME,SME Package,North,Direct,Active,41986.21,36205.96,False,0,,12567.06,2599.9,41422.58
EVT00000123,2021,2021-03-16,POL00179,Motor,Private Motor,West,Agent,Active,87279.84,73886.01,True,37602.26,Settled,28736.69,13885.6,82697.13
EVT00000124,2021,2021-03-18,POL00071,Motor,Private Motor,East,Bancassurance,Active,37424.05,34669.04,False,0,,1930.16,2256.65,33247.1
EVT00000125,2021,2021-10-02,POL00281,SME,SME Package,Central,Bancassurance,Active,69077.53,57008.84,True,53941.44,Repudiated,4755.45,10967.4,63894.95
EVT00000126,2021,2021-09-26,POL00009,SME,SME Package,Central,Broker,Expired,69749.66,52339.52,False,0,,15428.56,5185.94,66278.38
EVT00000127,2021,2021-06-26,POL00185,Motor,Private Motor,Central,Agent,Active,107668.64,97861.93,False,0,,13576.49,5610.77,104253.18
EVT00000128,2021,2021-09-03,POL00124,Motor,Private Motor,Central,Direct,Active,82687.4,69013.95,False,0,,24733.05,11494.27,82449.5
EVT00000129,2021,2021-10-06,POL00324,Health,Retail Health,South,Agent,Expired,208044.29,157956.78,True,296881.03,Open,30099.59,18788.45,189264.88
EVT00000130,2021,2021-07-24,POL00243,Property,Commercial Property,North,Broker,Active,190773.37,145359.96,False,0,,25175.4,29362.79,174661.17
EVT00000131,2021,2021-02-10,POL00381,Travel,Travel,West,Direct,Cancelled,113195.08,98975.61,False,0,,23293.6,17448.94,108561.12
EVT00000132,2021,2021-06-29,POL00221,SME,SME Package,South,Direct,Active,24974.61,22857.51,False,0,,5763.8,2632.2,23812.41
EVT00000133,2021,2021-01-16,POL00229,Motor,Private Motor,East,Bancassurance,Active,215765.78,212955.67,True,248683.56,Settled,44000.21,31822.59,188578.86
EVT00000134,2021,2021-08-19,POL00074,SME,SME Package,West,Agent,Active,58031.02,52883.13,False,0,,19431.11,3145.87,50661.99
EVT00000135,2021,2021-09-13,POL00190,Property,Commercial Property,West,Agent,Active,120245.49,102149.57,False,0,,15016.68,7785.69,115477.9
EVT00000136,2021,2021-03-04,POL00266,Travel,Travel,Central,Agent,Active,63181.43,54435.12,False,0,,8572.02,10686.65,58359.43
EVT00000137,2021,2021-02-03,POL00070,Motor,Private Motor,West,Broker,Expired,102363.57,79019.32,False,0,,31083.35,9371.02,92343.59
EVT00000138,2021,2021-04-13,POL00282,SME,SME Package,East,Direct,Expired,158903.53,156016.43,False,0,,45781.52,18454.78,137960.74
EVT00000139,2021,2021-07-23,POL00072,Health,Retail Health,West,Agent,Active,129322.81,112103.67,False,0,,11500.85,21332.06,111199.8
EVT00000140,2021,2021-06-26,POL00368,Travel,Travel,Central,Bancassurance,Expired,182547.95,140276.72,False,0,,44304.68,19805.85,173788.63
EVT00000141,2021,2021-03-24,POL00066,SME,SME Package,Central,Broker,Expired,35354.99,30960.93,False,0,,10585.89,4149.02,31664.59
EVT00000142,2021,2021-09-15,POL00166,Health,Retail Health,East,Direct,Expired,61128.33,55551.24,False,0,,5351.85,5462.87,56850.67
EVT00000143,2021,2021-02-11,POL00329,Health,Retail Health,Central,Broker,Active,140389.59,136950.08,False,0,,45932.51,7771.3,137521.03
EVT00000144,2021,2021-09-05,POL00024,SME,SME Package,East,Broker,Expired,96316.4,87623.63,False,0,,22937.67,8442.84,95690.11
EVT00000145,2021,2021-06-13,POL00126,Travel,Travel,East,Bancassurance,Active,20701.56,17801.3,False,0,,2302.16,2667.72,18566.97
EVT00000146,2021,2021-07-16,POL00376,Property,Commercial Property,West,Broker,Expired,117175.79,90992.39,True,28474.32,Repudiated,14573.82,7333.51,104700.29
EVT00000147,2021,2021-07-21,POL00316,Travel,Travel,South,Broker,Expired,205955.33,191596.56,True,61593.33,Repudiated,41114.43,18558.69,175778.02
EVT00000148,2021,2021-01-05,POL00259,Travel,Travel,South,Broker,Active,18315.52,15024.94,False,0,,5546.94,2517.06,16353.24
EVT00000149,2021,2021-02-07,POL00056,Travel,Travel,South,Direct,Expired,169937.63,142999.85,False,0,,37570.57,12797.19,158548.99
EVT00000150,2021,2021-03-15,POL00198,SME,SME Package,West,Direct,Expired,140127.21,126501.35,True,27095.83,Settled,40422.38,13183.32,138843.96
EVT00000151,2021,2021-09-21,POL00102,SME,SME Package,Central,Bancassurance,Active,17604.31,13806.34,False,0,,3382.2,1926.06,16564.58
EVT00000152,2021,2021-12-29,POL00072,Property,Commercial Property,Central,Direct,Active,218010.54,203802.76,False,0,,32900.41,34375.38,202717.31
EVT00000153,2021,2021-01-14,POL00289,Property,Commercial Property,West,Agent,Active,150846.96,150088.88,False,0,,43598.76,21766.03,143788.31
EVT00000154,2021,2021-12-15,POL00306,Travel,Travel,East,Broker,Expired,131706.93,104394.6,False,0,,31072.4,20987.73,114870.35
EVT00000155,2021,2021-08-30,POL00125,Motor,Private Motor,Central,Agent,Active,101500.18,86751.7,False,0,,11283.52,11696.53,95584.92
EVT00000156,2021,2021-10-07,POL00377,Motor,Private Motor,South,Broker,Active,219602.05,190964.35,False,0,,74007.13,24102.7,204223.11
EVT00000157,2021,2021-09-08,POL00182,Property,Commercial Property,Central,Bancassurance,Active,60262.06,53604.41,True,105614.55,Settled,16954.87,8535.34,57462.04
EVT00000158,2021,2021-03-16,POL00163,Travel,Travel,East,Direct,Active,129577.08,114779.08,False,0,,21815.56,12292.65,125166.23
EVT00000159,2021,2021-12-23,POL00149,Motor,Private Motor,East,Agent,Active,101783.74,82863.26,False,0,,11259.36,12215.59,100761.18
EVT00000160,2021,2021-02-21,POL00140,Health,Retail Health,North,Broker,Active,150004.8,132418.29,False,0,,9862.42,15559.87,143645.15
EVT00000161,2021,2021-11-27,POL00349,Health,Retail Health,North,Broker,Active,206226.8,199957.49,False,0,,22651.29,36153.38,185227.79
EVT00000162,2021,2021-01-19,POL00031,Motor,Private Motor,Central,Broker,Active,161300.95,158747.13,False,0,,16536.48,26564.95,141359.04
EVT00000163,2021,2021-03-10,POL00204,Travel,Travel,South,Direct,Expired,9964.64,8888.36,True,17682.34,Settled,1856.46,1328.99,9253.64
EVT00000164,2021,2021-06-01,POL00259,Travel,Travel,East,Broker,Expired,78105.03,72854.79,False,0,,20743.09,4048.26,70338.8
EVT00000165,2021,2021-05-08,POL00291,Health,Retail Health,South,Bancassurance,Expired,117239.5,90471.9,False,0,,12361.07,8005.06,105344.41
EVT00000166,2021,2021-05-01,POL00004,Property,Commercial Property,West,Broker,Active,64602.8,53775.78,False,0,,14332.98,5426.76,58396.59
EVT00000167,2021,2021-06-01,POL00032,Motor,Private Motor,West,Direct,Active,153447.61,150497.81,False,0,,43111.46,21442.42,145131.78
EVT00000168,2021,2021-10-03,POL00189,SME,SME Package,South,Broker,Cancelled,109374.56,94471.69,False,0,,17728.24,15449.41,107943.89
EVT00000169,2021,2021-04-14,POL00341,Health,Retail Health,South,Agent,Active,119972.7,100830.6,False,0,,10037.23,18924.57,118225.08
EVT00000170,2021,2021-03-09,POL00294,SME,SME Package,South,Broker,Active,118312.41,92172.47,True,125439.05,Open,37820.55,12767.42,101552.91
EVT00000171,2021,2021-06-26,POL00263,Travel,Travel,West,Agent,Active,150626.75,124574.71,True,71227.14,Open,41232.77,18855.53,129056.02
EVT00000172,2021,2021-08-04,POL00359,Motor,Private Motor,Central,Agent,Expired,22632.06,22257.36,True,18429.7,Closed,6331.28,4010.02,21429.89
EVT00000173,2021,2021-10-03,POL00192,Travel,Travel,West,Bancassurance,Active,152738.84,139824.49,False,0,,37582.95,14542.28,133916.99
EVT00000174,2021,2021-04-28,POL00202,SME,SME Package,South,Broker,Expired,168310.04,167404.98,False,0,,44724.72,17695.55,152638.94
EVT00000175,2021,2021-05-04,POL00127,Travel,Travel,East,Broker,Active,206731.0,192519.48,True,301791.19,Repudiated,48473.66,35497.97,203290.21
EVT00000176,2021,2021-01-29,POL00106,Motor,Private Motor,North,Agent,Active,150469.01,145661.99,True,14848.55,Repudiated,18101.69,11773.45,147393.35
EVT00000177,2021,2021-03-15,POL00072,SME,SME Package,East,Broker,Expired,163081.71,135313.12,False,0,,41057.38,14952.39,146001.29
EVT00000178,2021,2021-09-11,POL00339,SME,SME Package,South,Bancassurance,Active,20923.02,20653.74,False,0,,6768.04,2748.85,19125.32
EVT00000179,2021,2021-08-26,POL00025,Property,Commercial Property,West,Direct,Active,94550.95,78001.9,True,92937.15,Closed,28819.35,8424.09,90403.62
EVT00000180,2021,2021-04-08,POL00030,SME,SME Package,West,Bancassurance,Active,36427.66,29532.44,True,43464.25,Repudiated,11079.11,2259.26,34922.75
EVT00000181,2021,2021-06-20,POL00027,Property,Commercial Property,West,Agent,Expired,47890.62,45037.49,False,0,,10423.64,5379.13,46952.97
EVT00000182,2021,2021-05-03,POL00156,Motor,Private Motor,South,Broker,Cancelled,32871.03,32867.51,False,0,,4035.84,4226.3,28948.76
EVT00000183,2021,2021-08-29,POL00283,Property,Commercial Property,East,Bancassurance,Active,145528.92,120367.78,False,0,,45818.85,16092.66,141224.54
EVT00000184,2021,2021-08-02,POL00390,Property,Commercial Property,South,Direct,Active,17691.67,17090.53,False,0,,970.67,2157.15,16587.79
EVT00000185,2021,2021-09-08,POL00152,Health,Retail Health,South,Direct,Active,128795.38,104508.76,False,0,,42893.93,12091.74,124223.67
EVT00000186,2021,2021-01-31,POL00371,Travel,Travel,West,Broker,Expired,82661.35,64888.3,False,0,,8697.16,13690.16,82541.37
EVT00000187,2021,2021-11-23,POL00269,Motor,Private Motor,North,Agent,Expired,95427.15,91670.77,True,122348.21,Open,11032.9,10428.4,81978.36
EVT00000188,2021,2021-04-02,POL00342,SME,SME Package,West,Bancassurance,Active,120829.05,103047.2,True,157904.77,Settled,6662.85,18814.34,114921.11
EVT00000189,2021,2021-08-24,POL00055,Motor,Private Motor,Central,Broker,Active,139393.54,113341.52,False,0,,40212.37,8401.6,138542.5
EVT00000190,2021,2021-10-10,POL00290,Health,Retail Health,South,Direct,Active,187747.83,171495.24,False,0,,52170.57,11669.48,170266.56
EVT00000191,2021,2021-01-22,POL00244,Motor,Private Motor,North,Broker,Active,187209.92,170590.7,False,0,,64250.21,33061.12,184255.5
EVT00000192,2021,2021-06-11,POL00118,Health,Retail Health,Central,Bancassurance,Active,203921.76,187833.8,False,0,,43416.82,27642.45,178819.64
EVT00000193,2021,2021-10-04,POL00009,Health,Retail Health,Central,Broker,Expired,159094.82,135162.82,True,49033.64,Closed,35002.26,25523.19,151387.51
EVT00000194,2021,2021-11-01,POL00170,Travel,Travel,South,Agent,Active,214556.55,163797.64,False,0,,64710.77,20227.76,207122.35
EVT00000195,2021,2021-07-14,POL00204,Property,Commercial Property,North,Direct,Expired,103516.64,83541.51,False,0,,16834.71,7675.34,97086.32
EVT00000196,2021,2021-02-24,POL00044,SME,SME Package,East,Broker,Expired,25392.06,20023.04,False,0,,6098.42,3711.18,22789.42
EVT00000197,2021,2021-11-02,POL00047,Motor,Private Motor,East,Bancassurance,Active,65190.49,51052.42,True,54322.08,Repudiated,5279.64,4019.02,60831.4
EVT00000198,2021,2021-03-28,POL00307,Property,Commercial Property,West,Agent,Active,90213.51,69570.39,False,0,,29009.26,15982.45,84421.27
EVT00000199,2021,2021-05-07,POL00351,Travel,Travel,South,Broker,Active,64902.24,51044.55,True,34411.09,Settled,12673.42,3894.12,57617.29
EVT00000200,2021,2021-08-14,POL00370,Travel,Travel,Central,Broker,Active,36723.78,27604.97,False,0,,11108.36,3649.82,35964.69
EVT00000201,2021,2021-12-22,POL00172,Travel,Travel,Central,Broker,Active,135880.79,125529.81,False,0,,14035.29,13828.74,122003.37
EVT00000202,2021,2021-04-03,POL00325,Travel,Travel,Central,Broker,Active,67423.63,63814.22,False,0,,22224.19,5122.44,67395.97
EVT00000203,2021,2021-12-11,POL00350,SME,SME Package,North,Bancassurance,Expired,52445.46,49792.84,False,0,,3710.39,8402.41,50833.12
EVT00000204,2021,2021-10-01,POL00256,Health,Retail Health,East,Broker,Active,40678.37,34811.82,False,0,,7514.11,5195.91,38129.33
EVT00000205,2021,2021-12-03,POL00260,Travel,Travel,Central,Agent,Expired,84220.25,82020.03,False,0,,20335.33,5141.45,81301.44
EVT00000206,2021,2021-02-20,POL00341,Property,Commercial Property,South,Agent,Active,144746.62,131963.45,False,0,,21636.58,22220.06,125334.89
EVT00000207,2021,2021-02-23,POL00133,Health,Retail Health,Central,Broker,Active,90920.44,85745.75,False,0,,18196.79,8623.42,77617.36
EVT00000208,2021,2021-02-19,POL00152,Travel,Travel,North,Agent,Expired,162791.95,136270.24,False,0,,46441.45,19167.93,146878.23
EVT00000209,2021,2021-05-05,POL00225,Travel,Travel,East,Agent,Active,179759.42,139991.48,False,0,,43931.58,24811.85,157227.14
EVT00000210,2021,2021-07-22,POL00265,Health,Retail Health,Central,Broker,Active,98390.31,85158.15,False,0,,23508.21,7303.54,93332.67
EVT00000211,2021,2021-07-07,POL00015,SME,SME Package,South,Bancassurance,Active,90433.19,83757.76,True,123206.37,Open,20185.08,13920.86,84151.1
EVT00000212,2021,2021-06-28,POL00167,Health,Retail Health,West,Agent,Active,190878.95,168341.63,False,0,,43728.7,24713.12,179054.13
EVT00000213,2021,2021-06-06,POL00181,Travel,Travel,Central,Broker,Expired,157669.53,129976.64,False,0,,11892.32,10629.01,136806.58
EVT00000214,2021,2021-11-27,POL00060,Health,Retail Health,East,Broker,Active,96666.69,75831.81,False,0,,10220.19,12819.47,92221.47
EVT00000215,2021,2021-04-10,POL00089,SME,SME Package,South,Bancassurance,Active,47664.9,45781.96,False,0,,14759.75,8281.27,43979.99
EVT00000216,2021,2021-04-23,POL00197,SME,SME Package,Central,Bancassurance,Active,112245.89,104112.06,False,0,,11244.35,13862.56,108809.16
EVT00000217,2021,2021-02-28,POL00150,Motor,Private Motor,East,Broker,Active,43660.3,37736.92,False,0,,12215.1,5303.17,37852.68
EVT00000218,2021,2021-01-17,POL00138,SME,SME Package,East,Agent,Expired,101569.71,81726.59,False,0,,27504.73,13709.61,90105.51
EVT00000219,2021,2021-11-12,POL00231,Property,Commercial Property,East,Agent,Active,218719.03,206450.62,True,319736.89,Settled,67434.27,28287.81,199958.42
EVT00000220,2021,2021-12-14,POL00072,Health,Retail Health,South,Agent,Active,120843.53,108664.24,True,213013.5,Settled,16531.39,10242.04,118269.87
EVT00000221,2021,2021-12-13,POL00049,Health,Retail Health,West,Agent,Cancelled,191814.09,149945.3,False,0,,23958.19,27329.93,186879.15
EVT00000222,2021,2021-12-22,POL00202,Travel,Travel,South,Direct,Active,87536.53,67305.01,False,0,,24568.46,8961.17,84251.32
EVT00000223,2021,2021-08-08,POL00189,Travel,Travel,West,Direct,Active,192208.45,184864.52,True,336423.45,Settled,58629.7,29492.11,174843.84
EVT00000224,2021,2021-01-25,POL00109,Travel,Travel,East,Direct,Expired,79604.09,71204.54,False,0,,15570.67,7537.4,75813.57
EVT00000225,2021,2021-06-04,POL00024,Motor,Private Motor,West,Agent,Active,189822.14,163308.07,True,327466.06,Closed,66192.54,31932.44,186466.5
EVT00000226,2021,2021-02-16,POL00082,Property,Commercial Property,North,Direct,Active,86830.88,84742.6,True,63757.41,Settled,23253.01,12866.62,79396.82
EVT00000227,2021,2021-08-05,POL00361,Motor,Private Motor,North,Broker,Active,36132.36,29142.47,False,0,,1907.29,5073.98,35141.12
EVT00000228,2021,2021-03-10,POL00356,Health,Retail Health,West,Agent,Active,26938.19,25631.4,True,19719.92,Settled,2455.11,4055.54,25940.77
EVT00000229,2021,2021-02-21,POL00329,Health,Retail Health,North,Agent,Active,42792.71,35851.6,True,58392.01,Repudiated,10048.7,4600.64,37768.28
EVT00000230,2021,2021-12-20,POL00072,Motor,Private Motor,Central,Bancassurance,Active,99030.41,93857.97,True,115972.81,Closed,21392.45,12675.99,93201.38
EVT00000231,2021,2021-09-13,POL00014,Property,Commercial Property,South,Broker,Expired,70654.91,53955.08,False,0,,23768.41,8078.36,61251.56
EVT00000232,2021,2021-08-30,POL00327,SME,SME Package,North,Agent,Cancelled,205991.97,161290.83,False,0,,45424.14,20084.96,196195.26
EVT00000233,2021,2021-08-01,POL00395,Motor,Private Motor,North,Agent,Active,53737.5,52697.4,False,0,,9102.73,4688.24,51421.11
EVT00000234,2021,2021-12-15,POL00217,Travel,Travel,North,Broker,Active,73700.26,64696.02,True,107773.45,Settled,12324.12,9762.21,71870.94
EVT00000235,2021,2021-12-03,POL00330,Motor,Private Motor,East,Bancassurance,Expired,187451.24,143302.07,True,148296.63,Repudiated,43805.3,10713.54,178062.17
EVT00000236,2021,2021-03-27,POL00380,Health,Retail Health,North,Agent,Expired,156717.92,123957.32,False,0,,32425.19,23787.95,150153.76
EVT00000237,2021,2021-10-18,POL00191,Health,Retail Health,East,Agent,Expired,14223.53,13537.63,True,4443.66,Open,2828.27,1655.64,12208.28
EVT00000238,2021,2021-08-30,POL00086,Property,Commercial Property,South,Direct,Expired,197584.91,181487.69,True,264238.16,Open,12489.61,32044.46,175195.12
EVT00000239,2021,2021-08-02,POL00187,Travel,Travel,South,Broker,Expired,189786.86,168571.76,False,0,,51659.94,19836.14,170479.9
EVT00000240,2021,2021-05-25,POL00369,Property,Commercial Property,East,Agent,Active,33313.0,30592.37,True,15713.38,Open,11200.62,1964.15,30640.1
EVT00000241,2021,2021-10-30,POL00397,Property,Commercial Property,East,Agent,Active,9689.46,7753.19,False,0,,1367.89,1268.87,8910.32
EVT00000242,2021,2021-06-21,POL00253,Health,Retail Health,Central,Broker,Active,205668.28,155480.61,False,0,,49521.33,28824.39,175114.04
EVT00000243,2021,2021-01-23,POL00001,Travel,Travel,East,Agent,Active,216420.54,185029.6,False,0,,73965.57,14826.66,193041.45
EVT00000244,2021,2021-02-01,POL00119,SME,SME Package,West,Direct,Active,166554.67,149098.52,False,0,,40167.11,16866.27,156358.92
EVT00000245,2021,2021-02-08,POL00223,Health,Retail Health,South,Direct,Active,74781.89,71058.07,False,0,,20236.42,6831.14,66615.21
EVT00000246,2021,2021-06-07,POL00104,Health,Retail Health,Central,Agent,Active,42847.5,37127.95,False,0,,9031.28,7515.56,37754.88
EVT00000247,2021,2021-02-16,POL00238,Property,Commercial Property,North,Agent,Active,153443.63,146783.67,False,0,,9528.69,24346.93,137971.76
EVT00000248,2021,2021-10-09,POL00365,Health,Retail Health,East,Bancassurance,Active,151562.88,123530.07,False,0,,8991.41,15545.95,139108.98
EVT00000249,2021,2021-07-10,POL00128,Motor,Private Motor,West,Agent,Expired,37636.12,28339.59,False,0,,12975.81,2521.36,36640.68
EVT00000250,2021,2021-03-04,POL00352,Motor,Private Motor,Central,Direct,Expired,23897.28,23880.32,True,28849.23,Closed,1854.28,3827.05,23212.22
EVT00000251,2021,2021-04-06,POL00022,Travel,Travel,North,Broker,Expired,99829.15,92951.69,False,0,,16453.72,10528.61,90154.86
EVT00000252,2021,2021-05-24,POL00141,Property,Commercial Property,West,Broker,Active,139265.43,113006.4,False,0,,24176.15,16933.22,119649.46
EVT00000253,2021,2021-07-03,POL00197,Health,Retail Health,West,Broker,Active,177005.96,143779.63,False,0,,37719.44,9299.7,160610.73
EVT00000254,2021,2021-08-30,POL00246,SME,SME Package,West,Direct,Expired,114507.37,96998.66,True,67768.26,Closed,6732.01,17793.26,102156.59
EVT00000255,2021,2021-07-18,POL00272,Property,Commercial Property,Central,Broker,Cancelled,29228.48,26721.15,True,43496.94,Open,8161.03,5062.79,27368.2
EVT00000256,2021,2021-10-16,POL00182,Health,Retail Health,South,Broker,Active,178916.57,165391.67,False,0,,10459.82,25240.28,177509.18
EVT00000257,2021,2021-04-14,POL00073,SME,SME Package,South,Bancassurance,Active,45218.03,34342.68,True,50165.82,Open,9402.39,2264.92,44661.14
EVT00000258,2021,2021-07-22,POL00067,Property,Commercial Property,South,Direct,Active,39314.95,36412.49,True,10516.75,Settled,13295.04,3875.15,38972.46
EVT00000259,2021,2021-12-29,POL00301,Motor,Private Motor,East,Direct,Active,214882.46,200504.25,False,0,,51954.24,24353.92,192876.89
EVT00000260,2021,2021-12-26,POL00288,SME,SME Package,East,Broker,Active,180664.3,152588.35,False,0,,24995.84,13206.94,153613.38
EVT00000261,2021,2021-06-19,POL00294,Travel,Travel,Central,Agent,Active,75461.99,71855.04,False,0,,18253.81,4794.43,69759.16
EVT00000262,2021,2021-02-04,POL00382,Motor,Private Motor,South,Direct,Cancelled,43592.13,42342.35,True,56502.7,Settled,8020.47,3682.56,38685.01
EVT00000263,2021,2021-10-23,POL00180,Property,Commercial Property,North,Agent,Active,100902.67,86263.04,True,76954.09,Repudiated,15677.18,9968.7,98311.6
EVT00000264,2021,2021-07-12,POL00334,Health,Retail Health,South,Bancassurance,Active,187301.65,154285.45,False,0,,62839.45,11171.8,163985.55
EVT00000265,2021,2021-08-11,POL00083,Motor,Private Motor,Central,Agent,Active,216878.53,211089.29,False,0,,38907.36,29272.65,204103.87
EVT00000266,2021,2021-05-02,POL00081,Motor,Private Motor,North,Direct,Active,48276.66,44622.08,False,0,,12986.05,4078.63,43073.81
EVT00000267,2021,2021-01-14,POL00050,Motor,Private Motor,West,Bancassurance,Active,84495.73,72404.52,False,0,,21006.15,10817.82,74352.12
EVT00000268,2021,2021-07-18,POL00106,Health,Retail Health,East,Agent,Active,32487.89,30740.66,False,0,,10346.2,2743.62,30742.64
EVT00000269,2021,2021-12-09,POL00095,Property,Commercial Property,West,Direct,Active,17458.79,15013.43,True,26794.65,Open,1664.51,2453.68,15093.22
EVT00000270,2021,2021-05-01,POL00177,SME,SME Package,West,Broker,Active,186249.0,177793.54,False,0,,39234.16,30302.01,171576.99
EVT00000271,2021,2021-03-03,POL00244,Property,Commercial Property,North,Bancassurance,Expired,159432.81,139587.47,False,0,,46257.05,22014.41,150351.67
EVT00000272,2021,2021-11-18,POL00388,Travel,Travel,South,Broker,Cancelled,179393.67,140204.49,False,0,,62157.03,19123.57,179320.19
EVT00000273,2021,2021-08-23,POL00076,SME,SME Package,East,Direct,Expired,201804.87,154734.49,False,0,,34146.7,18646.06,179894.94
EVT00000274,2021,2021-02-21,POL00007,SME,SME Package,Central,Bancassurance,Active,39724.17,35420.0,False,0,,13484.35,2503.68,34394.98
EVT00000275,2021,2021-12-15,POL00147,SME,SME Package,East,Bancassurance,Active,146814.99,131106.64,False,0,,14925.2,15031.89,138407.88
EVT00000276,2021,2021-06-05,POL00356,Travel,Travel,North,Bancassurance,Expired,78276.74,63356.79,False,0,,25537.83,13042.01,66772.79
EVT00000277,2021,2021-11-06,POL00160,Property,Commercial Property,West,Agent,Cancelled,56326.97,46476.52,False,0,,15895.99,5165.91,54035.58
EVT00000278,2021,2021-03-23,POL00331,Motor,Private Motor,South,Bancassurance,Active,182681.52,170850.37,False,0,,56659.9,28632.09,169398.83
EVT00000279,2021,2021-07-04,POL00034,Property,Commercial Property,Central,Bancassurance,Active,188474.61,182788.92,True,67817.54,Closed,56748.39,15536.67,173107.77
EVT00000280,2021,2021-08-31,POL00361,Health,Retail Health,East,Direct,Expired,115086.79,104596.91,True,9239.67,Settled,22630.21,12428.62,114405.25
EVT00000281,2021,2021-10-20,POL00301,SME,SME Package,East,Direct,Active,197632.29,185228.94,False,0,,26783.29,19813.34,172816.81
EVT00000282,2021,2021-01-05,POL00400,Health,Retail Health,South,Broker,Active,65045.72,55443.46,True,92018.83,Open,12503.68,4371.13,56978.76
EVT00000283,2021,2021-06-04,POL00115,Property,Commercial Property,Central,Direct,Expired,158386.06,129693.58,False,0,,48383.12,17370.16,139812.34
EVT00000284,2021,2021-05-25,POL00347,SME,SME Package,Central,Bancassurance,Active,9557.69,9556.33,False,0,,2884.64,1175.49,8975.3
EVT00000285,2021,2021-01-30,POL00153,Motor,Private Motor,West,Agent,Active,66614.45,55375.54,True,79704.33,Settled,7094.97,7810.42,59023.42
EVT00000286,2021,2021-04-08,POL00308,Travel,Travel,East,Broker,Expired,146944.92,146851.94,True,112455.29,Repudiated,39824.96,18484.65,146829.28
EVT00000287,2021,2021-02-19,POL00176,Health,Retail Health,Central,Bancassurance,Expired,150436.12,131906.71,False,0,,45460.53,24663.15,131958.11
EVT00000288,2021,2021-10-27,POL00242,Health,Retail Health,East,Broker,Expired,198713.33,181546.22,True,82210.84,Settled,35001.72,32845.26,179985.07
EVT00000289,2021,2021-12-15,POL00151,Travel,Travel,North,Bancassurance,Active,142492.11,127541.59,False,0,,27310.88,10728.33,123679.22
EVT00000290,2021,2021-02-11,POL00196,SME,SME Package,East,Bancassurance,Active,189098.83,148318.02,True,141052.28,Repudiated,17580.0,30655.04,165849.79
EVT00000291,2021,2021-02-15,POL00250,Property,Commercial Property,South,Direct,Active,8999.26,7364.83,False,0,,905.16,1344.34,8310.25
EVT00000292,2021,2021-09-29,POL00067,SME,SME Package,West,Bancassurance,Active,212649.5,179865.14,True,78731.37,Settled,71241.96,35291.49,204893.57
EVT00000293,2021,2021-05-29,POL00098,Motor,Private Motor,North,Broker,Active,193920.85,160570.94,True,177183.38,Settled,19412.65,30464.91,173506.87
EVT00000294,2021,2021-07-26,POL00234,SME,SME Package,Central,Direct,Active,153597.39,120335.47,False,0,,30266.92,22657.92,134356.63
EVT00000295,2021,2021-11-16,POL00010,Health,Retail Health,South,Broker,Active,12645.61,11079.56,True,17053.03,Open,2055.64,1684.92,12211.71
EVT00000296,2021,2021-03-20,POL00025,SME,SME Package,North,Agent,Active,12185.25,11240.13,False,0,,1999.31,1476.2,11224.56
EVT00000297,2021,2021-11-13,POL00106,Motor,Private Motor,East,Bancassurance,Active,148446.39,121354.08,False,0,,13530.75,23452.28,128515.55
EVT00000298,2021,2021-03-24,POL00061,Property,Commercial Property,North,Agent,Active,137108.38,129497.46,False,0,,46882.28,13235.05,124969.27
EVT00000299,2021,2021-02-16,POL00021,SME,SME Package,West,Broker,Active,109900.76,88868.65,True,20339.65,Open,33032.83,15053.42,95874.31
EVT00000300,2021,2021-01-21,POL00400,SME,SME Package,North,Agent,Expired,144599.4,124961.04,False,0,,18687.67,8171.37,140547.26
EVT00000301,2021,2021-05-18,POL00149,Property,Commercial Property,East,Bancassurance,Expired,28139.68,26438.66,True,43598.95,Closed,4181.51,4679.31,27950.11
EVT00000302,2021,2021-02-27,POL00376,Motor,Private Motor,East,Direct,Active,92964.83,92088.87,True,66387.21,Repudiated,26956.99,12489.83,90132.79
EVT00000303,2021,2021-01-15,POL00068,Motor,Private Motor,South,Agent,Active,133239.06,126652.55,False,0,,13907.25,13239.65,120420.11
EVT00000304,2021,2021-09-25,POL00351,Health,Retail Health,West,Bancassurance,Active,95192.26,72488.25,True,55900.72,Closed,32686.04,13048.93,85743.96
EVT00000305,2021,2021-11-10,POL00353,SME,SME Package,North,Bancassurance,Active,60698.32,50770.34,False,0,,10043.33,9655.54,56677.16
EVT00000306,2021,2021-04-25,POL00028,Motor,Private Motor,South,Bancassurance,Expired,192316.11,147836.53,False,0,,23514.02,33870.49,164921.18
EVT00000307,2021,2021-02-22,POL00282,Travel,Travel,West,Broker,Active,102168.04,91262.49,True,93171.95,Settled,8746.82,11714.44,96855.91
EVT00000308,2021,2021-08-22,POL00207,Travel,Travel,North,Agent,Expired,175858.06,174238.9,False,0,,55752.86,21648.7,166746.75
EVT00000309,2021,2021-02-19,POL00175,Property,Commercial Property,North,Broker,Expired,78378.2,73820.83,False,0,,20770.02,7620.58,71941.77
EVT00000310,2021,2021-09-10,POL00389,Health,Retail Health,North,Direct,Active,142336.17,135216.26,False,0,,23082.25,9084.16,140134.45
EVT00000311,2021,2021-02-25,POL00072,Travel,Travel,North,Direct,Active,47759.2,46926.0,False,0,,8936.41,7239.56,45730.3
EVT00000312,2021,2021-01-25,POL00388,Travel,Travel,North,Agent,Expired,103506.97,94668.94,False,0,,9356.08,11887.54,96215.39
EVT00000313,2021,2021-12-03,POL00284,Travel,Travel,Central,Bancassurance,Expired,173589.28,169691.4,False,0,,17722.61,27076.76,150247.27
EVT00000314,2021,2021-07-31,POL00308,SME,SME Package,East,Bancassurance,Active,137106.66,126567.12,True,99997.52,Settled,46773.59,14926.79,119283.59
EVT00000315,2021,2021-12-30,POL00309,SME,SME Package,East,Direct,Expired,206328.56,187376.42,True,232937.98,Settled,52816.68,35025.29,179485.37
EVT00000316,2021,2021-10-01,POL00333,Health,Retail Health,Central,Direct,Expired,169284.31,150759.54,False,0,,56338.17,24091.88,161012.49
EVT00000317,2021,2021-02-01,POL00147,Travel,Travel,North,Agent,Active,38809.26,35609.96,True,53154.87,Closed,13391.51,5388.31,33840.29
EVT00000318,2021,2021-07-19,POL00354,Property,Commercial Property,South,Agent,Active,103950.03,93973.66,False,0,,22719.89,8228.68,98447.74
EVT00000319,2021,2021-05-09,POL00122,SME,SME Package,East,Agent,Expired,90161.59,89185.64,False,0,,12964.89,10979.54,76812.7
EVT00000320,2021,2021-04-10,POL00104,SME,SME Package,West,Broker,Expired,157381.36,143517.34,False,0,,33677.18,20214.11,152096.81
EVT00000321,2021,2021-10-27,POL00151,Travel,Travel,South,Agent,Active,44844.57,39394.24,False,0,,8007.1,5487.08,38992.8
EVT00000322,2021,2021-12-05,POL00131,Motor,Private Motor,East,Bancassurance,Expired,40818.81,32182.6,False,0,,2663.7,6988.57,38465.25
EVT00000323,2021,2021-10-06,POL00155,Travel,Travel,Central,Direct,Active,158028.49,139278.21,False,0,,32582.61,24054.08,138101.98
EVT00000324,2021,2021-10-15,POL00275,Travel,Travel,North,Direct,Active,53231.01,44339.88,False,0,,6149.97,7869.95,49482.21
EVT00000325,2021,2021-02-28,POL00386,Motor,Private Motor,North,Direct,Active,199753.25,180462.13,False,0,,67450.49,27712.1,179406.49
EVT00000326,2021,2021-11-30,POL00198,Property,Commercial Property,Central,Direct,Active,117575.98,110829.89,False,0,,23823.32,13319.55,105167.61
EVT00000327,2021,2021-04-20,POL00099,Property,Commercial Property,Central,Agent,Expired,43487.7,43012.34,False,0,,2270.02,2544.52,41337.24
EVT00000328,2021,2021-03-20,POL00351,Travel,Travel,North,Broker,Active,156981.49,156048.39,False,0,,38298.51,27027.13,151021.47
EVT00000329,2021,2021-07-18,POL00013,Travel,Travel,East,Agent,Active,19504.83,18501.38,False,0,,4339.6,1552.47,17335.84
EVT00000330,2021,2021-12-25,POL00231,Travel,Travel,West,Direct,Active,150739.33,133209.64,False,0,,35499.84,22350.86,141369.55
EVT00000331,2021,2021-01-16,POL00038,Property,Commercial Property,Central,Agent,Active,153406.28,138317.46,False,0,,50318.37,15276.77,149313.15
EVT00000332,2021,2021-11-28,POL00243,Health,Retail Health,Central,Broker,Active,90890.42,86288.74,False,0,,30724.62,6246.88,86490.72
EVT00000333,2021,2021-06-26,POL00192,Motor,Private Motor,Central,Broker,Active,9066.33,8152.12,False,0,,3029.0,812.43,8724.03
EVT00000334,2021,2021-08-25,POL00109,Travel,Travel,Central,Broker,Active,54807.05,52542.81,True,20347.38,Open,16738.97,9383.41,54760.3
EVT00000335,2021,2021-05-01,POL00331,SME,SME Package,North,Direct,Active,61145.77,48877.14,False,0,,20512.08,5896.16,58130.94
EVT00000336,2021,2021-07-06,POL00052,Property,Commercial Property,Central,Agent,Expired,75370.62,65019.33,False,0,,10680.22,9492.33,70458.93
EVT00000337,2021,2021-06-19,POL00162,Travel,Travel,South,Agent,Active,174559.94,162000.31,False,0,,23217.16,16885.74,166170.07
EVT00000338,2021,2021-10-03,POL00246,Travel,Travel,West,Direct,Expired,111237.93,86455.03,False,0,,8297.47,9619.86,108342.02
EVT00000339,2021,2021-01-19,POL00101,Property,Commercial Property,North,Agent,Expired,188112.5,170788.58,False,0,,42075.17,28216.13,165899.07
EVT00000340,2021,2021-09-14,POL00283,Property,Commercial Property,Central,Bancassurance,Active,39510.19,33509.56,False,0,,8964.08,6378.18,34377.11
EVT00000341,2021,2021-08-17,POL00262,Motor,Private Motor,West,Direct,Active,148487.84,142844.63,False,0,,34777.45,10625.74,137666.12
EVT00000342,2021,2021-09-23,POL00082,Health,Retail Health,Central,Broker,Expired,110502.72,92789.01,True,98531.48,Open,14288.79,8886.9,105009.39
EVT00000343,2021,2021-03-31,POL00185,Travel,Travel,West,Bancassurance,Expired,16459.8,15013.5,True,28787.31,Settled,4945.54,1386.43,15334.81
EVT00000344,2021,2021-09-04,POL00193,Travel,Travel,East,Agent,Active,87781.7,85746.1,False,0,,13682.48,14291.17,81025.08
EVT00000345,2021,2021-03-02,POL00310,Motor,Private Motor,Central,Broker,Active,56758.04,49869.62,False,0,,5396.11,3998.97,53369.76
EVT00000346,2021,2021-03-24,POL00339,Health,Retail Health,West,Direct,Expired,110081.53,95738.31,True,34466.68,Repudiated,6245.34,6121.5,103038.84
EVT00000347,2021,2021-12-05,POL00069,SME,SME Package,North,Broker,Active,62751.04,49887.67,False,0,,14420.64,7735.23,53513.65
EVT00000348,2021,2021-12-04,POL00146,Motor,Private Motor,South,Bancassurance,Active,107939.65,93952.52,True,81576.15,Closed,31128.16,16909.71,94693.58
EVT00000349,2021,2021-09-16,POL00262,Property,Commercial Property,South,Direct,Expired,134465.07,103163.04,False,0,,12056.67,7012.78,124838.27
EVT00000350,2021,2021-12-04,POL00351,Travel,Travel,South,Agent,Active,199140.94,179217.58,False,0,,41705.88,29434.98,172053.49
EVT00000351,2021,2021-04-28,POL00067,SME,SME Package,Central,Agent,Expired,172272.53,157165.6,False,0,,27755.38,9586.45,160122.58
EVT00000352,2021,2021-05-12,POL00247,Travel,Travel,East,Agent,Active,61957.82,58331.1,False,0,,4655.84,7916.85,57717.41
EVT00000353,2021,2021-10-27,POL00097,Motor,Private Motor,North,Agent,Active,87506.33,70123.61,False,0,,15108.28,5587.79,79972.97
EVT00000354,2021,2021-04-02,POL00130,Property,Commercial Property,Central,Bancassurance,Active,137718.7,137436.33,False,0,,15301.66,16770.51,128578.92
EVT00000355,2021,2021-04-28,POL00190,SME,SME Package,Central,Bancassurance,Active,73010.45,61043.24,False,0,,19766.46,11765.62,69279.06
EVT00000356,2021,2021-11-22,POL00229,Health,Retail Health,North,Broker,Active,174649.2,165954.02,False,0,,44600.05,9914.29,158645.32
EVT00000357,2021,2021-12-02,POL00003,Motor,Private Motor,South,Bancassurance,Expired,100300.02,76831.83,True,17210.26,Open,26815.05,17150.21,91282.72
EVT00000358,2021,2021-05-27,POL00267,Property,Commercial Property,Central,Agent,Expired,181888.49,165531.77,False,0,,20100.89,24626.78,176538.51
EVT00000359,2021,2021-07-24,POL00100,Motor,Private Motor,Central,Broker,Active,150893.17,126740.45,False,0,,51710.15,9248.18,134504.74
EVT00000360,2021,2021-04-10,POL00181,Travel,Travel,West,Broker,Active,164228.21,125988.38,True,86245.95,Settled,25330.97,25622.38,145168.59
EVT00000361,2021,2021-10-22,POL00233,Travel,Travel,Central,Agent,Active,94312.54,73244.65,True,52070.19,Open,27433.88,16445.49,92559.93
EVT00000362,2021,2021-03-01,POL00129,Travel,Travel,West,Bancassurance,Expired,168584.34,166950.7,False,0,,31730.29,21290.09,143988.32
EVT00000363,2021,2021-05-08,POL00133,Motor,Private Motor,West,Broker,Active,56745.19,47037.94,False,0,,11630.0,2908.99,55316.72
EVT00000364,2021,2021-12-16,POL00148,Motor,Private Motor,West,Direct,Active,205456.0,178569.79,False,0,,65395.59,17459.62,203826.26
EVT00000365,2021,2021-12-13,POL00098,Travel,Travel,South,Broker,Expired,193021.41,154744.23,True,89004.73,Settled,18684.22,12328.2,190710.6
EVT00000366,2021,2021-10-22,POL00340,Travel,Travel,Central,Agent,Expired,122792.48,93391.76,False,0,,29003.61,13998.86,122522.85
EVT00000367,2021,2021-06-27,POL00141,Travel,Travel,South,Direct,Active,167035.91,130632.35,False,0,,29557.47,28756.08,142796.39
EVT00000368,2021,2021-10-08,POL00202,Health,Retail Health,West,Agent,Active,105534.97,97335.18,True,42402.89,Open,15580.22,13683.79,93815.85
EVT00000369,2021,2021-07-25,POL00135,Health,Retail Health,East,Bancassurance,Cancelled,80736.45,64264.47,False,0,,14187.65,11931.67,73047.25
EVT00000370,2021,2021-04-11,POL00144,Travel,Travel,South,Broker,Cancelled,153434.53,146307.14,False,0,,44684.17,18748.81,150127.45
EVT00000371,2021,2021-06-03,POL00075,Health,Retail Health,West,Agent,Active,113914.74,113788.35,False,0,,23364.15,16366.45,110246.68
EVT00000372,2021,2021-06-21,POL00129,SME,SME Package,Central,Agent,Active,154395.15,118113.69,False,0,,29792.37,20361.95,141654.19
EVT00000373,2021,2021-10-03,POL00134,Property,Commercial Property,East,Direct,Active,95293.31,79834.13,False,0,,22076.87,11910.8,90288.49
EVT00000374,2021,2021-03-16,POL00090,Property,Commercial Property,East,Direct,Active,111348.67,104014.3,False,0,,18296.96,9714.96,105197.42
EVT00000375,2021,2021-08-16,POL00086,Property,Commercial Property,West,Bancassurance,Expired,23124.94,18280.26,True,15239.39,Settled,6084.87,2976.18,21027.93
EVT00000376,2021,2021-02-10,POL00400,Property,Commercial Property,Central,Bancassurance,Active,46983.87,35509.25,False,0,,11680.51,8093.29,44874.51
EVT00000377,2021,2021-07-19,POL00108,Health,Retail Health,West,Agent,Active,206600.26,179390.27,True,287382.39,Open,16771.5,26931.02,178223.03
EVT00000378,2021,2021-10-04,POL00159,Health,Retail Health,South,Direct,Active,34799.28,30682.02,True,5096.6,Settled,10722.03,3211.14,32064.86
EVT00000379,2021,2021-09-26,POL00140,SME,SME Package,West,Broker,Cancelled,155896.05,123821.87,False,0,,37308.15,20681.27,145700.09
EVT00000380,2021,2021-09-25,POL00328,SME,SME Package,East,Direct,Active,56151.23,43370.56,False,0,,9751.29,3944.25,47817.45
EVT00000381,2021,2021-05-30,POL00389,Health,Retail Health,East,Direct,Active,9763.23,9573.06,False,0,,1885.48,499.75,8929.11
EVT00000382,2021,2021-11-17,POL00306,Health,Retail Health,North,Direct,Active,195018.36,167574.71,True,251822.05,Repudiated,58218.45,15343.46,168082.71
EVT00000383,2021,2021-11-23,POL00123,SME,SME Package,Central,Direct,Active,165500.5,157589.93,False,0,,50650.54,12199.53,147864.65
EVT00000384,2021,2021-08-13,POL00234,SME,SME Package,West,Direct,Expired,112303.15,93229.69,True,196114.79,Open,11879.57,7108.29,99992.4
EVT00000385,2021,2021-01-17,POL00373,Motor,Private Motor,South,Agent,Active,112638.87,94107.32,False,0,,32647.1,20245.18,103577.37
EVT00000386,2021,2021-05-08,POL00170,Motor,Private Motor,South,Agent,Active,91193.42,80778.95,True,147340.24,Settled,26918.04,14378.72,79182.72
EVT00000387,2021,2021-06-15,POL00198,Travel,Travel,South,Agent,Active,163888.43,126766.07,False,0,,18443.04,16484.88,162934.94
EVT00000388,2021,2021-11-21,POL00082,Motor,Private Motor,Central,Agent,Active,143366.24,114647.24,False,0,,44314.12,11227.36,124289.82
EVT00000389,2021,2021-05-08,POL00223,Property,Commercial Property,North,Broker,Expired,131955.73,112024.09,True,230211.47,Repudiated,33849.54,9256.56,127419.03
EVT00000390,2021,2021-11-27,POL00081,Travel,Travel,North,Direct,Expired,219358.3,198800.72,True,255573.41,Open,19248.3,17603.0,218755.36
EVT00000391,2021,2021-10-18,POL00388,Property,Commercial Property,West,Broker,Active,88087.01,82017.8,True,9142.7,Repudiated,19177.2,10619.37,81349.57
EVT00000392,2021,2021-06-01,POL00096,SME,SME Package,East,Direct,Expired,66368.79,63570.51,False,0,,14359.29,3912.7,57956.8
EVT00000393,2021,2021-12-04,POL00135,SME,SME Package,East,Bancassurance,Active,143261.53,121021.74,True,7771.14,Settled,40515.07,11610.24,137266.11
EVT00000394,2021,2021-01-23,POL00276,Travel,Travel,South,Bancassurance,Expired,40675.88,33386.04,False,0,,5963.38,2542.78,38594.64
EVT00000395,2021,2021-10-30,POL00067,Health,Retail Health,North,Broker,Active,48622.73,36853.81,False,0,,8099.56,5527.83,45880.19
EVT00000396,2021,2021-08-01,POL00132,Motor,Private Motor,East,Broker,Active,23025.28,22623.55,True,21892.33,Open,4384.42,3063.72,20818.05
EVT00000397,2021,2021-04-09,POL00189,Motor,Private Motor,Central,Direct,Active,163671.67,156897.97,True,65958.4,Open,13153.89,13099.03,148581.09
EVT00000398,2021,2021-08-07,POL00270,Health,Retail Health,Central,Broker,Active,126326.02,118307.74,False,0,,28166.8,17393.08,120689.68
EVT00000399,2021,2021-06-16,POL00054,Health,Retail Health,South,Bancassurance,Active,147396.76,130221.37,False,0,,48649.18,24662.87,137449.28
EVT00000400,2021,2021-08-18,POL00191,Travel,Travel,West,Direct,Active,127386.68,102352.91,False,0,,41762.97,10577.12,126653.92
EVT00000401,2021,2021-01-12,POL00204,Motor,Private Motor,North,Direct,Active,117733.18,117539.27,False,0,,16494.44,9282.7,115185.21
EVT00000402,2021,2021-07-24,POL00396,Property,Commercial Property,Central,Broker,Active,105598.4,83319.97,True,169428.55,Closed,12661.06,16414.18,91214.4
EVT00000403,2021,2021-06-03,POL00292,Health,Retail Health,North,Direct,Expired,44655.33,42709.53,False,0,,9952.32,7501.88,41944.07
EVT00000404,2021,2021-04-27,POL00020,SME,SME Package,West,Agent,Expired,203436.76,169584.36,False,0,,36677.88,34773.85,176599.6
EVT00000405,2021,2021-12-11,POL00383,SME,SME Package,North,Bancassurance,Active,119169.27,98890.13,False,0,,17642.95,16768.3,104032.34
EVT00000406,2021,2021-08-11,POL00375,Travel,Travel,West,Agent,Active,69434.0,58920.35,True,13068.95,Open,14889.82,5841.66,63169.6
EVT00000407,2021,2021-12-17,POL00397,Health,Retail Health,South,Bancassurance,Active,111426.55,101739.36,True,124701.13,Closed,13671.43,9428.18,101900.68
EVT00000408,2021,2021-11-12,POL00295,Motor,Private Motor,North,Bancassurance,Active,81841.27,67943.36,False,0,,4686.4,7335.14,81689.68
EVT00000409,2021,2021-01-28,POL00227,SME,SME Package,South,Bancassurance,Active,181452.45,145147.68,False,0,,50320.42,29188.32,157293.1
EVT00000410,2021,2021-04-15,POL00125,SME,SME Package,South,Direct,Active,155084.59,120627.82,False,0,,8812.59,11968.07,144337.35
EVT00000411,2021,2021-05-11,POL00280,SME,SME Package,East,Bancassurance,Active,218368.05,201721.37,False,0,,35590.06,36638.94,202868.26
EVT00000412,2021,2021-12-04,POL00088,Motor,Private Motor,East,Broker,Expired,139008.53,106101.22,False,0,,7297.98,13973.68,123814.42
EVT00000413,2021,2021-11-02,POL00185,Motor,Private Motor,North,Direct,Expired,145675.16,117675.25,False,0,,49964.19,9170.03,130717.0
EVT00000414,2021,2021-06-27,POL00273,Motor,Private Motor,South,Broker,Active,105093.09,103158.06,True,49056.39,Settled,15771.41,10629.32,91804.15
EVT00000415,2021,2021-01-16,POL00351,Property,Commercial Property,East,Direct,Active,215387.78,188531.69,False,0,,51205.8,35372.71,211846.87
EVT00000416,2021,2021-12-18,POL00285,Property,Commercial Property,South,Broker,Active,91283.48,71595.02,False,0,,18824.06,12609.84,89540.44
EVT00000417,2021,2021-12-17,POL00117,Travel,Travel,South,Broker,Active,74225.15,66902.26,False,0,,6645.5,10007.14,69560.44
EVT00000418,2021,2021-09-30,POL00104,Health,Retail Health,East,Broker,Active,200708.44,189170.21,False,0,,44046.13,14159.22,172643.8
EVT00000419,2021,2021-11-23,POL00369,Motor,Private Motor,South,Direct,Expired,38850.84,29424.49,False,0,,13281.89,6797.17,34791.01
EVT00000420,2021,2021-04-29,POL00379,Property,Commercial Property,South,Broker,Active,47166.26,44365.14,False,0,,6134.39,5835.2,41725.0
EVT00000421,2021,2021-09-09,POL00119,Motor,Private Motor,East,Agent,Active,109039.67,95473.08,False,0,,28743.48,10752.92,106621.11
EVT00000422,2021,2021-04-14,POL00243,Health,Retail Health,South,Broker,Active,94620.9,93883.21,False,0,,31703.62,7468.62,89956.17
EVT00000423,2021,2021-07-27,POL00388,Health,Retail Health,North,Broker,Expired,216953.06,209746.37,False,0,,31993.78,23752.2,192441.18
EVT00000424,2021,2021-01-20,POL00398,Motor,Private Motor,Central,Bancassurance,Expired,91559.95,90166.85,False,0,,19305.22,12212.38,87496.23
EVT00000425,2021,2021-09-22,POL00267,Motor,Private Motor,West,Bancassurance,Expired,16992.17,16974.48,False,0,,2866.3,2473.59,15864.83
EVT00000426,2021,2021-12-20,POL00392,Motor,Private Motor,South,Direct,Active,195492.29,184431.19,False,0,,19538.67,17257.0,193118.02
EVT00000427,2021,2021-06-15,POL00265,Health,Retail Health,West,Bancassurance,Active,114139.45,90734.34,False,0,,36330.4,13814.63,103748.2
EVT00000428,2021,2021-03-25,POL00231,Motor,Private Motor,South,Bancassurance,Active,159078.49,127339.63,False,0,,19888.74,22258.78,156863.22
EVT00000429,2021,2021-03-23,POL00368,Motor,Private Motor,North,Agent,Expired,142423.35,109854.92,False,0,,38178.31,25176.87,134135.86
EVT00000430,2021,2021-12-31,POL00194,SME,SME Package,West,Agent,Expired,201397.59,179520.35,False,0,,19138.19,32817.01,176591.45
EVT00000431,2021,2021-09-12,POL00027,Travel,Travel,East,Direct,Expired,211724.82,174079.12,True,342742.9,Closed,10810.64,31653.17,180353.8
EVT00000432,2021,2021-10-08,POL00256,SME,SME Package,North,Bancassurance,Active,132838.81,115427.36,False,0,,9806.36,17005.13,117789.1
EVT00000433,2021,2021-04-02,POL00143,SME,SME Package,Central,Broker,Active,39430.31,36012.46,True,61038.67,Settled,5888.26,2421.07,34159.78
EVT00000434,2021,2021-08-07,POL00083,Property,Commercial Property,Central,Broker,Cancelled,166858.98,140169.41,True,231514.09,Settled,26792.68,16562.78,143523.75
EVT00000435,2021,2021-02-25,POL00282,Motor,Private Motor,East,Bancassurance,Active,155259.32,127096.0,False,0,,32199.83,21807.39,146224.48
EVT00000436,2021,2021-10-22,POL00293,SME,SME Package,North,Bancassurance,Expired,136212.94,128999.95,False,0,,24261.72,21823.18,121086.36
EVT00000437,2021,2021-11-17,POL00320,Property,Commercial Property,South,Bancassurance,Active,141953.81,123943.58,True,156885.23,Settled,48800.5,7126.86,121171.49
EVT00000438,2021,2021-02-04,POL00061,Health,Retail Health,Central,Bancassurance,Active,78763.96,70108.11,False,0,,4205.14,5998.22,70276.67
EVT00000439,2021,2021-04-10,POL00158,Property,Commercial Property,Central,Direct,Expired,32133.39,26777.42,False,0,,7091.08,5617.39,31323.83
EVT00000440,2021,2021-07-31,POL00170,Property,Commercial Property,West,Bancassurance,Expired,144878.27,126098.26,False,0,,46015.87,17357.25,130429.05
EVT00000441,2021,2021-03-18,POL00381,Motor,Private Motor,Central,Direct,Active,151777.9,134899.33,True,159012.97,Settled,43994.43,25110.72,137061.41
EVT00000442,2021,2021-12-28,POL00144,Motor,Private Motor,East,Bancassurance,Active,186590.02,166577.38,False,0,,42646.56,30301.69,179636.0
EVT00000443,2021,2021-07-11,POL00162,Motor,Private Motor,East,Bancassurance,Active,193934.33,163466.45,False,0,,27303.75,22935.27,169935.33
EVT00000444,2021,2021-03-15,POL00020,Health,Retail Health,North,Bancassurance,Active,177393.36,173178.31,True,110581.4,Repudiated,47848.72,20945.12,171420.52
EVT00000445,2021,2021-11-01,POL00394,Motor,Private Motor,Central,Broker,Active,15749.14,13337.9,False,0,,1334.75,1424.16,13490.78
EVT00000446,2021,2021-06-13,POL00045,Property,Commercial Property,West,Agent,Active,170430.2,159588.91,True,233410.97,Closed,24927.82,12787.54,151938.09
EVT00000447,2021,2021-06-13,POL00396,Travel,Travel,North,Direct,Active,66011.02,49760.04,False,0,,13480.65,5073.28,59578.1
EVT00000448,2021,2021-01-26,POL00139,Health,Retail Health,East,Broker,Active,74012.04,72018.21,False,0,,4826.91,3979.56,72938.41
EVT00000449,2021,2021-06-09,POL00055,Travel,Travel,North,Agent,Active,45944.39,41305.4,False,0,,13822.48,6474.37,43300.17
EVT00000450,2021,2021-08-27,POL00171,Health,Retail Health,Central,Agent,Cancelled,168217.5,145747.65,True,246685.83,Repudiated,13319.28,15198.61,159245.25
EVT00000451,2021,2021-06-16,POL00241,Health,Retail Health,South,Broker,Expired,138791.72,135768.2,False,0,,36069.8,18941.39,134394.36
EVT00000452,2021,2021-02-24,POL00233,Travel,Travel,North,Agent,Active,82505.45,71392.83,True,114743.02,Closed,16697.86,8476.54,78969.35
EVT00000453,2021,2021-06-24,POL00167,SME,SME Package,North,Direct,Active,92973.09,79339.56,False,0,,19932.01,16419.6,84379.82
EVT00000454,2021,2021-02-19,POL00107,SME,SME Package,West,Bancassurance,Active,80546.58,74387.45,True,98073.12,Repudiated,6789.82,10268.87,72395.81
EVT00000455,2021,2021-02-16,POL00228,Health,Retail Health,East,Bancassurance,Active,31053.86,29610.37,False,0,,5082.69,3548.16,29470.88
EVT00000456,2021,2021-06-12,POL00112,Health,Retail Health,Central,Agent,Expired,148106.86,127852.3,False,0,,34756.48,16014.91,130459.82
EVT00000457,2021,2021-05-31,POL00154,SME,SME Package,East,Bancassurance,Expired,202005.0,201514.6,False,0,,47157.51,23504.31,197388.28
EVT00000458,2021,2021-06-12,POL00032,Property,Commercial Property,Central,Agent,Active,126726.41,126051.47,True,66527.43,Open,15279.7,17905.03,115212.08
EVT00000459,2021,2021-12-10,POL00365,Travel,Travel,West,Bancassurance,Active,52777.81,41871.41,True,54098.82,Settled,15938.31,3697.34,52757.67
EVT00000460,2021,2021-08-01,POL00065,Health,Retail Health,North,Agent,Active,38527.13,37418.4,False,0,,13195.25,2606.39,33541.07
EVT00000461,2021,2021-09-13,POL00234,SME,SME Package,West,Broker,Active,97914.43,93510.03,False,0,,11526.71,10302.59,83336.39
EVT00000462,2021,2021-09-04,POL00375,Health,Retail Health,Central,Direct,Active,123787.25,104196.99,False,0,,27288.26,17532.57,107320.41
EVT00000463,2021,2021-11-10,POL00354,Motor,Private Motor,South,Direct,Active,24585.74,23909.11,True,22490.67,Open,6274.83,2952.64,23035.47
EVT00000464,2021,2021-05-29,POL00028,Property,Commercial Property,Central,Agent,Active,116684.58,101201.48,False,0,,20572.06,20405.28,113152.94
EVT00000465,2021,2021-11-16,POL00086,Motor,Private Motor,Central,Direct,Expired,127505.73,97587.08,False,0,,12842.86,7230.92,127321.45
EVT00000466,2021,2021-03-31,POL00014,Property,Commercial Property,West,Agent,Active,24294.8,22981.44,True,28081.84,Settled,7467.19,1259.6,21057.09
EVT00000467,2021,2021-02-13,POL00303,Health,Retail Health,West,Direct,Expired,63385.55,58643.91,False,0,,18369.87,10272.38,57137.46
EVT00000468,2021,2021-06-26,POL00075,SME,SME Package,South,Bancassurance,Expired,95544.95,80811.13,False,0,,25586.91,6855.05,89493.48
EVT00000469,2021,2021-12-28,POL00028,Property,Commercial Property,North,Agent,Active,92533.9,76372.09,False,0,,25514.22,11032.6,83925.48
EVT00000470,2021,2021-01-22,POL00200,Travel,Travel,East,Broker,Active,100163.68,82354.38,False,0,,16487.06,9118.85,93105.95
EVT00000471,2021,2021-05-04,POL00050,SME,SME Package,East,Bancassurance,Active,146237.98,119644.26,True,211785.47,Settled,36018.85,14748.1,141261.89
EVT00000472,2021,2021-08-17,POL00376,SME,SME Package,South,Direct,Active,218561.55,181038.35,True,6309.19,Open,11712.37,13703.99,189183.84
EVT00000473,2021,2021-11-23,POL00180,Health,Retail Health,East,Direct,Active,13024.5,10067.75,False,0,,3216.81,2065.81,12927.77
EVT00000474,2021,2021-05-31,POL00063,Motor,Private Motor,North,Broker,Active,169937.85,154979.32,False,0,,17916.65,10945.67,149144.16
EVT00000475,2021,2021-02-01,POL00240,Motor,Private Motor,West,Direct,Expired,154750.96,141890.35,False,0,,19684.47,23444.01,137974.89
EVT00000476,2021,2021-03-15,POL00196,Travel,Travel,East,Agent,Active,180313.78,143256.12,True,317947.64,Closed,42029.44,13198.51,166575.42
EVT00000477,2021,2021-12-01,POL00277,Travel,Travel,South,Agent,Expired,159664.87,123871.48,True,165488.55,Settled,45212.48,8372.73,147634.95
EVT00000478,2021,2021-08-12,POL00328,Motor,Private Motor,North,Bancassurance,Active,156411.7,152681.97,False,0,,32004.16,26932.29,144462.15
EVT00000479,2021,2021-12-16,POL00207,Motor,Private Motor,Central,Broker,Active,210280.93,200711.92,False,0,,46298.22,36074.85,190059.84
EVT00000480,2021,2021-10-11,POL00156,Travel,Travel,North,Agent,Active,188908.52,157741.58,False,0,,52542.25,16566.26,166327.92
EVT00000481,2021,2021-03-13,POL00021,Travel,Travel,South,Direct,Active,198049.67,179760.63,False,0,,14944.58,26194.62,190186.83
EVT00000482,2021,2021-01-09,POL00019,Health,Retail Health,North,Broker,Active,21354.44,18901.63,False,0,,4488.32,3383.67,19590.48
EVT00000483,2021,2021-10-02,POL00019,Property,Commercial Property,North,Direct,Expired,17076.68,13312.07,False,0,,4272.5,1871.4,16252.08
EVT00000484,2021,2021-03-08,POL00077,SME,SME Package,South,Agent,Active,38017.18,34727.09,False,0,,12371.01,2127.22,36313.8
EVT00000485,2021,2021-11-01,POL00008,Health,Retail Health,North,Direct,Expired,28625.95,25843.69,False,0,,1980.55,4473.41,24822.33
EVT00000486,2021,2021-03-12,POL00316,Health,Retail Health,North,Broker,Active,180042.46,179240.94,False,0,,26514.94,31842.48,168590.87
EVT00000487,2021,2021-10-25,POL00165,Health,Retail Health,North,Broker,Active,33598.04,26384.85,False,0,,8698.15,4097.05,30769.06
EVT00000488,2021,2021-12-22,POL00021,Health,Retail Health,North,Bancassurance,Expired,11313.63,9862.56,True,6115.42,Open,2964.42,1438.92,10098.09
EVT00000489,2021,2021-02-15,POL00396,Travel,Travel,South,Broker,Active,65441.35,56450.02,True,23037.25,Open,14978.32,9373.55,61633.15
EVT00000490,2021,2021-10-04,POL00322,Property,Commercial Property,East,Bancassurance,Active,57955.47,45169.16,False,0,,4561.39,5624.41,55878.88
EVT00000491,2021,2021-12-10,POL00260,Health,Retail Health,West,Broker,Active,49068.43,46573.46,False,0,,16711.34,5479.65,43005.96
EVT00000492,2021,2021-10-03,POL00023,Motor,Private Motor,East,Direct,Active,61292.94,55421.37,False,0,,11397.07,3896.68,52581.28
EVT00000493,2021,2021-06-16,POL00091,Health,Retail Health,North,Bancassurance,Active,23022.21,18620.94,False,0,,5155.33,2405.33,22148.82
EVT00000494,2021,2021-08-12,POL00118,Motor,Private Motor,East,Broker,Active,164402.55,159054.79,False,0,,19103.38,18286.29,151687.85
EVT00000495,2021,2021-01-31,POL00075,Health,Retail Health,Central,Bancassurance,Active,87178.84,75360.44,True,58194.89,Settled,9647.5,5800.66,83153.93
EVT00000496,2021,2021-11-10,POL00144,Health,Retail Health,North,Bancassurance,Active,44294.68,37025.66,False,0,,10236.09,6761.19,41889.47
EVT00000497,2021,2021-08-08,POL00088,SME,SME Package,Central,Broker,Active,189678.44,165457.14,False,0,,43146.96,30122.56,169169.58
EVT00000498,2021,2021-01-23,POL00377,Health,Retail Health,South,Direct,Active,55150.2,54150.32,False,0,,17875.64,9197.55,50333.7
EVT00000499,2021,2021-01-07,POL00021,Travel,Travel,Central,Agent,Active,91595.87,87238.57,False,0,,7272.69,10477.38,78998.12
EVT00000500,2021,2021-01-13,POL00355,Travel,Travel,South,Broker,Active,58681.23,58665.85,True,71660.59,Closed,15315.29,9478.77,56456.8
EVT00000501,2021,2021-12-20,POL00233,Travel,Travel,South,Bancassurance,Active,192768.98,174784.16,False,0,,9717.31,25358.69,174982.55
EVT00000502,2021,2021-06-21,POL00171,SME,SME Package,North,Direct,Active,65195.35,64316.77,False,0,,18798.66,9935.77,56207.77
EVT00000503,2021,2021-02-04,POL00377,Motor,Private Motor,Central,Direct,Expired,31524.91,26524.99,False,0,,5033.62,2294.53,29438.55
EVT00000504,2021,2021-04-26,POL00288,Health,Retail Health,South,Direct,Active,32074.23,27892.5,False,0,,7185.78,5602.84,28272.44
EVT00000505,2021,2021-12-14,POL00165,Property,Commercial Property,East,Bancassurance,Active,21434.27,17925.62,False,0,,4458.43,1413.64,20501.32
EVT00000506,2021,2021-02-11,POL00273,Property,Commercial Property,West,Direct,Expired,208417.45,198454.88,False,0,,14524.25,34586.34,191469.18
EVT00000507,2021,2021-05-31,POL00201,Health,Retail Health,East,Agent,Active,66499.86,61463.86,False,0,,20781.07,7826.33,62781.95
EVT00000508,2021,2021-09-24,POL00214,SME,SME Package,South,Bancassurance,Active,102098.33,93029.05,False,0,,7033.03,16676.05,90341.63
EVT00000509,2021,2021-10-18,POL00331,Property,Commercial Property,West,Direct,Active,174806.76,152350.58,False,0,,36543.33,21204.22,160595.16
EVT00000510,2021,2021-11-13,POL00068,Property,Commercial Property,South,Direct,Active,86843.29,71388.36,False,0,,8206.82,7552.73,86272.91
EVT00000511,2021,2021-06-12,POL00083,SME,SME Package,East,Broker,Cancelled,185938.32,171661.01,False,0,,17858.53,15047.56,159195.32
EVT00000512,2021,2021-03-25,POL00295,Health,Retail Health,West,Direct,Active,51492.94,47722.81,False,0,,17683.02,3565.0,47232.64
EVT00000513,2021,2021-09-17,POL00274,Property,Commercial Property,North,Agent,Active,113876.39,89546.24,False,0,,16633.4,5757.39,109409.5
EVT00000514,2021,2021-06-23,POL00170,Property,Commercial Property,West,Direct,Cancelled,167882.27,167633.21,False,0,,48664.51,24294.36,165925.4
EVT00000515,2021,2021-01-29,POL00353,Motor,Private Motor,West,Agent,Active,124803.52,103215.08,False,0,,37723.5,13475.84,107814.29
EVT00000516,2021,2021-11-05,POL00312,Health,Retail Health,Central,Broker,Expired,170624.17,136316.58,True,261338.13,Open,58481.75,17279.97,157583.33
EVT00000517,2021,2021-08-17,POL00310,SME,SME Package,North,Direct,Active,159784.32,136920.8,False,0,,8573.59,15153.89,143200.75
EVT00000518,2021,2021-11-03,POL00288,Motor,Private Motor,South,Bancassurance,Expired,96109.27,82714.15,True,126757.7,Repudiated,25813.19,9980.49,93737.94
EVT00000519,2021,2021-08-01,POL00045,Health,Retail Health,South,Direct,Active,191915.47,191274.39,True,331782.57,Repudiated,14688.15,19811.41,189451.58
EVT00000520,2021,2021-09-10,POL00090,SME,SME Package,West,Broker,Active,184444.15,151680.56,False,0,,54750.36,16463.31,172968.26
EVT00000521,2021,2021-05-28,POL00287,Travel,Travel,South,Agent,Expired,40653.08,33540.51,False,0,,9796.1,2688.92,38615.83
EVT00000522,2021,2021-08-12,POL00214,Health,Retail Health,West,Broker,Active,170120.29,148559.68,False,0,,39071.08,16506.56,156863.31
EVT00000523,2021,2021-01-28,POL00133,Travel,Travel,North,Direct,Active,129955.9,124929.21,True,16511.26,Settled,24472.41,18210.3,117429.17
EVT00000524,2021,2021-06-15,POL00140,Property,Commercial Property,West,Direct,Active,69832.79,63529.45,True,26780.89,Closed,19511.76,8927.36,61108.61
EVT00000525,2021,2021-03-25,POL00162,Property,Commercial Property,East,Direct,Active,130969.89,125184.78,True,123602.07,Settled,37148.61,13563.15,129416.08
EVT00000526,2021,2021-12-26,POL00053,Health,Retail Health,South,Broker,Expired,176562.63,157081.38,False,0,,59280.65,28248.09,168949.61
EVT00000527,2021,2021-09-25,POL00388,Motor,Private Motor,West,Bancassurance,Expired,32711.92,25607.15,True,22458.48,Settled,2999.82,3514.96,32650.99
EVT00000528,2021,2021-03-08,POL00391,Property,Commercial Property,South,Direct,Active,180689.71,145561.73,False,0,,16751.35,14356.64,156983.51
EVT00000529,2021,2021-06-04,POL00041,Travel,Travel,North,Agent,Active,110662.04,94927.21,True,9433.66,Open,21105.98,18603.26,94781.18
EVT00000530,2021,2021-10-24,POL00342,Motor,Private Motor,North,Agent,Expired,51545.05,50271.56,True,34561.08,Open,4828.08,7577.42,45957.89
EVT00000531,2021,2021-03-29,POL00179,Property,Commercial Property,South,Broker,Active,22487.45,21473.19,False,0,,4692.04,3216.95,22366.91
EVT00000532,2021,2021-02-24,POL00387,SME,SME Package,North,Agent,Expired,203141.16,195589.23,False,0,,52702.92,15045.92,193193.1
EVT00000533,2021,2021-07-04,POL00093,Property,Commercial Property,West,Bancassurance,Active,56241.49,43767.77,False,0,,4897.77,3618.64,48951.85
EVT00000534,2021,2021-04-26,POL00361,Property,Commercial Property,Central,Agent,Active,112667.11,95338.38,False,0,,30516.15,15696.34,109981.52
EVT00000535,2021,2021-09-09,POL00284,Travel,Travel,East,Bancassurance,Active,22757.14,21852.88,False,0,,5774.38,1668.3,22752.78
EVT00000536,2021,2021-03-28,POL00345,Motor,Private Motor,West,Bancassurance,Active,151421.96,118079.52,False,0,,39144.26,26814.44,145549.03
EVT00000537,2021,2021-05-20,POL00034,Property,Commercial Property,South,Direct,Active,186934.25,159094.55,True,144631.06,Repudiated,24966.1,26685.65,175211.19
EVT00000538,2021,2021-09-08,POL00388,Travel,Travel,East,Bancassurance,Active,209429.43,208776.18,False,0,,19730.81,22849.28,181853.54
EVT00000539,2021,2021-03-20,POL00255,Health,Retail Health,South,Agent,Active,19204.71,14731.11,False,0,,6560.75,1915.52,18280.59
EVT00000540,2021,2021-09-16,POL00156,SME,SME Package,Central,Agent,Expired,148149.09,130369.31,False,0,,28119.67,13061.3,136991.22
EVT00000541,2021,2021-08-24,POL00134,SME,SME Package,East,Agent,Cancelled,14698.89,12605.79,False,0,,2426.62,1336.02,13323.82
EVT00000542,2021,2021-09-09,POL00019,Motor,Private Motor,South,Direct,Expired,42798.58,36707.07,False,0,,7135.56,6390.75,40030.72
EVT00000543,2021,2021-06-30,POL00338,SME,SME Package,Central,Bancassurance,Active,189122.51,165798.27,False,0,,37523.29,33325.88,178255.71
EVT00000544,2021,2021-06-24,POL00393,Property,Commercial Property,East,Agent,Active,17565.11,16849.04,False,0,,4788.55,939.68,17278.82
EVT00000545,2021,2021-06-06,POL00195,Motor,Private Motor,West,Direct,Cancelled,95329.08,72842.12,True,42555.49,Settled,21712.1,16048.71,81966.33
EVT00000546,2021,2021-08-29,POL00059,Property,Commercial Property,South,Agent,Active,15924.06,14561.63,False,0,,3255.32,1668.08,13584.18
EVT00000547,2021,2021-12-08,POL00302,Motor,Private Motor,East,Bancassurance,Active,76353.33,59130.42,False,0,,19642.6,5861.5,70589.39
EVT00000548,2021,2021-05-28,POL00174,Health,Retail Health,Central,Direct,Active,100430.12,87799.82,False,0,,28737.56,15993.44,93437.68
EVT00000549,2021,2021-10-18,POL00136,Motor,Private Motor,East,Bancassurance,Expired,140409.33,138932.96,False,0,,31375.58,17823.9,125105.38
EVT00000550,2021,2021-08-01,POL00272,Travel,Travel,West,Broker,Active,24252.26,23183.58,False,0,,3394.65,3304.36,21754.35
EVT00000551,2021,2021-12-05,POL00206,Property,Commercial Property,Central,Bancassurance,Active,124083.25,120388.56,False,0,,25420.59,9213.19,114762.18
EVT00000552,2021,2021-08-11,POL00381,Travel,Travel,East,Bancassurance,Expired,162042.39,123957.63,True,136508.95,Closed,15417.0,22538.45,145034.64
EVT00000553,2021,2021-05-06,POL00211,Property,Commercial Property,North,Broker,Expired,64590.17,53077.69,True,80794.77,Closed,11093.99,4183.03,56761.03
EVT00000554,2021,2021-09-06,POL00159,Travel,Travel,West,Bancassurance,Active,199998.99,160098.72,True,13403.59,Settled,49519.99,14575.54,195574.64
EVT00000555,2021,2021-03-13,POL00011,Motor,Private Motor,North,Direct,Active,191840.42,187071.98,False,0,,30508.43,25987.85,165663.02
EVT00000556,2021,2021-03-04,POL00121,Motor,Private Motor,Central,Agent,Active,183744.1,181432.35,False,0,,23067.68,30316.57,162744.27
EVT00000557,2021,2021-10-29,POL00396,Property,Commercial Property,East,Bancassurance,Expired,165719.3,163047.08,True,34541.62,Closed,56506.48,17753.81,147182.91
EVT00000558,2021,2021-03-16,POL00029,Travel,Travel,Central,Direct,Active,31947.81,28319.7,False,0,,3958.46,2750.88,30914.01
EVT00000559,2021,2021-12-10,POL00186,Travel,Travel,East,Direct,Active,212962.69,191976.0,False,0,,52956.8,36695.66,203081.73
EVT00000560,2021,2021-07-18,POL00123,Property,Commercial Property,Central,Bancassurance,Active,211198.53,177557.51,False,0,,18293.2,34362.82,206688.82
EVT00000561,2021,2021-07-28,POL00005,Travel,Travel,East,Direct,Active,182414.04,147548.35,True,292637.56,Repudiated,43670.98,29976.23,176031.58
EVT00000562,2021,2021-12-24,POL00018,Property,Commercial Property,North,Bancassurance,Active,95547.8,91753.68,False,0,,29909.17,14965.78,93031.08
EVT00000563,2021,2021-04-05,POL00134,SME,SME Package,North,Direct,Active,162597.1,144212.56,False,0,,42041.6,24236.2,153850.34
EVT00000564,2021,2021-06-13,POL00323,Travel,Travel,South,Agent,Active,141198.81,116973.39,True,42638.35,Closed,42936.88,19647.52,136807.01
EVT00000565,2021,2021-07-13,POL00232,Travel,Travel,South,Direct,Active,133720.33,111241.29,False,0,,10071.77,13076.24,121555.01
EVT00000566,2021,2021-03-28,POL00293,Health,Retail Health,North,Agent,Expired,145186.62,131634.44,False,0,,49688.42,11001.46,138680.69
EVT00000567,2021,2021-08-21,POL00026,Travel,Travel,Central,Bancassurance,Active,39641.25,39225.34,True,41773.46,Open,10527.73,4224.59,39165.49
EVT00000568,2021,2021-04-16,POL00345,Travel,Travel,North,Broker,Expired,48395.36,46724.95,False,0,,6600.58,5528.78,42081.21
EVT00000569,2021,2021-07-09,POL00308,Health,Retail Health,East,Broker,Active,94607.11,74407.14,False,0,,12160.78,12327.16,93292.0
EVT00000570,2021,2021-11-02,POL00299,Travel,Travel,North,Agent,Active,192746.02,191512.41,False,0,,21908.53,19246.54,176072.26
EVT00000571,2021,2021-12-30,POL00132,Motor,Private Motor,North,Agent,Active,205385.7,178219.97,False,0,,47631.48,28179.51,199293.4
EVT00000572,2021,2021-04-02,POL00384,Motor,Private Motor,North,Direct,Active,88758.79,88260.05,False,0,,7959.13,14733.02,75992.5
EVT00000573,2021,2021-01-23,POL00134,Health,Retail Health,Central,Bancassurance,Expired,194114.11,151987.44,False,0,,40594.53,13283.9,168399.1
EVT00000574,2021,2021-03-26,POL00066,Travel,Travel,East,Direct,Expired,67980.21,65888.74,False,0,,18930.39,5729.95,60974.95
EVT00000575,2021,2021-01-21,POL00162,Travel,Travel,South,Bancassurance,Active,39507.61,31901.02,True,20724.82,Repudiated,7148.07,7086.73,39076.22
EVT00000576,2021,2021-09-18,POL00227,Property,Commercial Property,Central,Bancassurance,Active,31848.07,29616.83,True,21992.79,Closed,9887.29,2340.36,27874.84
EVT00000577,2021,2021-12-13,POL00140,SME,SME Package,Central,Broker,Active,213985.0,188628.6,False,0,,37431.48,12836.66,206546.46
EVT00000578,2021,2021-02-11,POL00049,Property,Commercial Property,North,Direct,Active,152295.55,129229.24,False,0,,51074.74,24185.61,132964.12
EVT00000579,2021,2021-10-19,POL00236,Travel,Travel,West,Direct,Active,9230.74,9160.98,False,0,,3094.78,851.43,8859.03
EVT00000580,2021,2021-07-24,POL00067,Health,Retail Health,North,Direct,Active,19773.43,15179.69,False,0,,3251.09,2013.96,17335.4
EVT00000581,2021,2021-06-08,POL00046,Motor,Private Motor,South,Broker,Active,93308.0,85077.49,False,0,,8980.0,8286.78,90524.16
EVT00000582,2021,2021-08-05,POL00351,SME,SME Package,South,Direct,Active,184395.21,161929.11,False,0,,58199.54,20640.68,172309.68
EVT00000583,2021,2021-03-21,POL00047,Travel,Travel,East,Broker,Active,98315.62,74730.64,False,0,,18587.3,7781.67,93688.44
EVT00000584,2021,2021-05-08,POL00254,SME,SME Package,Central,Agent,Active,100719.37,98382.87,False,0,,9526.24,6709.19,99252.45
EVT00000585,2021,2021-05-10,POL00268,Travel,Travel,East,Agent,Active,202468.03,177838.53,False,0,,35210.37,22353.55,193973.79
EVT00000586,2021,2021-08-02,POL00182,Property,Commercial Property,Central,Agent,Expired,11448.96,10706.25,False,0,,3272.72,1827.01,9809.34
EVT00000587,2021,2021-02-10,POL00361,Property,Commercial Property,East,Bancassurance,Expired,103388.96,98422.0,False,0,,33646.24,16056.39,91153.94
EVT00000588,2021,2021-11-05,POL00383,SME,SME Package,East,Agent,Active,11798.03,10013.38,True,14959.48,Repudiated,3038.49,1922.39,11737.51
EVT00000589,2021,2021-01-09,POL00372,Travel,Travel,East,Direct,Active,212186.02,194951.33,False,0,,16187.79,14336.31,186430.95
EVT00000590,2021,2021-08-26,POL00357,Health,Retail Health,North,Broker,Active,38772.69,31423.13,False,0,,11920.93,4653.33,33457.5
EVT00000591,2021,2021-05-05,POL00076,Travel,Travel,West,Agent,Active,199312.05,186296.04,False,0,,38968.31,10474.17,182854.34
EVT00000592,2021,2021-11-02,POL00104,Property,Commercial Property,Central,Bancassurance,Active,9669.35,8775.93,False,0,,3324.77,1550.19,9288.01
EVT00000593,2021,2021-02-01,POL00375,SME,SME Package,East,Agent,Active,111053.4,99699.28,False,0,,28163.18,17343.17,102522.86
EVT00000594,2021,2021-08-18,POL00271,Motor,Private Motor,West,Direct,Active,64783.96,59087.83,False,0,,5511.96,8483.5,61345.68
EVT00000595,2021,2021-08-28,POL00358,Travel,Travel,North,Broker,Active,48746.68,40750.36,True,21618.46,Settled,15916.8,7845.73,46664.22
EVT00000596,2021,2021-05-25,POL00068,Property,Commercial Property,West,Bancassurance,Expired,150698.75,140699.31,False,0,,43691.56,24080.01,142150.57
EVT00000597,2021,2021-10-13,POL00354,Motor,Private Motor,West,Broker,Active,41138.59,35915.9,False,0,,13695.71,4697.38,36416.2
EVT00000598,2021,2021-11-13,POL00025,Motor,Private Motor,East,Direct,Active,41624.36,39833.98,False,0,,2480.44,2425.72,38069.35
EVT00000599,2021,2021-12-20,POL00117,Motor,Private Motor,Central,Broker,Active,218656.52,206897.49,False,0,,61448.71,26766.38,215255.9
EVT00000600,2021,2021-02-22,POL00264,SME,SME Package,North,Agent,Expired,100819.26,87136.46,False,0,,8396.15,6428.84,94929.99
EVT00000601,2021,2021-09-13,POL00288,Motor,Private Motor,Central,Agent,Active,33028.58,26467.34,False,0,,8868.33,4692.08,31849.28
EVT00000602,2021,2021-08-31,POL00376,Motor,Private Motor,South,Direct,Active,37207.76,35799.4,False,0,,6501.12,5580.21,32995.75
EVT00000603,2021,2021-08-04,POL00175,Property,Commercial Property,Central,Broker,Active,86956.51,81627.06,False,0,,21695.53,6061.69,83741.39
EVT00000604,2021,2021-01-06,POL00117,Health,Retail Health,West,Bancassurance,Expired,198389.83,196001.24,False,0,,50521.87,34259.19,181801.82
EVT00000605,2021,2021-03-19,POL00368,SME,SME Package,North,Agent,Active,93149.98,87849.11,False,0,,15647.32,5106.69,92067.38
EVT00000606,2021,2021-05-24,POL00295,Motor,Private Motor,Central,Direct,Active,195785.96,181140.7,False,0,,52170.17,17773.52,176525.24
EVT00000607,2021,2021-11-29,POL00271,SME,SME Package,South,Bancassurance,Active,51488.32,45624.13,False,0,,12646.1,7242.93,50620.81
EVT00000608,2021,2021-02-17,POL00208,Health,Retail Health,East,Agent,Active,78912.5,73489.21,False,0,,6928.65,14121.4,70436.44
EVT00000609,2021,2021-08-05,POL00262,SME,SME Package,East,Direct,Expired,41925.8,31736.69,False,0,,9548.65,3411.68,40505.51
EVT00000610,2021,2021-01-03,POL00259,Motor,Private Motor,North,Direct,Active,115589.87,90270.29,False,0,,38422.41,12522.52,108176.55
EVT00000611,2021,2021-05-07,POL00233,Property,Commercial Property,South,Broker,Active,68321.52,64645.64,False,0,,17198.59,9760.8,63398.95
EVT00000612,2021,2021-03-08,POL00054,Property,Commercial Property,Central,Broker,Expired,84588.72,65513.71,False,0,,25252.38,5130.57,72689.54
EVT00000613,2021,2021-08-05,POL00244,Health,Retail Health,West,Agent,Active,119566.19,107258.03,False,0,,20139.1,10077.06,110577.69
EVT00000614,2021,2021-03-22,POL00226,Travel,Travel,West,Broker,Active,34950.28,32426.44,True,45208.43,Open,9029.1,3816.79,29878.68
EVT00000615,2021,2021-05-31,POL00287,Property,Commercial Property,North,Bancassurance,Active,86352.22,71015.86,False,0,,7367.8,7740.63,78249.7
EVT00000616,2021,2021-01-02,POL00249,Motor,Private Motor,South,Broker,Expired,97412.48,95873.87,False,0,,13155.04,7189.04,93608.43
EVT00000617,2021,2021-11-07,POL00063,SME,SME Package,East,Agent,Expired,96525.93,86223.21,False,0,,30896.62,14630.96,88927.81
EVT00000618,2021,2021-07-18,POL00068,Health,Retail Health,Central,Bancassurance,Expired,149450.8,117654.49,False,0,,11477.0,19610.96,141012.57
EVT00000619,2021,2021-12-29,POL00120,Travel,Travel,East,Agent,Cancelled,196689.15,183703.38,False,0,,60931.56,27917.49,184061.55
EVT00000620,2021,2021-12-04,POL00159,SME,SME Package,North,Agent,Active,139165.26,124443.51,True,144134.04,Closed,38293.77,16051.74,118680.08
EVT00000621,2021,2021-07-25,POL00273,Health,Retail Health,North,Direct,Expired,60000.78,55584.99,False,0,,10996.27,9294.1,56462.43
EVT00000622,2021,2021-10-05,POL00302,Motor,Private Motor,West,Agent,Active,46267.7,34979.04,False,0,,7615.82,2860.88,46127.41
EVT00000623,2021,2021-01-14,POL00087,Property,Commercial Property,South,Broker,Active,27001.26,22321.9,False,0,,2720.57,3506.97,24268.56
EVT00000624,2021,2021-05-02,POL00366,Motor,Private Motor,East,Bancassurance,Active,38201.64,37179.85,True,64920.92,Open,2504.63,3100.1,35892.38
EVT00000625,2021,2021-01-10,POL00253,SME,SME Package,Central,Bancassurance,Expired,65088.96,53996.77,False,0,,4532.63,3499.04,61511.1
EVT00000626,2021,2021-04-15,POL00138,SME,SME Package,Central,Agent,Active,125597.98,118853.81,False,0,,21605.84,7649.93,118736.54
EVT00000627,2021,2021-11-14,POL00073,Property,Commercial Property,Central,Broker,Expired,121957.55,104388.12,False,0,,22625.88,6113.75,112164.09
EVT00000628,2021,2021-10-27,POL00149,Health,Retail Health,North,Agent,Expired,110223.49,99142.39,False,0,,18081.73,10546.66,104142.57
EVT00000629,2021,2021-05-24,POL00262,Property,Commercial Property,North,Broker,Expired,127373.29,105103.29,False,0,,11067.86,8681.07,118899.38
EVT00000630,2021,2021-06-14,POL00222,Health,Retail Health,Central,Direct,Expired,208426.59,189416.52,False,0,,54675.76,17818.75,197868.02
EVT00000631,2021,2021-12-27,POL00175,Health,Retail Health,West,Direct,Active,154671.15,140999.89,True,134239.92,Open,38948.04,16041.13,152241.3
EVT00000632,2021,2021-11-04,POL00251,Travel,Travel,Central,Agent,Expired,145608.62,112028.47,True,218589.2,Repudiated,36645.87,13962.31,141519.52
EVT00000633,2021,2021-11-11,POL00184,Travel,Travel,South,Agent,Active,86541.9,69081.87,True,116534.2,Settled,21996.04,12305.89,76046.68
EVT00000634,2021,2021-11-23,POL00321,Property,Commercial Property,South,Broker,Cancelled,213066.86,161760.15,False,0,,55656.11,27439.5,181334.88
EVT00000635,2021,2021-02-03,POL00203,Motor,Private Motor,East,Bancassurance,Active,49079.29,45874.59,False,0,,11332.0,3573.89,46047.4
EVT00000636,2021,2021-11-11,POL00066,Property,Commercial Property,Central,Broker,Expired,162526.56,133041.32,False,0,,9253.49,28616.93,154670.05
EVT00000637,2021,2021-09-23,POL00130,SME,SME Package,West,Agent,Expired,143884.85,141837.16,True,243315.56,Repudiated,43640.63,14804.87,124929.12
EVT00000638,2021,2021-02-11,POL00239,Travel,Travel,East,Agent,Expired,55604.22,45566.73,False,0,,10267.79,2817.51,48886.74
EVT00000639,2021,2021-08-10,POL00293,Motor,Private Motor,South,Bancassurance,Cancelled,202402.99,161764.36,False,0,,13936.1,26573.15,172888.77
EVT00000640,2021,2021-02-07,POL00013,SME,SME Package,East,Direct,Active,108398.22,107281.79,False,0,,32139.0,12743.05,95987.88
EVT00000641,2021,2021-03-07,POL00398,SME,SME Package,Central,Bancassurance,Expired,140573.94,125776.23,True,18173.74,Open,22944.27,23294.63,134108.18
EVT00000642,2021,2021-11-03,POL00032,Travel,Travel,North,Direct,Active,99549.87,77196.63,True,12197.66,Repudiated,16973.74,12966.3,90756.25
EVT00000643,2021,2021-08-21,POL00338,SME,SME Package,North,Bancassurance,Active,176574.91,171274.93,False,0,,26819.07,30350.76,170825.52
EVT00000644,2021,2021-09-18,POL00265,Property,Commercial Property,Central,Broker,Active,10605.18,9845.05,False,0,,3205.24,1777.09,9214.81
EVT00000645,2021,2021-11-30,POL00132,Property,Commercial Property,West,Bancassurance,Expired,102260.35,82911.48,False,0,,6968.77,9256.27,93606.79
EVT00000646,2021,2021-01-30,POL00387,Property,Commercial Property,East,Broker,Active,73438.98,61374.8,False,0,,3850.01,9270.73,69895.19
EVT00000647,2021,2021-12-22,POL00122,SME,SME Package,Central,Agent,Active,49426.31,39545.64,False,0,,14115.12,4665.93,46963.84
EVT00000648,2021,2021-01-22,POL00355,Travel,Travel,Central,Direct,Expired,128012.54,106751.59,False,0,,19020.83,8145.47,125633.53
EVT00000649,2021,2021-07-12,POL00254,Health,Retail Health,North,Broker,Active,106905.79,85875.78,False,0,,29987.56,16667.13,103815.22
EVT00000650,2021,2021-01-16,POL00106,Travel,Travel,South,Agent,Active,23631.01,17900.59,True,14488.17,Closed,5657.27,3985.42,21362.11
EVT00000651,2021,2021-05-15,POL00102,Health,Retail Health,East,Broker,Active,63543.76,50426.49,False,0,,7866.04,4796.18,55690.49
EVT00000652,2021,2021-11-16,POL00052,Motor,Private Motor,South,Bancassurance,Active,195622.44,163265.67,True,162270.01,Settled,57287.31,26588.64,193895.93
EVT00000653,2021,2021-11-22,POL00223,Motor,Private Motor,North,Broker,Expired,35728.47,28490.25,False,0,,9228.88,3263.21,32671.22
EVT00000654,2021,2021-09-08,POL00126,Motor,Private Motor,Central,Broker,Expired,70366.74,55388.6,True,80839.0,Settled,21944.25,11307.61,70033.04
EVT00000655,2021,2021-12-31,POL00108,Motor,Private Motor,West,Agent,Active,90280.56,87626.81,False,0,,14650.71,10603.99,79162.49
EVT00000656,2021,2021-08-20,POL00192,SME,SME Package,West,Bancassurance,Active,131211.58,119340.4,False,0,,32136.49,10094.89,129142.73
EVT00000657,2021,2021-06-01,POL00121,Travel,Travel,South,Direct,Active,87941.59,69412.5,False,0,,11112.19,5366.08,84665.19
EVT00000658,2021,2021-06-12,POL00228,SME,SME Package,East,Broker,Active,106633.66,96533.47,False,0,,20288.68,11000.74,103506.7
EVT00000659,2021,2021-02-10,POL00140,Travel,Travel,North,Broker,Active,64312.47,49454.5,False,0,,8897.97,7410.69,59939.08
EVT00000660,2021,2021-04-08,POL00142,Health,Retail Health,North,Agent,Active,16115.65,12893.76,True,11562.96,Settled,4408.65,2415.78,15742.04
EVT00000661,2021,2021-12-02,POL00362,SME,SME Package,South,Direct,Active,71488.52,68312.8,False,0,,12234.78,7345.35,66984.25
EVT00000662,2021,2021-06-10,POL00007,Travel,Travel,Central,Broker,Expired,56246.64,52356.28,True,25961.89,Repudiated,15003.97,6186.13,54491.03
EVT00000663,2021,2021-07-01,POL00097,Travel,Travel,West,Broker,Active,188824.15,143039.21,True,297352.0,Settled,62879.61,9678.85,183454.03
EVT00000664,2021,2021-03-13,POL00174,Health,Retail Health,West,Bancassurance,Active,93514.17,88339.18,False,0,,13823.63,4958.23,90503.36
EVT00000665,2021,2021-08-20,POL00079,Property,Commercial Property,Central,Bancassurance,Cancelled,51291.38,43477.6,False,0,,5462.61,3288.96,47979.35
EVT00000666,2021,2021-07-17,POL00328,Property,Commercial Property,North,Broker,Active,125216.24,94915.76,False,0,,24615.51,9299.81,107739.01
EVT00000667,2021,2021-03-22,POL00146,Health,Retail Health,South,Direct,Active,22835.64,17454.73,False,0,,2318.91,3693.94,20817.64
EVT00000668,2021,2021-12-30,POL00057,Health,Retail Health,Central,Bancassurance,Active,22577.75,22324.3,False,0,,2008.96,1732.57,20654.81
EVT00000669,2021,2021-05-07,POL00341,Travel,Travel,South,Direct,Active,114524.7,105501.18,True,4512.07,Closed,21040.42,18002.8,107736.51
EVT00000670,2021,2021-12-31,POL00270,Property,Commercial Property,Central,Bancassurance,Active,130140.14,121592.88,False,0,,40902.81,14226.9,124290.01
EVT00000671,2021,2021-02-18,POL00153,Travel,Travel,Central,Broker,Active,46070.56,41667.79,False,0,,7620.05,6250.87,43987.17
EVT00000672,2021,2021-09-10,POL00202,Motor,Private Motor,South,Broker,Active,141153.64,116165.55,False,0,,36617.12,20313.87,124580.54
EVT00000673,2021,2021-08-25,POL00211,SME,SME Package,North,Direct,Active,30307.61,28538.7,False,0,,5615.42,2511.28,28062.11
EVT00000674,2021,2021-02-04,POL00014,Motor,Private Motor,West,Bancassurance,Active,92660.47,73998.73,True,44046.42,Closed,13726.08,13651.47,85499.1
EVT00000675,2021,2021-03-28,POL00043,SME,SME Package,South,Bancassurance,Active,181930.46,174724.31,True,8862.0,Open,18769.94,12032.82,174874.65
EVT00000676,2021,2021-11-22,POL00040,Motor,Private Motor,East,Broker,Active,45723.33,42458.82,False,0,,9587.71,4913.77,39192.37
EVT00000677,2021,2021-04-13,POL00268,Motor,Private Motor,West,Direct,Active,134819.53,102754.89,False,0,,14900.45,11117.35,132974.32
EVT00000678,2021,2021-12-07,POL00047,Motor,Private Motor,West,Agent,Cancelled,79468.73,63419.06,False,0,,9231.91,13088.28,77048.0
EVT00000679,2021,2021-08-08,POL00086,Health,Retail Health,North,Bancassurance,Active,180912.36,150278.45,False,0,,42948.96,31019.7,164496.3
EVT00000680,2021,2021-05-23,POL00062,Health,Retail Health,South,Agent,Active,44807.77,38110.57,False,0,,7471.96,4912.76,38530.31
EVT00000681,2021,2021-10-19,POL00333,SME,SME Package,East,Agent,Active,54334.9,44847.13,False,0,,18741.78,3435.91,50554.67
EVT00000682,2021,2021-12-19,POL00088,Property,Commercial Property,North,Direct,Cancelled,155618.86,143087.67,False,0,,40167.75,14498.39,147106.98
EVT00000683,2021,2021-01-07,POL00163,Travel,Travel,North,Direct,Active,201365.89,173623.29,False,0,,54881.1,23246.61,192444.25
EVT00000684,2021,2021-03-19,POL00120,Motor,Private Motor,Central,Agent,Active,164437.62,154458.14,False,0,,11177.96,16228.03,147088.17
EVT00000685,2021,2021-01-21,POL00193,Health,Retail Health,North,Broker,Expired,134791.94,132968.09,False,0,,20031.02,11613.19,127586.0
EVT00000686,2021,2021-07-15,POL00267,Travel,Travel,East,Agent,Active,163369.1,136524.63,True,18739.01,Closed,47448.19,22956.0,144314.81
EVT00000687,2021,2021-03-06,POL00267,Property,Commercial Property,South,Bancassurance,Active,21698.78,18941.09,False,0,,1424.14,3883.25,21497.87
EVT00000688,2021,2021-05-08,POL00047,Health,Retail Health,Central,Broker,Active,24570.88,22881.57,False,0,,6548.19,2010.89,21535.52
EVT00000689,2021,2021-08-30,POL00156,Property,Commercial Property,Central,Bancassurance,Cancelled,50697.01,48953.36,False,0,,16998.91,4904.72,45964.83
EVT00000690,2021,2021-03-20,POL00226,Travel,Travel,Central,Bancassurance,Expired,181756.01,172375.52,True,126641.2,Open,50465.92,30862.03,170719.33
EVT00000691,2021,2021-03-21,POL00284,Health,Retail Health,East,Bancassurance,Active,104163.86,87892.08,False,0,,7456.25,7058.7,95871.25
EVT00000692,2021,2021-10-29,POL00098,Motor,Private Motor,North,Direct,Active,204246.51,201197.36,False,0,,33076.39,23210.91,193249.33
EVT00000693,2021,2021-09-18,POL00037,Travel,Travel,North,Agent,Active,127909.02,102142.65,False,0,,16190.41,21578.4,122579.92
EVT00000694,2021,2021-11-27,POL00364,Travel,Travel,East,Agent,Active,204421.98,190912.97,True,15593.87,Settled,48915.28,28197.01,195145.46
EVT00000695,2021,2021-02-17,POL00076,Property,Commercial Property,Central,Bancassurance,Expired,39241.89,31858.67,False,0,,9762.65,2785.61,34042.72
EVT00000696,2021,2021-12-04,POL00330,Travel,Travel,West,Agent,Active,48030.53,41101.46,False,0,,6045.19,4288.58,47797.7
EVT00000697,2021,2021-07-23,POL00196,SME,SME Package,East,Bancassurance,Expired,203955.97,197297.72,True,211499.8,Settled,60017.8,17330.7,179772.67
EVT00000698,2021,2021-03-29,POL00358,Property,Commercial Property,North,Broker,Expired,8334.66,6396.52,False,0,,1729.35,1125.91,8000.91
EVT00000699,2021,2021-04-04,POL00091,Property,Commercial Property,South,Broker,Active,46580.68,45980.76,False,0,,13709.21,3453.16,40005.69
EVT00000700,2021,2021-02-02,POL00389,Health,Retail Health,East,Bancassurance,Active,201549.94,156664.54,False,0,,14903.2,12323.15,175086.88
EVT00000701,2022,2022-04-19,POL00176,Motor,Private Motor,Central,Broker,Active,150634.57,116772.26,True,204588.98,Open,37597.89,22986.37,128985.2
EVT00000702,2022,2022-05-03,POL00268,Motor,Private Motor,West,Direct,Expired,108325.14,90371.06,False,0,,17465.86,17951.62,108316.12
EVT00000703,2022,2022-11-05,POL00185,Travel,Travel,West,Agent,Cancelled,193092.42,183740.48,True,302959.32,Repudiated,51664.98,31944.47,168150.57
EVT00000704,2022,2022-06-14,POL00063,SME,SME Package,East,Broker,Active,139090.56,127228.78,False,0,,24193.13,10352.72,138802.25
EVT00000705,2022,2022-09-01,POL00009,Property,Commercial Property,North,Direct,Active,57514.43,50102.78,False,0,,16574.98,5480.17,56988.9
EVT00000706,2022,2022-09-12,POL00338,Motor,Private Motor,West,Direct,Active,158931.7,153760.81,False,0,,45368.42,22753.7,135848.76
EVT00000707,2022,2022-12-04,POL00045,Property,Commercial Property,Central,Bancassurance,Active,102612.78,79927.11,False,0,,12546.51,7953.86,98814.86
EVT00000708,2022,2022-12-07,POL00359,Motor,Private Motor,North,Bancassurance,Cancelled,14195.02,13943.07,False,0,,2342.84,1227.11,13597.07
EVT00000709,2022,2022-07-13,POL00244,Motor,Private Motor,South,Bancassurance,Active,154658.32,149706.96,False,0,,43289.05,19809.93,146399.25
EVT00000710,2022,2022-06-10,POL00368,Travel,Travel,Central,Bancassurance,Expired,55392.78,43146.68,True,11620.41,Closed,15143.57,3605.73,50139.36
EVT00000711,2022,2022-03-06,POL00195,SME,SME Package,North,Direct,Active,121547.84,116902.24,False,0,,17732.97,11845.21,115700.82
EVT00000712,2022,2022-12-15,POL00267,SME,SME Package,Central,Broker,Active,9947.97,9580.8,False,0,,2933.1,881.26,8782.42
EVT00000713,2022,2022-03-05,POL00234,Health,Retail Health,Central,Direct,Active,149054.35,141649.77,False,0,,34232.43,13438.13,148838.26
EVT00000714,2022,2022-04-26,POL00141,SME,SME Package,West,Broker,Active,157277.78,132770.31,False,0,,23582.76,24790.91,138654.83
EVT00000715,2022,2022-08-05,POL00359,Motor,Private Motor,South,Bancassurance,Expired,71409.58,68107.1,False,0,,6980.86,3770.68,64900.09
EVT00000716,2022,2022-03-09,POL00348,Travel,Travel,East,Bancassurance,Active,119903.02,98411.6,False,0,,13012.79,19341.89,108999.74
EVT00000717,2022,2022-04-11,POL00166,SME,SME Package,North,Direct,Active,42703.23,33496.0,False,0,,5864.2,2939.13,37695.02
EVT00000718,2022,2022-02-19,POL00377,Motor,Private Motor,East,Agent,Active,217558.65,171197.2,False,0,,38754.44,34682.29,215143.27
EVT00000719,2022,2022-03-02,POL00183,Travel,Travel,South,Agent,Active,117272.26,97877.94,False,0,,11090.5,16879.18,103991.19
EVT00000720,2022,2022-08-26,POL00124,Travel,Travel,West,Direct,Active,210365.74,192105.83,False,0,,54177.27,32268.48,199590.35
EVT00000721,2022,2022-10-21,POL00333,Travel,Travel,East,Bancassurance,Active,33440.08,25770.91,False,0,,8381.34,3887.99,28539.57
EVT00000722,2022,2022-02-02,POL00294,Travel,Travel,East,Agent,Expired,46392.48,40410.07,False,0,,8355.14,5765.89,40125.61
EVT00000723,2022,2022-10-27,POL00366,SME,SME Package,South,Bancassurance,Expired,12186.23,10833.74,False,0,,3578.59,1383.3,11306.81
EVT00000724,2022,2022-04-16,POL00276,Motor,Private Motor,South,Agent,Active,135009.75,107330.64,False,0,,39173.6,8910.09,117367.0
EVT00000725,2022,2022-12-03,POL00335,Health,Retail Health,North,Direct,Expired,15421.12,15343.74,False,0,,2453.01,1862.49,14086.54
EVT00000726,2022,2022-09-25,POL00001,Health,Retail Health,East,Agent,Expired,118121.93,111707.96,False,0,,21672.55,14767.52,112719.65
EVT00000727,2022,2022-07-03,POL00181,SME,SME Package,Central,Broker,Active,148474.8,113016.63,True,40436.25,Closed,50069.69,19046.16,131015.05
EVT00000728,2022,2022-08-06,POL00143,Health,Retail Health,Central,Bancassurance,Active,62053.08,52462.5,False,0,,10550.13,3774.26,55111.01
EVT00000729,2022,2022-09-19,POL00356,Health,Retail Health,Central,Broker,Active,163327.08,163137.59,False,0,,17604.74,16067.87,154931.69
EVT00000730,2022,2022-12-17,POL00310,Health,Retail Health,West,Broker,Active,175010.22,147837.34,False,0,,21744.9,14896.22,162710.59
EVT00000731,2022,2022-04-24,POL00281,Travel,Travel,North,Direct,Active,84917.73,70768.68,True,133199.64,Closed,11217.13,5327.15,84656.42
EVT00000732,2022,2022-05-25,POL00194,Motor,Private Motor,North,Broker,Active,193608.53,173706.88,False,0,,15229.67,18461.93,181183.45
EVT00000733,2022,2022-09-30,POL00283,Property,Commercial Property,Central,Agent,Expired,44198.45,43607.41,False,0,,6786.75,6469.27,43986.3
EVT00000734,2022,2022-05-17,POL00283,SME,SME Package,West,Bancassurance,Active,62920.94,57992.0,False,0,,15558.39,4313.05,58839.52
EVT00000735,2022,2022-04-28,POL00028,Property,Commercial Property,South,Bancassurance,Expired,46818.16,46657.18,False,0,,9394.94,4019.67,42799.51
EVT00000736,2022,2022-10-11,POL00157,Motor,Private Motor,East,Bancassurance,Expired,187192.07,170095.66,True,83159.24,Open,18631.96,10756.71,179987.31
EVT00000737,2022,2022-01-04,POL00253,Motor,Private Motor,West,Broker,Active,117182.44,117122.51,False,0,,30392.98,12035.96,110437.77
EVT00000738,2022,2022-11-07,POL00366,Travel,Travel,Central,Direct,Active,164664.43,162641.87,False,0,,51721.03,19538.17,155011.64
EVT00000739,2022,2022-02-27,POL00230,Health,Retail Health,Central,Broker,Active,85814.8,67221.28,False,0,,5601.3,9818.59,75137.09
EVT00000740,2022,2022-11-26,POL00174,Health,Retail Health,Central,Agent,Active,110422.43,90125.43,True,126559.34,Repudiated,12724.97,9896.78,109314.53
EVT00000741,2022,2022-07-25,POL00264,Motor,Private Motor,West,Bancassurance,Active,9248.91,8001.13,False,0,,759.79,882.94,8863.83
EVT00000742,2022,2022-08-29,POL00182,Motor,Private Motor,North,Bancassurance,Active,25965.68,22812.92,True,8416.66,Repudiated,1352.11,3895.58,23045.07
EVT00000743,2022,2022-07-03,POL00203,Property,Commercial Property,East,Direct,Active,46622.59,44426.01,True,38489.54,Repudiated,4594.67,4475.11,42664.05
EVT00000744,2022,2022-12-07,POL00364,Health,Retail Health,North,Broker,Active,36340.23,31080.49,False,0,,2161.59,4964.32,36058.82
EVT00000745,2022,2022-07-19,POL00137,Motor,Private Motor,West,Bancassurance,Active,177561.86,164880.43,False,0,,49596.19,29231.95,164294.22
EVT00000746,2022,2022-11-02,POL00068,Motor,Private Motor,North,Agent,Active,80953.56,60991.4,False,0,,5311.52,12780.84,74027.96
EVT00000747,2022,2022-12-25,POL00378,Motor,Private Motor,West,Bancassurance,Active,111017.0,104380.96,True,33015.83,Closed,13859.37,16616.42,108755.03
EVT00000748,2022,2022-11-21,POL00127,Travel,Travel,South,Bancassurance,Expired,179709.92,166283.12,False,0,,18753.89,32173.78,168690.01
EVT00000749,2022,2022-06-06,POL00077,Health,Retail Health,North,Broker,Active,66058.67,52717.75,True,5047.05,Closed,5105.06,3740.52,60185.7
EVT00000750,2022,2022-06-13,POL00359,Health,Retail Health,South,Direct,Active,21006.14,17997.39,True,6831.13,Settled,2818.33,2008.88,19172.54
EVT00000751,2022,2022-09-09,POL00025,Health,Retail Health,North,Agent,Active,165888.0,133207.13,False,0,,53506.28,10467.37,145604.21
EVT00000752,2022,2022-10-29,POL00187,Property,Commercial Property,East,Agent,Active,10896.26,9675.25,False,0,,1627.5,1594.86,9852.48
EVT00000753,2022,2022-10-28,POL00271,SME,SME Package,East,Broker,Active,52527.06,44438.54,False,0,,4682.56,7697.12,45596.28
EVT00000754,2022,2022-03-20,POL00336,Health,Retail Health,South,Bancassurance,Expired,23874.48,21168.18,False,0,,6388.93,4265.27,21016.7
EVT00000755,2022,2022-08-18,POL00023,Health,Retail Health,South,Bancassurance,Active,61535.41,59644.36,False,0,,19817.14,10877.39,60565.42
EVT00000756,2022,2022-05-29,POL00323,Motor,Private Motor,West,Agent,Active,119037.71,117622.48,False,0,,11913.36,10194.31,118457.17
EVT00000757,2022,2022-07-16,POL00024,SME,SME Package,North,Broker,Expired,92268.69,84995.48,False,0,,31506.21,6598.81,88818.69
EVT00000758,2022,2022-09-15,POL00288,Travel,Travel,West,Direct,Active,8763.32,7825.42,False,0,,461.46,1496.09,8122.89
EVT00000759,2022,2022-05-23,POL00363,SME,SME Package,East,Direct,Expired,70829.1,57876.49,True,30877.51,Closed,9742.75,9430.89,70213.38
EVT00000760,2022,2022-12-28,POL00069,Property,Commercial Property,North,Broker,Cancelled,52514.15,40910.95,False,0,,12593.15,9262.89,47193.64
EVT00000761,2022,2022-05-24,POL00282,Property,Commercial Property,South,Bancassurance,Expired,70517.81,70257.97,False,0,,3746.08,6784.72,67666.88
EVT00000762,2022,2022-10-25,POL00091,Property,Commercial Property,North,Agent,Expired,153880.46,151789.85,True,174577.42,Closed,45403.06,12107.79,137002.7
EVT00000763,2022,2022-04-01,POL00323,Travel,Travel,South,Bancassurance,Active,161972.66,136406.9,False,0,,12651.25,11920.66,142172.18
EVT00000764,2022,2022-11-27,POL00097,SME,SME Package,West,Broker,Active,12462.03,9854.1,True,10659.91,Closed,882.76,739.82,11051.18
EVT00000765,2022,2022-11-26,POL00207,Motor,Private Motor,Central,Broker,Expired,179294.46,161512.64,False,0,,10079.0,28230.47,172932.53
EVT00000766,2022,2022-06-23,POL00023,Health,Retail Health,South,Agent,Active,206982.86,186265.8,False,0,,10932.6,31650.97,192774.63
EVT00000767,2022,2022-10-06,POL00363,Motor,Private Motor,South,Broker,Active,127324.46,109636.74,True,78037.98,Closed,15679.07,15362.77,113333.86
EVT00000768,2022,2022-07-17,POL00064,Motor,Private Motor,North,Agent,Active,29744.01,28899.7,False,0,,1498.0,2354.56,26293.74
EVT00000769,2022,2022-04-25,POL00076,Property,Commercial Property,East,Broker,Expired,153096.5,141107.75,False,0,,49065.04,17443.31,152884.49
EVT00000770,2022,2022-09-29,POL00053,Property,Commercial Property,East,Agent,Active,33090.41,32456.06,False,0,,10545.12,4254.96,29010.7
EVT00000771,2022,2022-12-05,POL00172,SME,SME Package,South,Bancassurance,Active,149461.96,123364.55,False,0,,23094.22,9492.32,147583.99
EVT00000772,2022,2022-02-04,POL00189,Property,Commercial Property,North,Agent,Expired,215346.48,203383.12,True,59839.76,Repudiated,57368.96,32758.72,198498.81
EVT00000773,2022,2022-07-31,POL00058,SME,SME Package,West,Direct,Active,76487.32,59804.21,False,0,,11915.4,8738.43,70536.09
EVT00000774,2022,2022-08-04,POL00309,Property,Commercial Property,South,Broker,Active,124459.92,110108.05,False,0,,26244.09,9946.2,107351.99
EVT00000775,2022,2022-03-13,POL00270,SME,SME Package,South,Agent,Active,8607.61,8594.49,True,9976.16,Closed,2808.42,497.05,7767.53
EVT00000776,2022,2022-07-10,POL00151,Travel,Travel,South,Bancassurance,Active,183498.22,140186.48,True,317876.53,Closed,29953.93,9803.41,182532.46
EVT00000777,2022,2022-03-18,POL00028,Motor,Private Motor,Central,Agent,Active,133912.24,105729.51,True,36629.98,Closed,9791.61,16604.29,130170.29
EVT00000778,2022,2022-05-27,POL00392,Health,Retail Health,West,Broker,Expired,156095.55,128759.62,False,0,,23601.82,23661.21,148959.96
EVT00000779,2022,2022-12-31,POL00057,Health,Retail Health,North,Agent,Active,44799.0,35395.12,False,0,,7933.29,7762.39,41131.95
EVT00000780,2022,2022-04-19,POL00133,SME,SME Package,Central,Direct,Expired,97818.1,77198.06,False,0,,20194.58,17326.56,84981.43
EVT00000781,2022,2022-12-01,POL00206,SME,SME Package,North,Broker,Active,182371.05,181276.25,False,0,,13342.77,25534.77,168075.43
EVT00000782,2022,2022-05-25,POL00329,Travel,Travel,West,Broker,Active,86753.37,74265.7,True,18989.5,Settled,20036.3,13885.68,74105.36
EVT00000783,2022,2022-01-23,POL00084,SME,SME Package,North,Agent,Active,10327.13,10093.96,True,6144.67,Open,1260.95,630.52,9661.22
EVT00000784,2022,2022-07-20,POL00289,Travel,Travel,North,Agent,Active,208023.94,156458.9,False,0,,28025.12,21168.04,182901.42
EVT00000785,2022,2022-09-02,POL00372,Property,Commercial Property,South,Agent,Active,198060.37,173480.01,False,0,,55955.63,10512.86,192001.78
EVT00000786,2022,2022-03-24,POL00301,Motor,Private Motor,East,Broker,Active,106178.52,103131.3,True,138158.16,Closed,31029.91,14339.26,102496.66
EVT00000787,2022,2022-12-16,POL00257,SME,SME Package,Central,Direct,Active,35813.89,29464.46,False,0,,11891.73,1976.99,34270.83
EVT00000788,2022,2022-02-14,POL00199,Health,Retail Health,South,Agent,Cancelled,128182.98,128003.67,True,6402.68,Settled,27449.21,22555.48,123980.74
EVT00000789,2022,2022-08-24,POL00256,Motor,Private Motor,West,Direct,Active,70668.93,54205.93,False,0,,11025.1,4186.95,67601.78
EVT00000790,2022,2022-11-14,POL00133,Travel,Travel,East,Bancassurance,Active,37774.82,29501.82,False,0,,2337.42,6107.07,34380.41
EVT00000791,2022,2022-11-14,POL00349,Health,Retail Health,West,Direct,Active,140421.97,116327.15,True,106199.2,Repudiated,18093.12,23003.89,133735.54
EVT00000792,2022,2022-12-09,POL00330,Motor,Private Motor,South,Agent,Active,30323.18,25591.41,False,0,,9283.4,2395.43,29750.79
EVT00000793,2022,2022-06-12,POL00048,Property,Commercial Property,West,Bancassurance,Active,198826.82,172226.43,True,262699.48,Repudiated,55763.96,15097.16,178806.57
EVT00000794,2022,2022-11-04,POL00176,SME,SME Package,West,Broker,Expired,108958.53,89301.73,True,33077.56,Repudiated,10204.42,8471.65,101901.39
EVT00000795,2022,2022-02-05,POL00397,Travel,Travel,North,Direct,Expired,215454.89,173086.81,True,11828.8,Repudiated,28214.77,28577.8,185838.18
EVT00000796,2022,2022-06-25,POL00141,Travel,Travel,North,Direct,Expired,103701.24,88657.35,True,167023.85,Closed,31023.75,6431.28,102171.26
EVT00000797,2022,2022-12-21,POL00386,Property,Commercial Property,South,Broker,Active,96849.43,84150.03,False,0,,9511.27,13614.1,87474.78
EVT00000798,2022,2022-06-12,POL00293,Travel,Travel,North,Broker,Active,149608.05,135264.84,False,0,,51750.98,25742.46,143836.99
EVT00000799,2022,2022-03-06,POL00008,Health,Retail Health,West,Broker,Active,75078.46,71174.7,False,0,,9673.17,10803.58,74946.01
EVT00000800,2022,2022-04-18,POL00325,Travel,Travel,Central,Agent,Active,166090.0,132359.49,False,0,,46889.75,21279.89,146561.24
EVT00000801,2022,2022-08-22,POL00098,SME,SME Package,North,Direct,Expired,11432.55,11137.18,False,0,,3547.83,1610.97,10830.47
EVT00000802,2022,2022-10-11,POL00212,Travel,Travel,East,Direct,Expired,98280.03,97642.93,False,0,,32226.48,10776.12,89038.58
EVT00000803,2022,2022-02-20,POL00305,Health,Retail Health,Central,Bancassurance,Active,187159.42,172586.75,False,0,,25261.75,24452.18,185057.68
EVT00000804,2022,2022-10-25,POL00045,Motor,Private Motor,North,Agent,Active,95191.29,83206.82,False,0,,31238.8,5993.36,87253.81
EVT00000805,2022,2022-11-27,POL00017,Property,Commercial Property,West,Broker,Active,104381.53,88230.57,True,89818.06,Open,16198.35,15989.96,95988.43
EVT00000806,2022,2022-12-11,POL00361,Travel,Travel,North,Direct,Expired,115602.89,94436.27,False,0,,16440.93,19345.85,114030.77
EVT00000807,2022,2022-10-20,POL00124,Motor,Private Motor,West,Agent,Active,40515.57,34178.99,False,0,,11993.03,5185.71,36474.69
EVT00000808,2022,2022-03-30,POL00221,Health,Retail Health,Central,Bancassurance,Active,144620.08,138421.3,False,0,,32301.77,9653.85,136729.76
EVT00000809,2022,2022-11-18,POL00207,Property,Commercial Property,Central,Broker,Active,29110.52,27663.52,False,0,,6970.0,4423.53,28425.1
EVT00000810,2022,2022-02-10,POL00134,SME,SME Package,South,Direct,Active,27772.27,23866.25,False,0,,6331.7,1489.05,26554.08
EVT00000811,2022,2022-07-13,POL00293,Travel,Travel,North,Broker,Cancelled,142506.19,134582.48,True,168421.78,Closed,19819.3,17044.34,126372.8
EVT00000812,2022,2022-03-04,POL00395,Property,Commercial Property,North,Direct,Active,38479.14,29081.96,False,0,,11931.68,2478.87,38058.94
EVT00000813,2022,2022-01-12,POL00055,Health,Retail Health,East,Direct,Expired,27668.75,24170.35,False,0,,8341.98,2789.12,25556.39
EVT00000814,2022,2022-04-02,POL00212,Motor,Private Motor,West,Agent,Active,97020.31,94345.3,False,0,,17974.33,6882.96,86815.06
EVT00000815,2022,2022-05-11,POL00338,SME,SME Package,Central,Agent,Active,80675.82,67501.13,False,0,,18555.27,4086.38,74888.32
EVT00000816,2022,2022-12-21,POL00063,Health,Retail Health,Central,Agent,Active,117814.92,110774.33,True,79286.54,Closed,6933.32,8013.0,101617.3
EVT00000817,2022,2022-07-24,POL00065,Property,Commercial Property,East,Bancassurance,Active,27497.61,25490.86,False,0,,5227.66,4266.85,25171.57
EVT00000818,2022,2022-04-16,POL00099,Property,Commercial Property,South,Broker,Active,196110.76,160863.91,False,0,,44143.45,29345.69,175859.93
EVT00000819,2022,2022-07-11,POL00370,Travel,Travel,West,Bancassurance,Active,166380.81,158722.81,False,0,,38631.74,17604.87,155577.92
EVT00000820,2022,2022-09-29,POL00324,Motor,Private Motor,West,Broker,Expired,211116.66,171693.98,False,0,,48802.7,34632.16,209545.26
EVT00000821,2022,2022-06-10,POL00181,Travel,Travel,North,Agent,Active,76408.41,72414.09,False,0,,5485.52,10346.01,69210.33
EVT00000822,2022,2022-04-19,POL00063,Motor,Private Motor,East,Agent,Expired,53319.75,47554.14,False,0,,6387.42,3125.1,47590.12
EVT00000823,2022,2022-08-11,POL00270,Health,Retail Health,North,Direct,Expired,208609.46,198566.3,False,0,,46349.79,27956.82,198662.92
EVT00000824,2022,2022-10-23,POL00163,Property,Commercial Property,South,Broker,Active,112714.06,85854.07,True,26838.13,Repudiated,11422.66,10425.34,102279.96
EVT00000825,2022,2022-11-27,POL00011,Property,Commercial Property,North,Agent,Expired,68285.55,65582.17,False,0,,21765.94,11563.78,58443.42
EVT00000826,2022,2022-09-10,POL00009,Motor,Private Motor,West,Agent,Expired,95996.72,79221.25,False,0,,14759.24,5795.3,92751.26
EVT00000827,2022,2022-01-15,POL00314,Motor,Private Motor,West,Direct,Active,104371.33,100422.76,False,0,,9020.18,10291.83,98390.49
EVT00000828,2022,2022-07-08,POL00115,Motor,Private Motor,North,Broker,Active,76446.12,70475.66,False,0,,7725.45,5722.05,75325.53
EVT00000829,2022,2022-07-14,POL00276,Motor,Private Motor,North,Direct,Expired,17132.15,13054.71,False,0,,2212.07,2388.73,16596.67
EVT00000830,2022,2022-12-09,POL00139,Health,Retail Health,South,Bancassurance,Active,75698.53,59574.77,False,0,,23091.54,12597.15,71575.65
EVT00000831,2022,2022-06-01,POL00063,SME,SME Package,Central,Broker,Active,148189.02,147312.83,False,0,,39901.28,11759.98,131824.77
EVT00000832,2022,2022-07-17,POL00365,Motor,Private Motor,East,Broker,Active,163876.88,131342.86,True,286734.44,Open,18639.79,22478.15,150803.2
EVT00000833,2022,2022-03-20,POL00097,Travel,Travel,North,Direct,Active,133190.9,117462.54,False,0,,37046.57,12058.75,122283.0
EVT00000834,2022,2022-08-05,POL00259,Motor,Private Motor,South,Broker,Expired,89742.06,77457.09,False,0,,9952.95,9156.08,77204.73
EVT00000835,2022,2022-06-30,POL00085,Property,Commercial Property,Central,Agent,Active,193753.6,181403.07,True,312140.2,Closed,25193.2,21683.21,180119.7
EVT00000836,2022,2022-01-26,POL00136,Motor,Private Motor,Central,Agent,Active,52958.0,44973.63,False,0,,7950.15,5686.33,47951.73
EVT00000837,2022,2022-11-27,POL00333,Travel,Travel,West,Broker,Active,93370.73,83894.75,False,0,,18495.33,9931.24,88905.19
EVT00000838,2022,2022-07-21,POL00128,Motor,Private Motor,South,Agent,Active,15565.85,12710.21,True,5527.67,Closed,4899.82,2193.8,14175.57
EVT00000839,2022,2022-09-15,POL00052,Health,Retail Health,East,Bancassurance,Active,174574.26,146102.64,False,0,,39959.0,25383.92,150855.97
EVT00000840,2022,2022-01-07,POL00359,SME,SME Package,West,Direct,Expired,153842.42,121929.06,False,0,,15383.26,14335.07,141270.79
EVT00000841,2022,2022-09-08,POL00342,Travel,Travel,West,Direct,Active,214566.62,208197.08,True,294347.06,Open,48964.43,37772.39,201150.59
EVT00000842,2022,2022-02-18,POL00127,Travel,Travel,North,Agent,Expired,128260.55,127953.14,False,0,,26624.42,9202.65,111841.59
EVT00000843,2022,2022-06-04,POL00052,Property,Commercial Property,East,Bancassurance,Active,82365.58,73011.22,False,0,,10383.09,9030.36,80237.45
EVT00000844,2022,2022-05-06,POL00364,Property,Commercial Property,Central,Bancassurance,Active,153386.24,142964.24,True,270261.22,Closed,38010.66,10493.51,141832.4
EVT00000845,2022,2022-08-19,POL00296,Travel,Travel,East,Broker,Expired,49094.53,48539.94,False,0,,16674.27,8052.91,46729.17
EVT00000846,2022,2022-06-25,POL00270,Health,Retail Health,East,Direct,Expired,90897.56,77655.93,False,0,,12979.9,5030.54,84354.0
EVT00000847,2022,2022-11-16,POL00314,Motor,Private Motor,West,Bancassurance,Active,176015.42,147280.81,True,5615.72,Closed,33424.49,12238.28,175135.47
EVT00000848,2022,2022-12-05,POL00286,Health,Retail Health,East,Bancassurance,Active,177554.43,133857.95,True,92602.7,Open,11711.13,15936.72,162382.12
EVT00000849,2022,2022-05-19,POL00001,Motor,Private Motor,East,Broker,Active,68052.29,65653.63,False,0,,19099.94,4774.2,58722.36
EVT00000850,2022,2022-05-14,POL00074,Health,Retail Health,West,Agent,Active,14812.98,14564.62,True,19055.6,Repudiated,2618.48,2602.61,12809.09
EVT00000851,2022,2022-10-11,POL00155,SME,SME Package,East,Broker,Active,151931.72,126197.52,False,0,,38742.03,11537.07,132234.32
EVT00000852,2022,2022-09-15,POL00103,Property,Commercial Property,East,Agent,Active,204549.15,176994.05,True,288725.55,Repudiated,16121.07,24229.72,195164.44
EVT00000853,2022,2022-05-05,POL00351,Property,Commercial Property,West,Direct,Active,97147.2,82824.27,True,99056.89,Repudiated,7434.55,6632.83,95789.79
EVT00000854,2022,2022-09-23,POL00298,SME,SME Package,East,Broker,Active,198781.43,192708.92,True,302849.64,Closed,33968.3,10092.9,193041.05
EVT00000855,2022,2022-02-01,POL00236,Motor,Private Motor,North,Agent,Active,217068.79,168610.84,False,0,,64378.7,26809.65,206994.4
EVT00000856,2022,2022-03-21,POL00063,SME,SME Package,Central,Agent,Expired,117447.97,104588.86,False,0,,10678.47,19538.27,111099.93
EVT00000857,2022,2022-09-16,POL00155,Property,Commercial Property,North,Bancassurance,Active,50548.37,38759.76,True,80419.74,Open,6276.18,3208.25,43153.07
EVT00000858,2022,2022-11-12,POL00228,Travel,Travel,North,Agent,Active,110548.54,87997.85,True,169144.04,Settled,32778.3,15318.89,108215.64
EVT00000859,2022,2022-10-29,POL00064,Travel,Travel,South,Agent,Active,181532.62,165987.32,True,243120.42,Closed,35008.12,15921.26,172479.65
EVT00000860,2022,2022-07-19,POL00253,Property,Commercial Property,East,Bancassurance,Active,177569.3,153773.4,False,0,,16771.41,15420.99,154133.52
EVT00000861,2022,2022-03-23,POL00006,SME,SME Package,East,Agent,Active,197362.85,178607.28,True,322514.17,Closed,37572.39,28419.95,175956.01
EVT00000862,2022,2022-03-13,POL00184,SME,SME Package,Central,Broker,Active,157719.62,133692.0,True,187244.64,Settled,38922.05,19432.51,144932.07
EVT00000863,2022,2022-12-04,POL00143,Property,Commercial Property,West,Agent,Expired,144768.41,122203.46,False,0,,35857.91,18079.41,143192.15
EVT00000864,2022,2022-04-29,POL00270,Property,Commercial Property,South,Direct,Active,131113.64,117493.99,False,0,,9213.49,7058.88,125860.13
EVT00000865,2022,2022-07-16,POL00050,Motor,Private Motor,West,Bancassurance,Active,57085.33,53827.8,False,0,,16479.48,3636.69,56064.26
EVT00000866,2022,2022-07-13,POL00387,Travel,Travel,North,Agent,Active,32268.44,31032.57,True,45047.86,Open,10553.89,2960.65,30810.19
EVT00000867,2022,2022-10-26,POL00069,SME,SME Package,Central,Broker,Active,112113.84,103112.47,True,150543.84,Repudiated,32978.43,17391.93,98530.62
EVT00000868,2022,2022-11-25,POL00013,Motor,Private Motor,South,Agent,Expired,197377.69,165775.6,False,0,,42233.74,11715.44,173257.28
EVT00000869,2022,2022-08-07,POL00271,Travel,Travel,South,Broker,Active,108431.37,90868.36,False,0,,23595.66,7365.04,93258.92
EVT00000870,2022,2022-05-29,POL00321,Travel,Travel,North,Agent,Active,117656.34,91210.52,False,0,,7699.87,14150.52,100405.73
EVT00000871,2022,2022-06-09,POL00129,Travel,Travel,East,Agent,Expired,41466.96,34086.56,False,0,,5076.37,4864.44,39048.9
EVT00000872,2022,2022-01-31,POL00205,SME,SME Package,North,Agent,Active,206628.5,205850.23,False,0,,12332.09,21651.1,181848.93
EVT00000873,2022,2022-11-10,POL00072,Health,Retail Health,Central,Direct,Expired,148627.26,144104.17,True,22287.32,Open,22851.99,8798.62,135612.87
EVT00000874,2022,2022-04-27,POL00042,SME,SME Package,West,Broker,Active,16849.09,12786.77,False,0,,4129.73,1787.64,15088.57
EVT00000875,2022,2022-12-23,POL00011,Motor,Private Motor,North,Broker,Active,190382.43,175244.23,False,0,,41074.78,10809.58,183690.91
EVT00000876,2022,2022-05-02,POL00065,Travel,Travel,West,Broker,Active,33014.42,29842.17,False,0,,5134.95,3123.37,32608.68
EVT00000877,2022,2022-05-08,POL00119,Motor,Private Motor,Central,Agent,Active,166464.85,161817.79,False,0,,36691.28,29767.58,141867.14
EVT00000878,2022,2022-07-23,POL00030,Motor,Private Motor,North,Broker,Active,67910.35,56265.86,False,0,,21536.23,12206.99,59045.16
EVT00000879,2022,2022-06-04,POL00246,Motor,Private Motor,North,Agent,Active,123252.99,107690.12,False,0,,19361.5,20825.21,108837.7
EVT00000880,2022,2022-11-15,POL00188,SME,SME Package,East,Broker,Active,64717.47,59827.61,False,0,,4284.25,10811.4,61858.59
EVT00000881,2022,2022-03-14,POL00249,Property,Commercial Property,North,Broker,Expired,186382.17,164062.67,False,0,,40237.99,12293.25,178691.41
EVT00000882,2022,2022-11-09,POL00019,Health,Retail Health,West,Bancassurance,Cancelled,12513.41,12001.38,True,14484.88,Settled,3730.92,763.12,11160.26
EVT00000883,2022,2022-01-14,POL00197,Travel,Travel,North,Bancassurance,Active,17416.1,13957.83,True,15220.82,Open,4321.3,941.68,16796.95
EVT00000884,2022,2022-01-30,POL00312,Property,Commercial Property,East,Broker,Expired,80280.21,76853.04,False,0,,14311.13,11624.53,77094.06
EVT00000885,2022,2022-07-15,POL00056,SME,SME Package,West,Direct,Expired,206850.93,179107.18,False,0,,45608.75,24296.44,180866.8
EVT00000886,2022,2022-01-20,POL00240,Health,Retail Health,South,Agent,Active,152710.93,125008.89,False,0,,42973.12,13508.39,142885.87
EVT00000887,2022,2022-05-16,POL00316,Property,Commercial Property,East,Direct,Active,173874.37,165626.62,False,0,,15177.83,21542.57,156164.99
EVT00000888,2022,2022-02-10,POL00092,Travel,Travel,West,Agent,Active,106885.17,105973.59,False,0,,32418.02,8371.2,91791.67
EVT00000889,2022,2022-03-31,POL00142,SME,SME Package,Central,Direct,Cancelled,101373.18,82568.63,False,0,,12961.8,11591.09,89625.33
EVT00000890,2022,2022-02-01,POL00076,SME,SME Package,North,Broker,Active,16162.38,14887.34,False,0,,3619.84,896.27,15477.15
EVT00000891,2022,2022-08-16,POL00366,Property,Commercial Property,East,Agent,Active,189787.95,159105.65,False,0,,43684.19,18118.08,163525.45
EVT00000892,2022,2022-01-13,POL00058,SME,SME Package,North,Broker,Active,128917.57,123410.79,False,0,,9207.03,13593.3,115054.12
EVT00000893,2022,2022-05-29,POL00168,SME,SME Package,East,Direct,Cancelled,198247.15,167256.94,False,0,,27401.51,10715.35,179462.3
EVT00000894,2022,2022-04-21,POL00077,SME,SME Package,North,Agent,Active,179303.25,157374.29,False,0,,36300.78,22519.28,161661.23
EVT00000895,2022,2022-08-03,POL00194,SME,SME Package,North,Broker,Active,219538.02,168958.93,True,369880.58,Closed,48215.1,39454.43,207364.34
EVT00000896,2022,2022-06-18,POL00276,Motor,Private Motor,Central,Agent,Active,147749.92,130032.34,False,0,,16031.91,18436.48,145779.0
EVT00000897,2022,2022-10-14,POL00125,Property,Commercial Property,South,Bancassurance,Active,214148.13,197716.18,False,0,,72228.43,22119.44,184585.73
EVT00000898,2022,2022-07-28,POL00259,Motor,Private Motor,East,Bancassurance,Active,103181.22,88190.28,False,0,,30751.63,6839.53,96024.82
EVT00000899,2022,2022-04-12,POL00346,SME,SME Package,South,Direct,Expired,80413.22,62681.38,False,0,,16203.89,5571.98,74312.27
EVT00000900,2022,2022-08-09,POL00093,Travel,Travel,North,Broker,Active,63835.74,56727.29,False,0,,17417.98,4240.72,54586.67
EVT00000901,2022,2022-05-31,POL00013,Health,Retail Health,North,Broker,Active,120213.65,101824.39,False,0,,10607.16,16902.13,106535.17
EVT00000902,2022,2022-08-12,POL00061,Property,Commercial Property,East,Agent,Cancelled,17590.39,16441.51,False,0,,3248.39,1814.51,16138.53
EVT00000903,2022,2022-12-12,POL00149,Travel,Travel,South,Broker,Expired,132986.32,127005.46,False,0,,12723.72,6783.88,124868.47
EVT00000904,2022,2022-10-16,POL00333,Travel,Travel,West,Direct,Active,115837.44,103908.53,False,0,,9159.22,10269.6,104388.95
EVT00000905,2022,2022-04-18,POL00266,SME,SME Package,Central,Bancassurance,Active,89422.36,83996.66,False,0,,5596.08,15457.27,87844.74
EVT00000906,2022,2022-02-24,POL00221,SME,SME Package,East,Direct,Active,68375.68,53308.26,True,55703.47,Closed,9336.26,11576.01,68260.87
EVT00000907,2022,2022-04-15,POL00119,Property,Commercial Property,South,Agent,Active,185823.48,174435.51,True,302176.43,Closed,9662.73,29402.03,158668.46
EVT00000908,2022,2022-03-12,POL00145,SME,SME Package,West,Bancassurance,Active,184180.02,151715.6,True,235043.82,Open,33764.16,19558.92,163820.48
EVT00000909,2022,2022-12-28,POL00143,Motor,Private Motor,East,Agent,Expired,55157.66,42393.49,True,35287.53,Repudiated,13193.01,6435.23,53313.01
EVT00000910,2022,2022-10-28,POL00353,Property,Commercial Property,North,Bancassurance,Active,157481.98,138635.2,True,159548.66,Open,52717.84,20716.29,139668.73
EVT00000911,2022,2022-09-22,POL00193,Health,Retail Health,South,Direct,Active,110715.52,88215.49,False,0,,9913.2,14672.07,95581.46
EVT00000912,2022,2022-06-28,POL00371,Health,Retail Health,North,Bancassurance,Active,126240.28,101261.97,True,96764.92,Settled,29541.93,16667.94,111748.83
EVT00000913,2022,2022-06-01,POL00248,SME,SME Package,South,Direct,Expired,193508.28,177445.92,False,0,,46250.08,24714.78,180255.28
EVT00000914,2022,2022-06-27,POL00050,Health,Retail Health,North,Direct,Active,102800.66,83458.62,False,0,,10573.9,17920.32,97567.28
EVT00000915,2022,2022-07-29,POL00357,Travel,Travel,South,Bancassurance,Expired,191169.96,172103.57,False,0,,11219.53,16216.97,168662.74
EVT00000916,2022,2022-04-23,POL00032,SME,SME Package,East,Direct,Active,95180.57,90636.42,False,0,,12203.08,5435.03,87835.09
EVT00000917,2022,2022-01-11,POL00174,Motor,Private Motor,East,Bancassurance,Active,129371.21,102414.62,True,146733.47,Settled,11483.58,15546.51,128406.33
EVT00000918,2022,2022-10-02,POL00195,Motor,Private Motor,East,Direct,Expired,125213.57,114411.76,False,0,,19862.54,9490.83,109380.18
EVT00000919,2022,2022-09-27,POL00203,Health,Retail Health,East,Broker,Expired,78278.45,62928.34,False,0,,25988.77,4281.03,66771.85
EVT00000920,2022,2022-07-13,POL00053,SME,SME Package,West,Bancassurance,Active,68015.02,51423.51,False,0,,17440.48,3699.41,65463.59
EVT00000921,2022,2022-10-05,POL00336,Travel,Travel,South,Direct,Expired,24223.74,21223.08,False,0,,6535.36,1274.65,23288.65
EVT00000922,2022,2022-04-14,POL00310,Health,Retail Health,North,Bancassurance,Active,136406.62,112951.15,False,0,,27786.94,7235.85,121552.96
EVT00000923,2022,2022-09-17,POL00052,Property,Commercial Property,Central,Bancassurance,Active,99061.33,79800.17,False,0,,13231.36,8615.86,94646.36
EVT00000924,2022,2022-04-29,POL00126,Travel,Travel,North,Bancassurance,Expired,209708.97,197268.01,False,0,,38938.99,26239.7,179035.63
EVT00000925,2022,2022-09-08,POL00229,Property,Commercial Property,West,Agent,Active,78476.32,74742.43,False,0,,6169.55,5650.55,76885.15
EVT00000926,2022,2022-07-30,POL00304,Health,Retail Health,North,Broker,Active,185670.92,163548.49,False,0,,51648.91,10706.02,171562.28
EVT00000927,2022,2022-06-14,POL00160,Property,Commercial Property,South,Agent,Active,127846.22,108878.13,True,159805.25,Repudiated,27317.75,11594.64,121172.81
EVT00000928,2022,2022-01-20,POL00237,Travel,Travel,Central,Agent,Expired,98248.83,75590.3,True,5368.59,Open,9811.04,10501.64,97834.95
EVT00000929,2022,2022-06-15,POL00218,Travel,Travel,South,Bancassurance,Active,193333.59,165210.67,True,43566.29,Settled,51423.43,31789.73,172195.68
EVT00000930,2022,2022-08-25,POL00315,Property,Commercial Property,Central,Broker,Active,118929.26,95276.07,False,0,,31438.05,13976.49,105571.83
EVT00000931,2022,2022-06-09,POL00108,Property,Commercial Property,South,Broker,Active,183834.5,138327.24,False,0,,17483.53,10794.07,183199.61
EVT00000932,2022,2022-04-26,POL00360,Health,Retail Health,South,Agent,Active,78179.45,59828.93,False,0,,7578.4,7470.74,73009.71
EVT00000933,2022,2022-10-15,POL00177,Motor,Private Motor,South,Direct,Active,201240.27,172370.63,False,0,,32235.16,30127.39,199257.29
EVT00000934,2022,2022-07-16,POL00278,Health,Retail Health,North,Broker,Active,53885.59,42816.48,False,0,,4742.54,6353.18,51014.81
EVT00000935,2022,2022-04-21,POL00170,SME,SME Package,Central,Direct,Cancelled,164300.29,148522.83,False,0,,18531.76,8272.06,145368.73
EVT00000936,2022,2022-12-07,POL00047,SME,SME Package,South,Broker,Active,193418.19,160698.5,False,0,,12699.21,22537.41,177162.04
EVT00000937,2022,2022-02-10,POL00242,Property,Commercial Property,East,Agent,Active,91368.29,86204.15,False,0,,14298.91,14529.79,82007.22
EVT00000938,2022,2022-08-11,POL00310,Health,Retail Health,South,Direct,Expired,186053.73,165610.42,False,0,,53339.65,25879.66,173715.72
EVT00000939,2022,2022-04-08,POL00334,Property,Commercial Property,South,Agent,Expired,189338.93,178487.2,False,0,,33555.28,24653.19,185825.6
EVT00000940,2022,2022-09-15,POL00196,Property,Commercial Property,South,Agent,Active,84530.17,67516.12,False,0,,12555.73,14237.86,83462.64
EVT00000941,2022,2022-10-20,POL00007,SME,SME Package,East,Agent,Active,144034.9,122368.23,False,0,,37633.34,12335.52,123666.07
EVT00000942,2022,2022-03-20,POL00016,Travel,Travel,Central,Bancassurance,Active,108371.06,104982.75,False,0,,31669.19,5956.63,92584.16
EVT00000943,2022,2022-04-10,POL00362,Health,Retail Health,South,Agent,Active,187310.26,143107.29,False,0,,12867.77,11739.07,174500.58
EVT00000944,2022,2022-09-22,POL00336,SME,SME Package,North,Direct,Expired,187824.77,155729.29,False,0,,60426.5,23720.42,186255.52
EVT00000945,2022,2022-04-12,POL00008,Travel,Travel,West,Agent,Active,182910.08,160116.09,False,0,,13753.12,19688.78,163033.03
EVT00000946,2022,2022-12-23,POL00353,SME,SME Package,West,Broker,Active,186530.29,183783.16,False,0,,40694.91,12180.97,171596.27
EVT00000947,2022,2022-07-11,POL00045,SME,SME Package,West,Agent,Active,27199.08,25360.08,True,30168.21,Open,7616.2,4148.83,24006.69
EVT00000948,2022,2022-05-23,POL00236,Motor,Private Motor,South,Direct,Expired,144171.29,140620.32,True,196877.34,Closed,20637.56,14317.7,128753.83
EVT00000949,2022,2022-06-28,POL00072,SME,SME Package,East,Bancassurance,Active,47908.0,46513.5,True,27548.52,Repudiated,6197.55,5446.43,44880.43
EVT00000950,2022,2022-12-16,POL00396,SME,SME Package,West,Broker,Active,184961.53,156555.17,False,0,,20937.43,26132.17,166842.37
EVT00000951,2022,2022-04-06,POL00148,Health,Retail Health,East,Direct,Active,171962.71,140072.82,False,0,,10220.5,11175.64,163149.59
EVT00000952,2022,2022-06-21,POL00244,Health,Retail Health,West,Direct,Active,88116.95,79049.51,True,112127.83,Settled,27386.64,4496.32,80469.38
EVT00000953,2022,2022-08-31,POL00173,Motor,Private Motor,South,Direct,Active,106970.34,85206.17,True,156385.16,Repudiated,24396.98,15006.31,102653.36
EVT00000954,2022,2022-02-25,POL00125,Property,Commercial Property,East,Direct,Active,93044.46,70716.79,False,0,,11192.4,15958.81,92024.04
EVT00000955,2022,2022-10-18,POL00216,Travel,Travel,East,Bancassurance,Active,42773.5,33859.34,False,0,,9797.5,6017.89,39720.02
EVT00000956,2022,2022-08-24,POL00385,Health,Retail Health,South,Direct,Expired,19405.62,14992.78,False,0,,1793.82,1843.4,17647.45
EVT00000957,2022,2022-01-03,POL00001,Health,Retail Health,South,Broker,Active,25039.56,20258.15,True,6793.43,Closed,2409.84,3059.72,24196.76
EVT00000958,2022,2022-02-19,POL00245,Health,Retail Health,East,Agent,Active,153598.72,142031.96,False,0,,38481.25,24280.13,146830.18
EVT00000959,2022,2022-06-27,POL00199,Health,Retail Health,East,Broker,Active,77347.71,63486.9,False,0,,24117.41,9869.73,71942.44
EVT00000960,2022,2022-07-23,POL00251,SME,SME Package,North,Broker,Expired,45769.93,37018.23,False,0,,9173.98,2297.97,43018.04
EVT00000961,2022,2022-07-18,POL00040,Health,Retail Health,South,Bancassurance,Active,52781.26,45331.19,False,0,,12995.46,5560.11,47120.19
EVT00000962,2022,2022-12-18,POL00346,Travel,Travel,North,Direct,Cancelled,97408.22,77038.77,False,0,,29248.74,10757.76,84004.47
EVT00000963,2022,2022-08-05,POL00376,Motor,Private Motor,West,Agent,Active,35292.78,30942.68,False,0,,1887.34,4764.39,33546.82
EVT00000964,2022,2022-06-21,POL00395,Motor,Private Motor,East,Bancassurance,Active,142432.84,128319.03,False,0,,26361.61,14024.98,131185.22
EVT00000965,2022,2022-10-30,POL00274,Property,Commercial Property,North,Broker,Cancelled,120722.87,102115.61,False,0,,11482.7,11326.83,119530.92
EVT00000966,2022,2022-07-09,POL00133,Health,Retail Health,Central,Bancassurance,Active,106529.79,80958.5,False,0,,20035.61,6019.95,100127.27
EVT00000967,2022,2022-01-19,POL00130,Travel,Travel,East,Direct,Expired,12988.43,10609.06,False,0,,2274.51,1403.79,11620.13
EVT00000968,2022,2022-05-21,POL00306,Motor,Private Motor,East,Agent,Active,91997.49,73028.38,False,0,,8078.89,6329.77,85007.29
EVT00000969,2022,2022-01-20,POL00177,Travel,Travel,Central,Broker,Expired,199559.06,196179.84,False,0,,44046.77,11032.29,179401.25
EVT00000970,2022,2022-05-12,POL00076,SME,SME Package,North,Bancassurance,Active,161784.6,135000.06,False,0,,22746.23,16517.58,141980.47
EVT00000971,2022,2022-01-26,POL00370,Motor,Private Motor,West,Agent,Expired,129029.77,128865.85,False,0,,27321.7,19765.3,123112.28
EVT00000972,2022,2022-04-03,POL00192,SME,SME Package,West,Broker,Expired,100632.47,94264.19,False,0,,13389.77,13815.55,94664.3
EVT00000973,2022,2022-04-24,POL00348,Property,Commercial Property,East,Agent,Active,11968.42,10216.02,True,7952.01,Settled,947.23,948.22,11446.01
EVT00000974,2022,2022-06-27,POL00033,SME,SME Package,East,Bancassurance,Active,142571.8,118646.54,False,0,,46900.68,7361.52,128469.94
EVT00000975,2022,2022-04-17,POL00228,Health,Retail Health,West,Bancassurance,Active,155917.78,143170.95,True,11958.86,Open,37329.09,19173.58,140605.86
EVT00000976,2022,2022-01-12,POL00383,SME,SME Package,East,Direct,Active,74851.67,68760.64,True,85315.04,Closed,17760.77,9239.39,68287.85
EVT00000977,2022,2022-04-19,POL00385,Property,Commercial Property,Central,Bancassurance,Cancelled,87560.28,77438.15,False,0,,29301.67,5783.73,79624.03
EVT00000978,2022,2022-11-03,POL00057,SME,SME Package,East,Broker,Expired,170577.42,169911.43,False,0,,36677.75,16335.04,150562.36
EVT00000979,2022,2022-07-26,POL00143,Property,Commercial Property,East,Agent,Active,153610.9,139521.81,False,0,,30828.39,18314.43,135755.92
EVT00000980,2022,2022-10-25,POL00254,Travel,Travel,East,Bancassurance,Active,193148.48,164178.83,True,289027.75,Repudiated,47680.09,26815.91,167024.85
EVT00000981,2022,2022-07-29,POL00335,Travel,Travel,West,Bancassurance,Active,14156.69,11410.97,False,0,,2845.61,855.99,13244.83
EVT00000982,2022,2022-07-19,POL00012,Property,Commercial Property,Central,Broker,Active,140604.97,129509.94,False,0,,7988.59,18021.98,136173.38
EVT00000983,2022,2022-02-03,POL00283,SME,SME Package,South,Broker,Active,161288.74,130616.27,False,0,,42554.06,12253.44,140304.67
EVT00000984,2022,2022-06-19,POL00016,Health,Retail Health,Central,Bancassurance,Active,152938.27,131666.59,True,51161.88,Repudiated,30597.52,9856.94,143853.89
EVT00000985,2022,2022-08-02,POL00082,Health,Retail Health,West,Agent,Active,14852.38,13652.58,False,0,,5178.44,2407.3,12781.29
EVT00000986,2022,2022-07-24,POL00134,SME,SME Package,North,Agent,Active,183483.81,140355.31,False,0,,54768.51,26471.13,157059.57
EVT00000987,2022,2022-07-07,POL00367,SME,SME Package,West,Bancassurance,Expired,29968.08,28822.33,False,0,,6711.16,4582.43,28718.39
EVT00000988,2022,2022-05-06,POL00212,Property,Commercial Property,South,Broker,Expired,52538.02,40679.21,False,0,,3794.34,8768.35,48531.29
EVT00000989,2022,2022-04-24,POL00388,Property,Commercial Property,East,Direct,Active,78100.18,67368.75,True,40875.72,Open,21742.84,5407.9,69764.12
EVT00000990,2022,2022-12-22,POL00190,SME,SME Package,East,Direct,Active,159757.38,142489.2,False,0,,42163.75,21970.83,139494.74
EVT00000991,2022,2022-07-06,POL00066,Health,Retail Health,Central,Direct,Expired,62548.82,50475.62,False,0,,14071.55,4333.83,53279.71
EVT00000992,2022,2022-07-13,POL00370,SME,SME Package,Central,Bancassurance,Active,198800.85,197429.29,False,0,,44956.95,22890.4,184586.71
EVT00000993,2022,2022-05-23,POL00249,Health,Retail Health,Central,Bancassurance,Active,198192.32,149349.44,False,0,,30265.97,17878.94,175131.95
EVT00000994,2022,2022-11-17,POL00312,Motor,Private Motor,South,Direct,Active,128714.49,117086.31,True,173658.49,Closed,35063.55,12519.14,110041.37
EVT00000995,2022,2022-09-25,POL00051,Property,Commercial Property,Central,Agent,Active,211871.11,203746.15,False,0,,15643.33,32570.8,194284.73
EVT00000996,2022,2022-10-10,POL00127,Health,Retail Health,East,Broker,Active,145971.13,118422.26,False,0,,27270.3,8062.02,137412.94
EVT00000997,2022,2022-06-13,POL00143,Motor,Private Motor,South,Agent,Expired,36100.38,29807.73,True,18119.61,Repudiated,6833.13,4324.88,34916.72
EVT00000998,2022,2022-10-25,POL00325,Motor,Private Motor,South,Bancassurance,Active,25677.88,20525.59,False,0,,2940.07,2910.33,24019.07
EVT00000999,2022,2022-11-20,POL00221,Motor,Private Motor,West,Broker,Active,142605.7,133890.46,False,0,,17900.49,14678.68,127006.27
EVT00001000,2022,2022-06-08,POL00091,Property,Commercial Property,Central,Bancassurance,Active,209704.37,172987.09,False,0,,26151.52,17990.01,195903.65
EVT00001001,2022,2022-06-05,POL00321,Travel,Travel,North,Broker,Active,75672.0,75186.84,False,0,,7486.93,4428.53,69224.91
EVT00001002,2022,2022-12-17,POL00049,Travel,Travel,East,Broker,Active,31046.88,25084.35,False,0,,4396.71,4645.69,28587.39
EVT00001003,2022,2022-11-01,POL00154,SME,SME Package,South,Broker,Active,48683.66,41335.35,True,16366.82,Closed,7190.79,5702.83,44840.88
EVT00001004,2022,2022-10-16,POL00214,Property,Commercial Property,South,Direct,Active,189522.36,156527.38,True,115844.9,Settled,56623.48,17245.6,169850.42
EVT00001005,2022,2022-05-12,POL00202,Travel,Travel,North,Bancassurance,Active,94663.01,86280.43,True,79480.33,Settled,5286.35,13400.88,83425.69
EVT00001006,2022,2022-05-21,POL00151,Property,Commercial Property,North,Direct,Active,89070.14,79229.41,False,0,,25762.86,11604.26,81589.63
EVT00001007,2022,2022-12-19,POL00055,Motor,Private Motor,South,Broker,Active,109692.73,102048.9,False,0,,37442.51,6140.6,104088.83
EVT00001008,2022,2022-02-07,POL00362,Travel,Travel,South,Direct,Cancelled,132256.25,101153.44,True,83553.59,Settled,23996.22,11499.76,121778.4
EVT00001009,2022,2022-10-13,POL00167,Travel,Travel,South,Broker,Active,129706.68,115498.49,False,0,,19242.33,15701.78,123105.08
EVT00001010,2022,2022-08-17,POL00272,Property,Commercial Property,North,Broker,Expired,22416.83,21216.97,False,0,,3232.25,3607.91,22097.74
EVT00001011,2022,2022-01-12,POL00383,Health,Retail Health,South,Direct,Active,105690.38,88066.83,False,0,,27608.24,8793.07,101689.74
EVT00001012,2022,2022-08-12,POL00072,Motor,Private Motor,West,Bancassurance,Active,111107.8,84665.01,False,0,,35987.22,12954.5,94711.64
EVT00001013,2022,2022-02-14,POL00017,SME,SME Package,East,Bancassurance,Active,78755.54,60387.97,True,15785.83,Open,16501.55,12113.93,76939.82
EVT00001014,2022,2022-06-23,POL00294,Travel,Travel,Central,Broker,Expired,170628.44,146354.27,True,140250.94,Closed,41826.68,10151.26,161615.16
EVT00001015,2022,2022-04-25,POL00233,SME,SME Package,West,Agent,Active,70288.52,63675.95,False,0,,3694.46,6460.22,61331.95
EVT00001016,2022,2022-04-07,POL00300,Property,Commercial Property,Central,Bancassurance,Active,50470.29,48218.37,False,0,,16048.19,7214.1,47266.86
EVT00001017,2022,2022-06-17,POL00396,Health,Retail Health,South,Direct,Active,13559.59,12210.14,False,0,,3848.74,1630.0,13467.37
EVT00001018,2022,2022-08-14,POL00162,Health,Retail Health,South,Broker,Active,97948.13,80098.99,False,0,,11280.76,9422.1,85273.33
EVT00001019,2022,2022-02-17,POL00064,Travel,Travel,North,Bancassurance,Expired,189087.88,151676.1,True,150947.37,Closed,21119.16,18807.75,183826.49
EVT00001020,2022,2022-04-18,POL00090,SME,SME Package,Central,Agent,Active,52443.25,51665.72,False,0,,8260.71,9408.13,47842.36
EVT00001021,2022,2022-06-08,POL00047,SME,SME Package,East,Bancassurance,Active,31742.38,27432.98,True,46493.72,Repudiated,10743.86,2000.04,28696.98
EVT00001022,2022,2022-11-28,POL00034,Travel,Travel,East,Broker,Cancelled,25903.71,23595.57,False,0,,4958.19,4498.7,23085.58
EVT00001023,2022,2022-12-05,POL00166,Motor,Private Motor,South,Broker,Active,9966.08,8766.72,True,10018.51,Open,681.23,1537.86,9766.28
EVT00001024,2022,2022-07-06,POL00151,Property,Commercial Property,Central,Bancassurance,Expired,96878.7,76888.69,False,0,,9243.6,15037.93,92063.85
EVT00001025,2022,2022-01-15,POL00057,Health,Retail Health,North,Bancassurance,Active,93574.71,78911.18,False,0,,22137.35,5025.16,79901.06
EVT00001026,2022,2022-02-17,POL00241,Motor,Private Motor,South,Bancassurance,Active,87931.8,79105.81,False,0,,8569.11,4567.35,86575.74
EVT00001027,2022,2022-09-01,POL00215,Motor,Private Motor,North,Bancassurance,Active,95996.29,93551.83,False,0,,29478.03,14901.05,81607.24
EVT00001028,2022,2022-04-11,POL00241,Property,Commercial Property,South,Direct,Active,85503.54,77244.1,False,0,,16530.99,12597.53,83604.96
EVT00001029,2022,2022-05-08,POL00065,Health,Retail Health,Central,Broker,Expired,38230.25,34973.13,False,0,,10137.91,3314.52,36022.54
EVT00001030,2022,2022-03-09,POL00116,Property,Commercial Property,South,Direct,Active,214478.83,196696.2,False,0,,47860.98,35360.22,206754.17
EVT00001031,2022,2022-04-04,POL00168,Travel,Travel,East,Broker,Active,206140.37,156369.08,False,0,,34118.09,11593.83,181338.47
EVT00001032,2022,2022-10-23,POL00008,Health,Retail Health,North,Broker,Active,76376.86,68206.19,False,0,,11698.68,10061.33,74280.19
EVT00001033,2022,2022-09-07,POL00208,Travel,Travel,South,Bancassurance,Active,123726.44,96439.17,True,171847.71,Settled,18704.51,20542.11,109905.29
EVT00001034,2022,2022-08-23,POL00396,SME,SME Package,West,Agent,Active,80583.5,70894.8,True,54908.34,Open,27352.14,5351.52,71241.35
EVT00001035,2022,2022-04-04,POL00057,Motor,Private Motor,Central,Direct,Active,81696.34,70515.48,False,0,,27112.12,14347.35,81349.29
EVT00001036,2022,2022-09-29,POL00204,SME,SME Package,South,Broker,Expired,55033.7,41505.31,False,0,,8595.22,7051.01,48031.52
EVT00001037,2022,2022-03-19,POL00269,Motor,Private Motor,Central,Direct,Active,155063.29,154953.77,True,46833.03,Closed,37288.41,25067.89,137066.43
EVT00001038,2022,2022-08-28,POL00277,SME,SME Package,West,Broker,Active,211320.03,208620.37,False,0,,67683.06,37268.64,207951.94
EVT00001039,2022,2022-03-24,POL00165,Health,Retail Health,East,Agent,Active,158168.3,145045.08,True,209617.98,Open,10718.54,16346.51,137854.55
EVT00001040,2022,2022-07-25,POL00392,Health,Retail Health,West,Broker,Active,90891.93,72562.92,False,0,,6467.82,15927.58,81024.04
EVT00001041,2022,2022-04-29,POL00064,SME,SME Package,South,Broker,Active,150514.47,141505.6,True,34425.59,Settled,31197.48,22624.66,141448.53
EVT00001042,2022,2022-01-21,POL00339,Travel,Travel,East,Agent,Active,137327.57,108271.69,False,0,,37940.19,19720.36,134757.53
EVT00001043,2022,2022-02-15,POL00196,Property,Commercial Property,North,Bancassurance,Active,43712.67,40540.89,False,0,,8576.04,3839.89,40583.97
EVT00001044,2022,2022-05-24,POL00375,SME,SME Package,Central,Direct,Active,188192.67,164411.32,False,0,,33826.35,10795.64,162933.17
EVT00001045,2022,2022-12-07,POL00371,Property,Commercial Property,East,Direct,Active,185294.8,184511.31,True,36426.89,Repudiated,22758.51,21187.88,173929.31
EVT00001046,2022,2022-07-04,POL00137,Motor,Private Motor,West,Bancassurance,Active,192523.41,176522.65,True,40033.05,Open,42872.59,12566.3,185708.97
EVT00001047,2022,2022-07-24,POL00298,SME,SME Package,West,Bancassurance,Expired,16451.36,14999.89,False,0,,3096.52,2669.13,14075.64
EVT00001048,2022,2022-12-16,POL00322,Travel,Travel,North,Broker,Active,13118.62,12941.35,True,21978.24,Open,3525.2,2104.57,11649.69
EVT00001049,2022,2022-10-08,POL00177,Property,Commercial Property,South,Direct,Active,18133.41,15677.26,False,0,,2338.34,2777.55,15982.92
EVT00001050,2022,2022-02-16,POL00332,Property,Commercial Property,West,Direct,Expired,44476.3,38914.94,True,30109.13,Closed,6447.3,3992.13,43903.7
EVT00001051,2022,2022-07-05,POL00328,Travel,Travel,East,Bancassurance,Active,168391.67,134803.81,False,0,,32942.83,15796.85,154190.42
EVT00001052,2022,2022-04-02,POL00387,Health,Retail Health,South,Direct,Active,48235.43,39921.18,False,0,,11706.37,4269.15,45051.32
EVT00001053,2022,2022-07-01,POL00204,SME,SME Package,North,Broker,Active,158873.1,155485.02,False,0,,48561.57,10954.22,143148.57
EVT00001054,2022,2022-04-26,POL00204,Health,Retail Health,West,Agent,Expired,164091.86,159024.07,False,0,,38401.76,28912.47,147448.92
EVT00001055,2022,2022-11-28,POL00227,Motor,Private Motor,South,Broker,Active,66043.12,57696.8,False,0,,22783.47,5408.65,58373.86
EVT00001056,2022,2022-07-31,POL00111,Health,Retail Health,North,Direct,Active,12404.08,11201.57,False,0,,2162.75,1509.07,11600.46
EVT00001057,2022,2022-05-15,POL00096,SME,SME Package,Central,Bancassurance,Active,196384.08,195359.5,False,0,,51457.3,34887.46,190593.48
EVT00001058,2022,2022-09-17,POL00221,Property,Commercial Property,East,Broker,Active,83699.72,82822.78,True,129979.0,Closed,24161.36,10484.61,72357.84
EVT00001059,2022,2022-04-25,POL00363,Travel,Travel,Central,Direct,Active,183174.28,147813.6,False,0,,47743.16,32411.61,178258.18
EVT00001060,2022,2022-06-27,POL00239,Property,Commercial Property,Central,Agent,Active,100828.64,90520.5,True,180739.85,Open,21979.4,12368.6,86574.68
EVT00001061,2022,2022-12-27,POL00245,Health,Retail Health,North,Direct,Active,160400.18,143147.28,False,0,,43039.88,22900.27,148149.05
EVT00001062,2022,2022-07-28,POL00392,Health,Retail Health,West,Broker,Active,73682.96,68105.27,False,0,,8824.96,11332.01,68244.66
EVT00001063,2022,2022-02-02,POL00074,SME,SME Package,Central,Direct,Expired,213828.37,163202.95,False,0,,48375.31,32224.09,184031.82
EVT00001064,2022,2022-07-26,POL00272,Travel,Travel,South,Broker,Active,135523.4,127352.05,True,46667.89,Repudiated,36401.6,12621.66,117109.05
EVT00001065,2022,2022-07-25,POL00294,Travel,Travel,West,Bancassurance,Active,37364.01,31229.73,True,25820.69,Repudiated,11721.81,4295.32,32793.83
EVT00001066,2022,2022-09-28,POL00103,Health,Retail Health,East,Agent,Active,167384.86,147460.51,True,183812.96,Open,42651.84,10447.12,142320.54
EVT00001067,2022,2022-09-13,POL00007,Motor,Private Motor,East,Bancassurance,Active,177608.09,158429.91,False,0,,12577.63,12860.79,167923.52
EVT00001068,2022,2022-04-01,POL00094,SME,SME Package,South,Direct,Active,152834.39,120535.56,False,0,,15753.94,16397.71,149303.3
EVT00001069,2022,2022-02-25,POL00260,Health,Retail Health,West,Agent,Active,206282.13,200518.27,False,0,,17757.78,35367.53,204271.89
EVT00001070,2022,2022-10-08,POL00179,Health,Retail Health,Central,Broker,Expired,113502.02,102251.23,False,0,,37001.63,19512.86,112286.52
EVT00001071,2022,2022-09-03,POL00200,Travel,Travel,North,Agent,Active,85527.02,69265.16,False,0,,9108.8,8771.4,77294.89
EVT00001072,2022,2022-04-13,POL00338,SME,SME Package,North,Agent,Active,75957.25,66981.71,False,0,,15918.95,7690.22,70788.9
EVT00001073,2022,2022-06-14,POL00145,Property,Commercial Property,South,Bancassurance,Expired,70107.34,63558.25,False,0,,11435.92,7975.45,64757.16
EVT00001074,2022,2022-02-15,POL00288,Travel,Travel,Central,Bancassurance,Active,218364.92,205849.38,False,0,,56702.93,25894.04,186973.85
EVT00001075,2022,2022-12-17,POL00158,SME,SME Package,Central,Broker,Active,164722.5,145544.36,True,91914.78,Closed,25619.24,19751.76,160367.55
EVT00001076,2022,2022-04-15,POL00223,SME,SME Package,Central,Broker,Active,152400.28,116004.07,True,127056.89,Closed,48418.61,21734.32,131208.19
EVT00001077,2022,2022-04-01,POL00254,Health,Retail Health,Central,Agent,Active,88875.61,86660.85,True,48592.4,Closed,22030.33,15018.36,79953.62
EVT00001078,2022,2022-11-17,POL00200,Health,Retail Health,East,Bancassurance,Active,38033.92,30866.17,False,0,,11964.84,3992.39,35583.81
EVT00001079,2022,2022-01-22,POL00159,Health,Retail Health,East,Bancassurance,Active,96168.12,82070.83,True,156275.35,Repudiated,12119.84,4938.8,91732.7
EVT00001080,2022,2022-05-12,POL00357,Travel,Travel,South,Broker,Active,32248.64,25467.75,False,0,,2255.8,3863.46,28220.95
EVT00001081,2022,2022-03-07,POL00349,Travel,Travel,East,Direct,Active,128862.97,100142.38,True,191400.55,Closed,43177.18,15736.42,119158.95
EVT00001082,2022,2022-03-15,POL00266,Motor,Private Motor,West,Bancassurance,Active,56472.76,54116.36,True,78225.45,Open,6919.36,7340.99,51713.03
EVT00001083,2022,2022-11-26,POL00227,SME,SME Package,North,Broker,Expired,161680.95,123029.42,True,46984.56,Settled,52797.23,15442.99,142294.98
EVT00001084,2022,2022-08-14,POL00029,Travel,Travel,West,Broker,Expired,115186.05,92875.54,False,0,,17366.21,16558.4,98345.44
EVT00001085,2022,2022-06-14,POL00036,Health,Retail Health,Central,Direct,Active,38393.05,38049.21,True,48267.95,Repudiated,7886.48,2006.81,36783.32
EVT00001086,2022,2022-10-07,POL00190,Motor,Private Motor,South,Agent,Active,9251.14,6946.27,True,8290.54,Open,2841.03,1379.19,7912.31
EVT00001087,2022,2022-11-22,POL00038,Motor,Private Motor,West,Bancassurance,Active,138602.41,119533.19,False,0,,35324.81,17968.29,124987.76
EVT00001088,2022,2022-03-24,POL00233,Travel,Travel,South,Bancassurance,Active,84348.65,66306.63,False,0,,8629.37,14824.96,84337.78
EVT00001089,2022,2022-06-30,POL00189,Motor,Private Motor,West,Direct,Active,105505.6,97874.53,False,0,,12459.76,10792.17,102975.61
EVT00001090,2022,2022-09-29,POL00107,Travel,Travel,West,Bancassurance,Active,103890.1,102653.14,False,0,,15722.77,14180.85,90380.98
EVT00001091,2022,2022-07-29,POL00106,Health,Retail Health,South,Broker,Active,208977.06,194834.89,False,0,,33232.47,23037.4,204664.99
EVT00001092,2022,2022-01-27,POL00192,Property,Commercial Property,South,Bancassurance,Active,31033.84,28335.74,False,0,,9306.0,4676.65,29281.65
EVT00001093,2022,2022-03-30,POL00103,Health,Retail Health,East,Broker,Active,206669.86,177311.57,False,0,,11811.31,15880.29,193258.83
EVT00001094,2022,2022-09-07,POL00140,SME,SME Package,South,Bancassurance,Active,177777.4,140030.07,False,0,,21992.76,25955.6,171447.29
EVT00001095,2022,2022-07-02,POL00162,SME,SME Package,Central,Agent,Active,174836.0,134875.05,True,271767.24,Open,26129.69,10786.18,173041.2
EVT00001096,2022,2022-05-29,POL00104,Health,Retail Health,South,Direct,Expired,84943.29,83016.05,False,0,,25353.56,9493.38,81166.75
EVT00001097,2022,2022-08-29,POL00156,Motor,Private Motor,Central,Broker,Expired,40227.58,34346.17,False,0,,9473.06,2839.12,37526.22
EVT00001098,2022,2022-03-29,POL00359,Property,Commercial Property,South,Agent,Active,39089.01,33664.47,False,0,,3544.58,3890.27,35450.04
EVT00001099,2022,2022-06-23,POL00393,Motor,Private Motor,Central,Direct,Expired,131996.94,104998.08,False,0,,45022.71,22843.2,123419.44
EVT00001100,2022,2022-02-12,POL00044,Property,Commercial Property,North,Broker,Active,71622.16,60764.52,True,128025.45,Closed,24242.13,6567.09,68521.72
EVT00001101,2022,2022-01-13,POL00182,SME,SME Package,West,Agent,Active,133148.42,132872.2,False,0,,16752.03,15544.41,132789.65
EVT00001102,2022,2022-12-03,POL00251,Property,Commercial Property,South,Agent,Active,156509.16,127676.78,False,0,,23672.85,13376.64,156394.05
EVT00001103,2022,2022-07-14,POL00235,Motor,Private Motor,East,Agent,Active,215388.72,195151.32,False,0,,12010.86,21428.43,212304.4
EVT00001104,2022,2022-05-14,POL00199,Motor,Private Motor,East,Bancassurance,Active,178266.96,171743.58,False,0,,30690.17,16842.08,176740.27
EVT00001105,2022,2022-03-07,POL00283,Health,Retail Health,West,Direct,Active,201631.76,197537.43,True,242798.27,Settled,62192.05,33562.91,172082.85
EVT00001106,2022,2022-11-13,POL00391,Motor,Private Motor,South,Agent,Active,21771.34,19441.31,True,6162.4,Open,1151.56,1126.63,21141.01
EVT00001107,2022,2022-02-11,POL00037,Health,Retail Health,Central,Bancassurance,Active,78150.94,71604.59,False,0,,5224.38,5316.84,77189.71
EVT00001108,2022,2022-04-12,POL00096,Motor,Private Motor,North,Agent,Active,153347.41,123069.69,False,0,,25466.45,20135.85,134776.39
EVT00001109,2022,2022-04-12,POL00363,Travel,Travel,Central,Broker,Active,163091.73,146448.71,False,0,,29805.81,18916.35,140574.27
EVT00001110,2022,2022-11-04,POL00135,Health,Retail Health,Central,Broker,Active,157008.04,120730.54,True,92869.61,Closed,15500.94,20817.48,147406.41
EVT00001111,2022,2022-03-24,POL00212,SME,SME Package,East,Broker,Active,182787.34,170697.93,False,0,,45048.42,32144.63,162269.5
EVT00001112,2022,2022-01-07,POL00034,Motor,Private Motor,North,Bancassurance,Active,163377.81,147850.6,False,0,,12087.59,24404.79,156420.6
EVT00001113,2022,2022-09-03,POL00382,Motor,Private Motor,East,Direct,Active,136367.45,134979.78,False,0,,36566.21,12474.66,123237.57
EVT00001114,2022,2022-08-25,POL00190,Travel,Travel,East,Bancassurance,Active,219808.65,175313.06,False,0,,13806.15,21074.45,202167.19
EVT00001115,2022,2022-11-20,POL00167,Travel,Travel,West,Bancassurance,Active,38121.57,35744.23,False,0,,2186.04,2597.08,34214.43
EVT00001116,2022,2022-06-22,POL00077,Travel,Travel,East,Agent,Active,181289.82,177000.61,True,308876.19,Closed,14222.89,18286.33,158172.64
EVT00001117,2022,2022-12-07,POL00102,Motor,Private Motor,West,Bancassurance,Active,183912.97,177191.62,True,65310.54,Repudiated,33078.01,31845.09,160734.99
EVT00001118,2022,2022-06-07,POL00031,Property,Commercial Property,North,Agent,Cancelled,157677.11,142217.57,True,148678.32,Repudiated,45897.7,16418.11,134332.25
EVT00001119,2022,2022-08-31,POL00324,Health,Retail Health,East,Direct,Active,98947.46,77224.72,True,52361.72,Settled,28906.24,16062.41,89590.51
EVT00001120,2022,2022-05-24,POL00033,Motor,Private Motor,West,Direct,Active,52404.67,43577.11,True,82626.84,Settled,12585.58,8764.11,48287.14
EVT00001121,2022,2022-11-09,POL00285,Property,Commercial Property,Central,Direct,Active,199193.43,197474.09,False,0,,44157.7,33560.01,190471.89
EVT00001122,2022,2022-08-25,POL00122,Health,Retail Health,West,Bancassurance,Expired,74453.53,72233.48,False,0,,7036.35,6835.96,69196.02
EVT00001123,2022,2022-04-25,POL00309,Property,Commercial Property,North,Bancassurance,Active,48954.53,46138.98,False,0,,7790.37,7397.46,45090.16
EVT00001124,2022,2022-11-27,POL00325,Motor,Private Motor,East,Direct,Expired,110301.26,86755.26,True,65580.5,Settled,25527.16,13205.3,107391.56
EVT00001125,2022,2022-12-25,POL00097,SME,SME Package,Central,Agent,Active,20839.35,20239.03,False,0,,4193.69,1714.44,18888.81
EVT00001126,2022,2022-03-17,POL00006,Property,Commercial Property,East,Broker,Active,13360.14,12196.59,False,0,,983.48,1475.52,13179.39
EVT00001127,2022,2022-01-09,POL00229,Travel,Travel,Central,Broker,Active,168793.85,131142.06,True,86013.58,Repudiated,22859.55,21308.95,151647.86
EVT00001128,2022,2022-06-17,POL00064,Motor,Private Motor,East,Bancassurance,Active,74836.97,69607.76,False,0,,17861.12,10029.85,68051.55
EVT00001129,2022,2022-02-22,POL00314,Motor,Private Motor,East,Direct,Active,128528.28,124777.17,True,166789.31,Closed,25577.51,21914.5,111946.42
EVT00001130,2022,2022-09-26,POL00268,Health,Retail Health,South,Agent,Expired,214131.72,178701.38,False,0,,58940.87,24415.14,199520.81
EVT00001131,2022,2022-10-13,POL00214,Travel,Travel,South,Agent,Expired,103081.61,80281.22,False,0,,13217.78,8360.38,97588.78
EVT00001132,2022,2022-01-10,POL00013,Motor,Private Motor,South,Bancassurance,Active,54428.19,43987.04,True,85670.43,Settled,7994.69,8070.35,51736.14
EVT00001133,2022,2022-02-11,POL00262,Property,Commercial Property,West,Agent,Active,155790.45,138265.23,True,166587.54,Closed,18515.97,17743.05,140586.43
EVT00001134,2022,2022-07-18,POL00298,Property,Commercial Property,Central,Broker,Active,40278.24,30282.69,False,0,,9539.4,3404.88,36497.93
EVT00001135,2022,2022-07-27,POL00082,Health,Retail Health,Central,Direct,Active,77336.31,63035.7,True,41870.52,Open,14203.82,13596.15,73529.58
EVT00001136,2022,2022-06-05,POL00105,Health,Retail Health,North,Agent,Active,30626.68,30114.32,True,42604.75,Settled,9184.3,4215.67,30105.96
EVT00001137,2022,2022-06-20,POL00185,Travel,Travel,North,Broker,Active,195488.65,158948.53,False,0,,27949.1,15274.52,171470.5
EVT00001138,2022,2022-12-08,POL00106,Travel,Travel,West,Direct,Active,90839.93,85250.06,False,0,,17627.73,11589.02,88046.65
EVT00001139,2022,2022-07-15,POL00128,Motor,Private Motor,Central,Agent,Expired,188768.46,170801.32,False,0,,63055.49,32264.44,169045.36
EVT00001140,2022,2022-01-12,POL00374,SME,SME Package,South,Agent,Active,53645.43,42792.76,False,0,,16787.45,3212.98,48958.06
EVT00001141,2022,2022-12-16,POL00153,Motor,Private Motor,North,Direct,Active,104868.66,103092.33,False,0,,34016.23,6883.82,99154.0
EVT00001142,2022,2022-10-16,POL00016,Travel,Travel,South,Agent,Active,161659.51,139643.29,False,0,,41785.03,13823.1,137957.61
EVT00001143,2022,2022-10-23,POL00246,Motor,Private Motor,South,Broker,Active,151740.08,114939.25,False,0,,45390.82,15722.57,151123.42
EVT00001144,2022,2022-01-01,POL00023,Motor,Private Motor,East,Direct,Expired,50972.11,41635.1,False,0,,17277.35,3794.83,48599.42
EVT00001145,2022,2022-07-08,POL00333,Motor,Private Motor,Central,Bancassurance,Active,157024.75,148858.04,False,0,,42829.72,13699.97,135553.56
EVT00001146,2022,2022-10-25,POL00234,Travel,Travel,Central,Broker,Active,199186.03,185551.68,False,0,,29123.66,26513.82,181468.48
EVT00001147,2022,2022-02-14,POL00206,Property,Commercial Property,West,Direct,Expired,39298.24,36082.25,False,0,,9931.18,4048.4,39070.62
EVT00001148,2022,2022-11-17,POL00309,Property,Commercial Property,South,Direct,Expired,144838.4,124950.96,False,0,,36803.63,23994.84,130574.43
EVT00001149,2022,2022-02-27,POL00075,SME,SME Package,East,Broker,Expired,129622.83,128885.02,False,0,,38550.56,13160.03,126189.96
EVT00001150,2022,2022-09-08,POL00257,SME,SME Package,North,Agent,Active,62000.04,55031.99,False,0,,16858.64,8613.13,60025.87
EVT00001151,2022,2022-11-24,POL00060,Property,Commercial Property,East,Bancassurance,Active,181704.51,146229.95,False,0,,31325.77,26838.4,157349.56
EVT00001152,2022,2022-06-06,POL00330,Travel,Travel,South,Broker,Expired,197354.91,195839.25,False,0,,39186.96,33364.76,188324.07
EVT00001153,2022,2022-02-04,POL00124,Travel,Travel,East,Broker,Active,28476.49,27155.85,True,4500.69,Open,3192.96,4487.76,27111.68
EVT00001154,2022,2022-11-14,POL00130,Travel,Travel,North,Bancassurance,Expired,148256.03,111583.73,False,0,,22675.89,14638.66,132773.35
EVT00001155,2022,2022-10-03,POL00302,Travel,Travel,Central,Agent,Active,215126.85,188235.72,False,0,,27264.03,24001.2,208603.08
EVT00001156,2022,2022-05-10,POL00395,Motor,Private Motor,West,Direct,Expired,153187.81,152982.47,False,0,,51904.7,22775.42,132204.8
EVT00001157,2022,2022-01-18,POL00279,Motor,Private Motor,North,Broker,Expired,159709.0,156607.09,False,0,,43874.56,12996.99,159325.7
EVT00001158,2022,2022-08-26,POL00166,Property,Commercial Property,Central,Bancassurance,Active,95048.7,71531.13,True,148012.03,Open,31428.94,10243.96,87949.6
EVT00001159,2022,2022-12-18,POL00141,SME,SME Package,West,Agent,Active,32945.74,28965.37,True,28433.22,Closed,2040.82,4221.85,30112.73
EVT00001160,2022,2022-04-04,POL00080,Motor,Private Motor,South,Bancassurance,Active,9206.81,8690.63,False,0,,2961.12,1384.89,7886.38
EVT00001161,2022,2022-11-06,POL00115,Property,Commercial Property,Central,Bancassurance,Active,102269.28,94619.03,False,0,,8228.72,6964.2,98286.25
EVT00001162,2022,2022-08-31,POL00289,Motor,Private Motor,West,Bancassurance,Active,156171.29,117930.31,False,0,,40314.62,20697.09,135236.41
EVT00001163,2022,2022-03-12,POL00018,Property,Commercial Property,West,Bancassurance,Active,26495.51,25685.95,False,0,,5097.41,3071.49,23487.87
EVT00001164,2022,2022-12-03,POL00062,Motor,Private Motor,South,Agent,Active,148903.88,128284.49,False,0,,24121.69,12536.35,128060.74
EVT00001165,2022,2022-09-26,POL00095,SME,SME Package,West,Agent,Active,57236.64,45036.47,True,73165.59,Open,9247.01,6658.08,48755.59
EVT00001166,2022,2022-02-20,POL00341,Property,Commercial Property,Central,Agent,Active,180029.89,149403.62,True,157230.77,Closed,19191.2,20112.71,165953.38
EVT00001167,2022,2022-10-17,POL00089,Travel,Travel,Central,Agent,Active,34914.58,30636.39,False,0,,2457.92,4075.93,34848.39
EVT00001168,2022,2022-04-09,POL00085,Health,Retail Health,West,Direct,Expired,183530.84,156294.47,False,0,,11539.07,16823.06,166865.2
EVT00001169,2022,2022-11-03,POL00344,Property,Commercial Property,West,Bancassurance,Active,191790.31,179736.7,True,213431.21,Repudiated,46760.83,28424.46,167546.63
EVT00001170,2022,2022-05-24,POL00267,Property,Commercial Property,West,Agent,Active,14553.77,11156.68,True,23683.43,Closed,4102.35,803.27,12976.26
EVT00001171,2022,2022-10-14,POL00238,Property,Commercial Property,East,Direct,Expired,189340.33,164248.57,False,0,,52489.93,30130.86,177683.43
EVT00001172,2022,2022-05-18,POL00350,SME,SME Package,Central,Broker,Active,27289.39,23807.78,False,0,,5597.03,3604.32,24225.85
EVT00001173,2022,2022-09-23,POL00139,Property,Commercial Property,Central,Broker,Active,200031.89,195392.03,False,0,,30915.72,17967.9,194803.11
EVT00001174,2022,2022-04-08,POL00347,Travel,Travel,East,Direct,Active,149973.14,119541.82,False,0,,42902.52,23139.62,142961.87
EVT00001175,2022,2022-06-22,POL00352,Property,Commercial Property,Central,Direct,Active,106090.37,93362.51,True,138848.61,Settled,25629.16,8141.95,102747.65
EVT00001176,2022,2022-03-05,POL00094,Travel,Travel,East,Broker,Active,160012.79,157311.93,False,0,,24389.12,13299.36,137740.22
EVT00001177,2022,2022-09-19,POL00193,SME,SME Package,West,Agent,Active,180142.13,146582.14,False,0,,59523.52,21902.35,175309.59
EVT00001178,2022,2022-04-03,POL00291,Travel,Travel,South,Direct,Active,98673.95,98222.43,False,0,,19035.24,9896.5,85640.77
EVT00001179,2022,2022-01-06,POL00063,Property,Commercial Property,North,Agent,Expired,66799.48,59259.33,True,94900.26,Repudiated,7445.99,11080.06,62456.52
EVT00001180,2022,2022-05-02,POL00058,Property,Commercial Property,Central,Direct,Active,59024.22,47520.95,False,0,,16262.23,10070.75,53300.8
EVT00001181,2022,2022-10-20,POL00078,Motor,Private Motor,Central,Direct,Expired,44430.58,44057.36,False,0,,9442.09,2322.27,38834.96
EVT00001182,2022,2022-12-10,POL00380,SME,SME Package,East,Bancassurance,Active,60192.91,51260.32,True,67220.44,Closed,19580.01,5196.53,51192.58
EVT00001183,2022,2022-11-11,POL00158,Travel,Travel,Central,Bancassurance,Active,57222.31,55037.59,False,0,,10485.41,3979.82,56261.99
EVT00001184,2022,2022-07-18,POL00385,Travel,Travel,North,Direct,Active,150741.97,129511.86,False,0,,23016.28,7943.05,139607.25
EVT00001185,2022,2022-06-30,POL00227,SME,SME Package,South,Direct,Active,24399.67,23405.02,False,0,,2452.52,2501.47,21537.33
EVT00001186,2022,2022-02-03,POL00208,Property,Commercial Property,South,Direct,Expired,88442.14,85738.7,False,0,,22636.56,10898.74,83738.93
EVT00001187,2022,2022-05-18,POL00232,Motor,Private Motor,West,Direct,Active,12344.75,10605.04,False,0,,2188.0,1319.12,11137.86
EVT00001188,2022,2022-07-06,POL00188,Property,Commercial Property,West,Broker,Active,188973.15,172202.21,False,0,,55377.19,30229.53,188382.46
EVT00001189,2022,2022-04-06,POL00025,Health,Retail Health,North,Broker,Active,155406.31,118499.84,True,260916.42,Repudiated,14718.35,10631.72,142256.46
EVT00001190,2022,2022-03-27,POL00118,Travel,Travel,East,Broker,Active,57144.91,44176.89,True,68371.09,Closed,7798.73,6350.64,52201.28
EVT00001191,2022,2022-10-01,POL00121,Motor,Private Motor,South,Agent,Active,29520.18,28171.77,True,9223.79,Repudiated,6377.29,2891.83,25884.43
EVT00001192,2022,2022-03-09,POL00096,Health,Retail Health,North,Direct,Expired,170466.12,149722.35,True,156289.74,Open,28662.46,12224.15,156890.2
EVT00001193,2022,2022-07-13,POL00124,SME,SME Package,East,Direct,Active,104448.16,96881.13,False,0,,10301.31,13450.98,89443.24
EVT00001194,2022,2022-11-28,POL00070,Motor,Private Motor,East,Bancassurance,Active,111870.78,104997.96,False,0,,29966.88,18519.43,102920.34
EVT00001195,2022,2022-11-04,POL00267,Property,Commercial Property,Central,Bancassurance,Expired,118975.73,101357.75,False,0,,23785.39,18397.1,104821.66
EVT00001196,2022,2022-03-17,POL00189,Property,Commercial Property,North,Bancassurance,Active,71497.81,54050.13,False,0,,19668.58,5578.56,69085.53
EVT00001197,2022,2022-07-10,POL00231,SME,SME Package,South,Direct,Active,38170.85,37221.38,False,0,,4804.79,3889.65,36526.97
EVT00001198,2022,2022-07-17,POL00105,Travel,Travel,South,Bancassurance,Cancelled,60017.59,47196.89,False,0,,4824.54,5919.21,54170.87
EVT00001199,2022,2022-04-10,POL00335,Travel,Travel,North,Direct,Active,116663.04,101412.5,False,0,,36234.22,13104.71,105331.83
EVT00001200,2022,2022-06-21,POL00159,SME,SME Package,South,Agent,Cancelled,38939.07,36126.74,True,4656.02,Closed,9314.32,3826.33,35717.01
EVT00001201,2022,2022-10-08,POL00314,Travel,Travel,East,Direct,Active,18794.27,16524.85,True,16515.67,Repudiated,3383.39,2195.48,17853.58
EVT00001202,2022,2022-03-15,POL00374,SME,SME Package,Central,Agent,Cancelled,40505.96,38730.92,False,0,,10704.97,5876.95,38289.5
EVT00001203,2022,2022-03-19,POL00073,Health,Retail Health,North,Bancassurance,Active,54690.36,41619.55,True,15688.34,Repudiated,12075.0,5703.47,53262.3
EVT00001204,2022,2022-03-26,POL00219,SME,SME Package,Central,Direct,Cancelled,52650.59,52532.47,True,6437.84,Repudiated,15063.53,4132.14,51980.35
EVT00001205,2022,2022-10-23,POL00345,Travel,Travel,North,Agent,Active,180078.23,150488.55,False,0,,29106.93,19981.56,178903.86
EVT00001206,2022,2022-05-06,POL00286,SME,SME Package,East,Direct,Active,149563.39,143407.31,False,0,,38105.82,23153.1,144589.57
EVT00001207,2022,2022-05-12,POL00116,Motor,Private Motor,West,Bancassurance,Active,207267.29,171025.0,False,0,,72003.39,11745.27,194572.98
EVT00001208,2022,2022-07-05,POL00055,Health,Retail Health,Central,Broker,Expired,54417.94,53821.75,False,0,,5222.9,3418.41,50681.14
EVT00001209,2022,2022-01-30,POL00212,Travel,Travel,West,Direct,Active,59408.77,53810.36,False,0,,14784.75,8955.61,58750.44
EVT00001210,2022,2022-07-22,POL00224,Travel,Travel,West,Broker,Active,215412.03,179534.39,False,0,,30675.15,24394.89,215340.9
EVT00001211,2022,2022-02-12,POL00302,Health,Retail Health,West,Bancassurance,Expired,68731.13,62039.69,True,22217.03,Settled,15673.02,11059.93,59459.23
EVT00001212,2022,2022-04-01,POL00378,Motor,Private Motor,South,Bancassurance,Active,27570.79,27364.42,False,0,,6738.05,4933.49,23443.8
EVT00001213,2022,2022-02-21,POL00017,Health,Retail Health,East,Direct,Active,202633.72,187435.4,False,0,,15452.05,14484.02,181654.06
EVT00001214,2022,2022-09-27,POL00020,SME,SME Package,North,Agent,Active,182143.11,145361.5,True,129975.19,Repudiated,14983.37,23157.33,171636.23
EVT00001215,2022,2022-12-19,POL00037,SME,SME Package,East,Broker,Active,136507.56,111253.05,False,0,,35489.62,8531.13,128449.87
EVT00001216,2022,2022-07-25,POL00146,Motor,Private Motor,West,Direct,Active,155320.66,147953.44,False,0,,31477.71,13695.39,148463.04
EVT00001217,2022,2022-02-07,POL00215,Health,Retail Health,East,Direct,Active,105792.79,97943.88,True,14010.98,Open,9976.68,19018.3,91925.1
EVT00001218,2022,2022-12-30,POL00145,Property,Commercial Property,East,Broker,Expired,100290.98,78292.62,False,0,,33374.19,12213.0,94088.05
EVT00001219,2022,2022-07-23,POL00108,Travel,Travel,North,Direct,Active,48595.58,37249.18,True,75060.36,Settled,8109.03,7562.81,44684.88
EVT00001220,2022,2022-04-05,POL00364,Property,Commercial Property,West,Broker,Expired,165999.63,153856.12,False,0,,56011.52,24517.62,162716.17
EVT00001221,2022,2022-08-02,POL00004,Health,Retail Health,East,Bancassurance,Active,193610.44,161401.23,True,51487.64,Repudiated,65269.72,32516.85,185501.58
EVT00001222,2022,2022-06-20,POL00020,Motor,Private Motor,East,Direct,Expired,87081.07,65370.39,False,0,,25888.96,10026.51,76775.83
EVT00001223,2022,2022-08-21,POL00349,SME,SME Package,East,Bancassurance,Expired,218649.79,197466.11,False,0,,39462.2,37930.54,212099.46
EVT00001224,2022,2022-08-31,POL00369,SME,SME Package,Central,Direct,Active,168224.0,128040.07,False,0,,28968.32,22124.07,162971.33
EVT00001225,2022,2022-07-22,POL00214,Travel,Travel,Central,Broker,Expired,184978.06,149041.43,True,297164.15,Open,54572.39,25322.79,173312.34
EVT00001226,2022,2022-05-21,POL00136,Motor,Private Motor,Central,Broker,Active,209825.82,180935.42,False,0,,37559.5,36640.39,203606.31
EVT00001227,2022,2022-10-25,POL00275,SME,SME Package,West,Agent,Active,209950.62,199171.22,False,0,,29783.85,26880.37,180070.31
EVT00001228,2022,2022-01-08,POL00110,SME,SME Package,Central,Direct,Expired,189309.58,185789.8,False,0,,50681.27,13827.32,179544.12
EVT00001229,2022,2022-03-24,POL00351,Travel,Travel,North,Direct,Active,208674.65,157585.4,True,282241.03,Settled,21014.95,18363.61,185420.76
EVT00001230,2022,2022-03-04,POL00219,Health,Retail Health,South,Direct,Active,205529.19,170049.32,False,0,,44107.43,12109.1,204999.34
EVT00001231,2022,2022-02-12,POL00002,Health,Retail Health,North,Direct,Cancelled,32034.6,27640.19,True,44871.3,Repudiated,6510.52,3605.86,30181.56
EVT00001232,2022,2022-02-14,POL00183,Motor,Private Motor,East,Broker,Active,48131.63,47469.11,False,0,,15559.8,6288.13,47910.87
EVT00001233,2022,2022-07-19,POL00033,Health,Retail Health,South,Direct,Active,180826.2,159796.53,False,0,,59205.06,23887.89,154510.27
EVT00001234,2022,2022-04-27,POL00388,Travel,Travel,North,Bancassurance,Active,48310.46,43932.19,False,0,,13252.54,2835.68,48259.9
EVT00001235,2022,2022-07-10,POL00337,Travel,Travel,Central,Bancassurance,Active,144215.8,115340.66,True,119211.32,Open,31912.33,7531.78,136959.88
EVT00001236,2022,2022-03-11,POL00333,Property,Commercial Property,West,Agent,Cancelled,190745.45,147123.17,False,0,,43565.22,23458.56,165466.73
EVT00001237,2022,2022-01-20,POL00243,Travel,Travel,Central,Direct,Active,179895.81,170277.96,False,0,,22273.13,21555.22,164397.08
EVT00001238,2022,2022-07-06,POL00055,Motor,Private Motor,East,Broker,Active,180926.99,180894.46,False,0,,55168.46,32127.27,180252.03
EVT00001239,2022,2022-07-05,POL00039,Travel,Travel,East,Direct,Active,13543.33,11122.99,True,4989.78,Closed,4461.49,1738.66,13241.79
EVT00001240,2022,2022-10-09,POL00059,Motor,Private Motor,East,Direct,Active,34230.12,30605.25,False,0,,2521.11,1929.9,30694.95
EVT00001241,2022,2022-02-17,POL00387,SME,SME Package,North,Direct,Expired,147474.74,114308.99,False,0,,48554.02,13353.25,144775.16
EVT00001242,2022,2022-05-16,POL00337,Property,Commercial Property,East,Agent,Active,27994.77,27607.71,True,45244.08,Open,5340.48,2714.0,26071.38
EVT00001243,2022,2022-04-22,POL00082,SME,SME Package,Central,Broker,Active,43696.52,39856.53,False,0,,13546.26,5768.34,37252.46
EVT00001244,2022,2022-11-10,POL00374,Health,Retail Health,South,Broker,Cancelled,9120.74,8033.04,True,13662.23,Closed,1804.04,738.13,8340.54
EVT00001245,2022,2022-03-05,POL00342,Travel,Travel,South,Direct,Active,93758.37,84166.19,False,0,,12779.16,7723.25,91735.16
EVT00001246,2022,2022-10-25,POL00362,Travel,Travel,East,Bancassurance,Active,32297.47,28992.93,False,0,,8313.05,4035.89,31398.53
EVT00001247,2022,2022-04-18,POL00062,Health,Retail Health,South,Agent,Active,60999.15,46459.46,True,45155.36,Closed,8110.73,3942.97,51875.06
EVT00001248,2022,2022-07-30,POL00368,Motor,Private Motor,North,Bancassurance,Active,51742.69,40674.72,False,0,,14781.81,8431.17,46504.61
EVT00001249,2022,2022-05-05,POL00194,SME,SME Package,East,Bancassurance,Active,189844.32,149308.55,False,0,,20199.48,25925.41,188328.37
EVT00001250,2022,2022-02-26,POL00251,Travel,Travel,East,Bancassurance,Active,8648.17,7488.41,True,14171.01,Open,2373.9,1021.84,7615.37
EVT00001251,2022,2022-04-25,POL00148,Health,Retail Health,East,Direct,Active,171039.36,148514.93,False,0,,11902.37,18656.25,153162.22
EVT00001252,2022,2022-07-16,POL00231,Health,Retail Health,East,Bancassurance,Cancelled,65163.57,56698.01,False,0,,5867.72,9874.3,61695.76
EVT00001253,2022,2022-07-26,POL00113,SME,SME Package,Central,Broker,Active,160903.45,141676.62,False,0,,21165.82,21815.0,156063.35
EVT00001254,2022,2022-09-29,POL00011,Motor,Private Motor,Central,Agent,Active,67956.43,64723.58,False,0,,17025.4,8309.34,64017.62
EVT00001255,2022,2022-04-06,POL00094,Travel,Travel,Central,Agent,Active,12148.85,11445.71,False,0,,2137.2,1146.47,11203.1
EVT00001256,2022,2022-02-19,POL00056,Property,Commercial Property,West,Direct,Active,65651.61,52512.54,False,0,,19864.41,8416.83,61358.21
EVT00001257,2022,2022-08-09,POL00195,Travel,Travel,Central,Broker,Expired,76839.59,74107.87,False,0,,21336.66,9161.06,70997.67
EVT00001258,2022,2022-03-11,POL00288,Motor,Private Motor,North,Agent,Active,37043.1,31586.05,True,32742.71,Open,2992.51,6618.52,34534.73
EVT00001259,2022,2022-04-18,POL00114,Health,Retail Health,South,Direct,Active,62368.79,61093.4,False,0,,21666.59,8332.0,61337.85
EVT00001260,2022,2022-05-22,POL00048,Property,Commercial Property,South,Agent,Active,61067.14,54934.83,False,0,,20242.63,4968.26,56267.38
EVT00001261,2022,2022-05-23,POL00278,Health,Retail Health,North,Bancassurance,Expired,53868.01,45946.84,False,0,,4126.99,6775.21,53260.47
EVT00001262,2022,2022-04-09,POL00001,Travel,Travel,East,Direct,Expired,125932.81,99622.12,False,0,,43347.52,15656.16,119648.11
EVT00001263,2022,2022-04-15,POL00089,Health,Retail Health,South,Agent,Expired,49521.48,39729.49,True,42697.44,Repudiated,5828.06,3342.05,42968.87
EVT00001264,2022,2022-08-04,POL00188,Property,Commercial Property,West,Broker,Active,184727.37,145891.62,False,0,,18733.67,10079.99,161870.01
EVT00001265,2022,2022-12-13,POL00056,Motor,Private Motor,South,Broker,Active,95991.2,82423.29,False,0,,9585.37,13705.68,91869.18
EVT00001266,2022,2022-11-09,POL00272,SME,SME Package,Central,Direct,Expired,41368.2,41339.42,False,0,,9108.78,7196.84,37799.49
EVT00001267,2022,2022-08-27,POL00228,Property,Commercial Property,East,Direct,Active,204357.18,194052.58,False,0,,22250.59,18069.15,197385.27
EVT00001268,2022,2022-10-25,POL00047,SME,SME Package,North,Broker,Expired,56704.42,52455.41,False,0,,4760.31,6368.58,55933.24
EVT00001269,2022,2022-05-04,POL00365,Health,Retail Health,North,Broker,Active,57141.69,44662.33,False,0,,11572.61,7365.4,56151.03
EVT00001270,2022,2022-04-16,POL00276,SME,SME Package,North,Direct,Active,27829.74,22689.17,False,0,,8305.31,1550.74,25702.89
EVT00001271,2022,2022-05-22,POL00072,Health,Retail Health,North,Broker,Active,23144.27,21529.49,False,0,,6279.56,2125.56,20244.18
EVT00001272,2022,2022-11-23,POL00173,Motor,Private Motor,North,Agent,Expired,172364.5,159044.32,False,0,,46008.74,10492.24,150773.88
EVT00001273,2022,2022-11-06,POL00300,Motor,Private Motor,North,Broker,Active,178739.13,153670.03,False,0,,43659.59,10267.17,168841.79
EVT00001274,2022,2022-03-17,POL00014,Health,Retail Health,East,Direct,Active,32413.4,31718.61,False,0,,8938.28,2719.63,27964.86
EVT00001275,2022,2022-08-29,POL00308,SME,SME Package,Central,Bancassurance,Active,118711.1,111825.47,True,176675.52,Settled,23792.63,18101.1,106497.75
EVT00001276,2022,2022-05-21,POL00021,SME,SME Package,West,Bancassurance,Active,135032.87,101369.03,True,61961.61,Settled,32542.97,8308.51,129440.47
EVT00001277,2022,2022-03-29,POL00272,Health,Retail Health,West,Bancassurance,Active,57989.98,45656.57,True,26099.35,Settled,9328.84,3268.88,51989.12
EVT00001278,2022,2022-01-09,POL00296,Travel,Travel,North,Agent,Active,19243.79,15433.12,False,0,,5904.14,2358.79,18141.38
EVT00001279,2022,2022-10-12,POL00396,SME,SME Package,Central,Broker,Active,20870.89,19837.75,False,0,,6461.11,1729.49,19395.03
EVT00001280,2022,2022-04-07,POL00271,Motor,Private Motor,East,Direct,Cancelled,144480.81,128135.61,False,0,,45386.65,11901.17,127009.96
EVT00001281,2022,2022-11-27,POL00271,Motor,Private Motor,West,Direct,Active,150675.96,118337.17,False,0,,38176.91,21754.39,139866.24
EVT00001282,2022,2022-04-20,POL00343,Property,Commercial Property,West,Direct,Active,59455.84,50831.77,False,0,,9541.29,8578.27,55249.23
EVT00001283,2022,2022-07-11,POL00054,Property,Commercial Property,East,Agent,Active,16645.12,14107.51,False,0,,3986.33,1171.27,16510.65
EVT00001284,2022,2022-01-12,POL00388,Property,Commercial Property,North,Broker,Active,56564.76,51979.49,False,0,,14421.47,4988.92,56218.74
EVT00001285,2022,2022-01-12,POL00343,Motor,Private Motor,West,Bancassurance,Active,175923.88,169902.19,False,0,,59460.78,20925.47,173714.48
EVT00001286,2022,2022-11-09,POL00396,Health,Retail Health,North,Direct,Active,155850.11,137099.27,False,0,,20670.39,22491.4,135611.12
EVT00001287,2022,2022-07-01,POL00357,Motor,Private Motor,East,Agent,Active,143485.23,143238.65,False,0,,15983.1,11205.82,142833.78
EVT00001288,2022,2022-08-21,POL00100,SME,SME Package,East,Direct,Expired,33902.25,31600.72,False,0,,9892.15,2092.02,32434.14
EVT00001289,2022,2022-06-15,POL00270,Travel,Travel,North,Agent,Active,50107.2,45012.77,False,0,,5481.58,3917.47,45635.09
EVT00001290,2022,2022-07-19,POL00116,Motor,Private Motor,West,Agent,Expired,210716.65,206403.83,False,0,,42452.23,31310.76,189458.75
EVT00001291,2022,2022-02-24,POL00049,Travel,Travel,Central,Bancassurance,Expired,160700.65,141596.32,True,263930.18,Closed,47584.21,28868.94,137304.2
EVT00001292,2022,2022-05-26,POL00172,Travel,Travel,North,Broker,Expired,119060.39,89685.82,False,0,,17877.58,15809.83,110083.56
EVT00001293,2022,2022-11-06,POL00306,Motor,Private Motor,West,Agent,Expired,152185.6,129044.31,False,0,,23396.67,25135.72,131098.43
EVT00001294,2022,2022-07-28,POL00037,Motor,Private Motor,Central,Direct,Active,69955.62,56512.76,False,0,,10695.17,3737.65,60923.93
EVT00001295,2022,2022-01-19,POL00100,Health,Retail Health,South,Broker,Active,115240.75,88548.16,False,0,,17350.35,12028.25,99548.84
EVT00001296,2022,2022-01-24,POL00357,Property,Commercial Property,South,Bancassurance,Expired,17084.93,14380.54,True,24981.17,Closed,3377.91,1732.66,15637.93
EVT00001297,2022,2022-07-04,POL00266,Motor,Private Motor,North,Broker,Active,187465.84,184599.73,False,0,,58573.46,10723.12,184230.29
EVT00001298,2022,2022-03-31,POL00200,Travel,Travel,Central,Agent,Expired,169700.07,143663.16,False,0,,12185.11,29229.17,149663.25
EVT00001299,2022,2022-11-26,POL00394,Health,Retail Health,East,Direct,Active,181288.31,159038.61,True,187951.86,Repudiated,43130.93,20501.01,174844.92
EVT00001300,2022,2022-04-10,POL00074,SME,SME Package,South,Direct,Active,212183.36,165281.74,False,0,,45907.83,32505.53,211710.62
EVT00001301,2022,2022-11-11,POL00176,Property,Commercial Property,South,Bancassurance,Expired,201497.55,188231.86,False,0,,34705.37,15627.12,190771.9
EVT00001302,2022,2022-12-29,POL00371,Motor,Private Motor,North,Agent,Active,103725.18,95789.35,False,0,,6664.07,10151.75,96948.74
EVT00001303,2022,2022-11-17,POL00034,Property,Commercial Property,East,Broker,Expired,159506.39,137698.2,True,232370.28,Repudiated,44161.83,22618.17,150504.86
EVT00001304,2022,2022-08-22,POL00216,SME,SME Package,Central,Bancassurance,Expired,147235.49,140988.37,False,0,,40909.14,21641.04,140077.83
EVT00001305,2022,2022-01-11,POL00046,SME,SME Package,East,Broker,Active,85630.26,72445.32,False,0,,10657.56,7958.99,74107.99
EVT00001306,2022,2022-08-09,POL00396,SME,SME Package,East,Broker,Cancelled,196794.41,152926.72,False,0,,57488.22,15545.5,190315.78
EVT00001307,2022,2022-01-16,POL00207,SME,SME Package,Central,Agent,Active,156331.65,155941.71,False,0,,26482.29,10208.95,150792.62
EVT00001308,2022,2022-07-05,POL00329,Travel,Travel,South,Broker,Active,207922.68,193596.87,False,0,,24143.82,28510.16,195522.17
EVT00001309,2022,2022-07-28,POL00333,Health,Retail Health,Central,Broker,Active,126964.5,95778.82,False,0,,17192.32,6398.93,114484.2
EVT00001310,2022,2022-02-17,POL00340,Motor,Private Motor,South,Bancassurance,Active,124441.47,119742.93,True,133500.02,Settled,26549.6,8593.88,118112.1
EVT00001311,2022,2022-04-08,POL00282,Travel,Travel,Central,Bancassurance,Active,141634.8,138924.67,True,144539.88,Repudiated,11256.54,22375.44,139133.96
EVT00001312,2022,2022-09-18,POL00271,Property,Commercial Property,Central,Direct,Cancelled,167089.42,135840.8,True,82516.19,Closed,20415.03,25651.04,149814.28
EVT00001313,2022,2022-02-02,POL00140,Motor,Private Motor,North,Broker,Active,55431.75,41664.07,False,0,,9992.93,5586.83,54477.5
EVT00001314,2022,2022-02-03,POL00029,Motor,Private Motor,West,Broker,Active,149682.79,142734.28,False,0,,51019.04,24110.67,128306.2
EVT00001315,2022,2022-11-19,POL00193,SME,SME Package,North,Direct,Active,141530.75,108736.76,False,0,,9383.07,14579.48,124062.8
EVT00001316,2022,2022-08-14,POL00268,Health,Retail Health,Central,Bancassurance,Active,140919.27,107461.48,False,0,,33996.9,11994.46,138714.98
EVT00001317,2022,2022-10-12,POL00227,SME,SME Package,East,Bancassurance,Active,159434.86,137473.71,True,117507.3,Repudiated,40084.8,20331.22,143759.63
EVT00001318,2022,2022-09-26,POL00048,Travel,Travel,West,Bancassurance,Expired,216180.28,192693.45,False,0,,15140.88,32666.18,184490.47
EVT00001319,2022,2022-07-25,POL00346,SME,SME Package,East,Agent,Cancelled,50069.12,43233.01,True,14558.42,Settled,7879.06,8560.79,44080.49
EVT00001320,2022,2022-07-14,POL00056,Travel,Travel,Central,Agent,Active,51442.41,51392.39,False,0,,13036.01,3097.72,44986.77
EVT00001321,2022,2022-04-08,POL00058,Health,Retail Health,West,Broker,Expired,215663.37,178879.61,False,0,,46116.13,38158.68,195476.67
EVT00001322,2022,2022-02-18,POL00112,Travel,Travel,North,Direct,Active,133621.67,124468.14,True,140477.55,Open,12327.31,13552.78,123805.86
EVT00001323,2022,2022-09-13,POL00221,Property,Commercial Property,East,Agent,Active,51436.75,41793.98,True,45141.15,Open,16886.95,8623.66,49437.79
EVT00001324,2022,2022-02-22,POL00342,SME,SME Package,South,Broker,Active,184799.07,168123.84,False,0,,58817.82,23389.85,180012.48
EVT00001325,2022,2022-08-07,POL00322,Health,Retail Health,East,Bancassurance,Active,123778.52,115564.21,False,0,,33342.04,15948.15,109553.85
EVT00001326,2022,2022-01-12,POL00119,SME,SME Package,South,Agent,Expired,45569.92,41941.78,False,0,,2677.1,3634.57,43862.9
EVT00001327,2022,2022-07-27,POL00253,SME,SME Package,Central,Bancassurance,Active,204546.35,159494.76,False,0,,13975.97,33119.64,189096.89
EVT00001328,2022,2022-12-12,POL00266,Health,Retail Health,North,Direct,Expired,87736.77,68952.97,False,0,,8886.16,6940.69,79173.27
EVT00001329,2022,2022-02-07,POL00082,Motor,Private Motor,West,Direct,Active,79030.82,78810.98,False,0,,20233.81,8111.84,68958.43
EVT00001330,2022,2022-05-18,POL00268,Health,Retail Health,North,Broker,Active,92361.25,79816.88,False,0,,5710.74,11709.77,89210.4
EVT00001331,2022,2022-04-28,POL00121,Travel,Travel,Central,Direct,Expired,192032.46,189780.25,True,317761.24,Settled,55596.38,33352.58,183154.61
EVT00001332,2022,2022-11-19,POL00340,SME,SME Package,West,Direct,Active,69875.93,54677.71,False,0,,10573.37,10174.3,64763.17
EVT00001333,2022,2022-07-02,POL00034,Motor,Private Motor,East,Direct,Active,123686.79,106923.69,False,0,,40059.14,17363.95,113323.18
EVT00001334,2022,2022-07-14,POL00092,Health,Retail Health,Central,Bancassurance,Active,109251.5,96667.64,False,0,,11583.75,18726.53,100271.13
EVT00001335,2022,2022-10-22,POL00400,Motor,Private Motor,Central,Agent,Expired,148702.75,128680.15,False,0,,29404.68,17912.28,145513.61
EVT00001336,2022,2022-01-01,POL00224,SME,SME Package,West,Broker,Expired,35451.35,31162.77,True,63459.23,Open,10180.15,4225.03,33758.0
EVT00001337,2022,2022-11-14,POL00205,Health,Retail Health,South,Direct,Active,65097.37,49309.59,False,0,,10292.36,11670.75,59052.49
EVT00001338,2022,2022-05-09,POL00170,Travel,Travel,Central,Agent,Active,34463.0,28256.19,False,0,,9770.73,3258.2,31229.66
EVT00001339,2022,2022-03-10,POL00094,SME,SME Package,West,Bancassurance,Active,49574.74,41556.27,False,0,,6853.67,6592.41,46852.71
EVT00001340,2022,2022-02-22,POL00350,SME,SME Package,Central,Direct,Expired,184025.37,148241.51,False,0,,39354.68,30768.55,172227.35
EVT00001341,2022,2022-06-25,POL00175,Travel,Travel,South,Direct,Active,152272.25,126685.97,False,0,,23048.9,27198.8,140470.45
EVT00001342,2022,2022-02-24,POL00200,Health,Retail Health,Central,Broker,Active,132894.34,128519.93,True,128130.0,Settled,10720.08,21510.08,131689.91
EVT00001343,2022,2022-06-14,POL00287,Travel,Travel,East,Direct,Active,144914.02,127485.75,False,0,,48527.81,17770.67,123516.72
EVT00001344,2022,2022-09-05,POL00388,Travel,Travel,East,Direct,Active,49161.82,44591.34,True,60743.09,Open,16119.94,3181.54,45336.18
EVT00001345,2022,2022-08-21,POL00085,Motor,Private Motor,South,Direct,Active,65056.36,49405.27,False,0,,7355.0,5854.13,58471.8
EVT00001346,2022,2022-09-26,POL00056,Property,Commercial Property,East,Broker,Active,162533.68,136776.57,False,0,,47989.96,18181.22,158776.11
EVT00001347,2022,2022-07-01,POL00050,Health,Retail Health,West,Bancassurance,Expired,17707.94,17529.98,True,27445.12,Open,2391.34,2657.41,15283.2
EVT00001348,2022,2022-07-04,POL00091,Travel,Travel,West,Agent,Active,119028.85,105979.88,False,0,,35765.03,17676.91,101294.62
EVT00001349,2022,2022-06-16,POL00067,Health,Retail Health,Central,Direct,Active,196719.27,193531.14,False,0,,63711.05,29677.4,179489.11
EVT00001350,2022,2022-06-22,POL00396,SME,SME Package,Central,Bancassurance,Expired,103353.29,88940.71,False,0,,10363.95,11787.71,93088.61
EVT00001351,2022,2022-09-15,POL00380,Property,Commercial Property,Central,Direct,Expired,97456.5,81953.85,False,0,,27900.07,15535.05,87048.62
EVT00001352,2022,2022-01-22,POL00066,Property,Commercial Property,Central,Agent,Cancelled,180232.59,154464.16,False,0,,16371.89,28951.07,177055.72
EVT00001353,2022,2022-01-03,POL00080,Property,Commercial Property,East,Broker,Active,194222.44,149199.16,True,225742.91,Open,56284.43,31639.43,167106.34
EVT00001354,2022,2022-09-24,POL00166,Property,Commercial Property,West,Agent,Active,142284.58,121855.46,False,0,,36225.44,12365.7,127010.96
EVT00001355,2022,2022-08-18,POL00269,SME,SME Package,West,Bancassurance,Active,218961.29,191078.18,False,0,,66805.66,39141.56,193411.32
EVT00001356,2022,2022-04-18,POL00327,Travel,Travel,East,Bancassurance,Active,9349.46,7868.26,False,0,,2539.54,671.31,8464.3
EVT00001357,2022,2022-01-04,POL00036,SME,SME Package,South,Broker,Expired,179238.58,139172.54,True,270318.46,Closed,19725.98,12298.93,174968.23
EVT00001358,2022,2022-10-11,POL00321,Property,Commercial Property,Central,Agent,Active,164518.85,159808.76,False,0,,28726.7,18695.91,144874.24
EVT00001359,2022,2022-08-26,POL00238,Property,Commercial Property,North,Broker,Expired,93653.38,86773.76,False,0,,9654.01,6882.26,84523.41
EVT00001360,2022,2022-12-09,POL00165,Property,Commercial Property,East,Direct,Active,88328.84,85297.79,False,0,,13040.01,11519.8,81848.97
EVT00001361,2022,2022-04-21,POL00380,Travel,Travel,West,Broker,Expired,91209.06,80933.77,True,73842.87,Open,22220.91,6641.97,83782.36
EVT00001362,2022,2022-08-07,POL00102,Travel,Travel,South,Broker,Cancelled,204330.47,169891.72,True,213358.24,Closed,55638.85,33633.33,202961.72
EVT00001363,2022,2022-06-13,POL00168,SME,SME Package,North,Direct,Active,124739.69,100928.59,True,147730.85,Closed,35776.03,20113.14,116135.71
EVT00001364,2022,2022-05-07,POL00285,Property,Commercial Property,East,Bancassurance,Active,161654.65,139953.62,False,0,,31996.39,11477.97,146937.98
EVT00001365,2022,2022-11-06,POL00011,SME,SME Package,East,Direct,Expired,130453.09,128922.79,False,0,,34524.05,8498.01,128364.64
EVT00001366,2022,2022-09-12,POL00299,Travel,Travel,North,Broker,Active,101310.04,80087.86,False,0,,25329.15,12913.63,97659.01
EVT00001367,2022,2022-01-15,POL00369,Motor,Private Motor,South,Bancassurance,Expired,181310.05,142250.22,False,0,,60510.65,21297.19,157667.26
EVT00001368,2022,2022-10-11,POL00346,Motor,Private Motor,South,Direct,Active,175604.18,169588.78,False,0,,17908.1,28946.29,156252.03
EVT00001369,2022,2022-11-23,POL00251,SME,SME Package,West,Bancassurance,Active,52644.18,49222.06,False,0,,8510.35,6152.18,46205.71
EVT00001370,2022,2022-10-21,POL00274,Travel,Travel,North,Agent,Active,66963.6,55280.18,False,0,,16313.81,10440.12,65509.01
EVT00001371,2022,2022-03-18,POL00165,Motor,Private Motor,West,Agent,Active,192826.95,190613.98,False,0,,42644.61,32917.46,166609.31
EVT00001372,2022,2022-10-23,POL00330,SME,SME Package,South,Direct,Active,27604.71,22075.76,True,43518.92,Closed,1849.7,4334.56,27238.9
EVT00001373,2022,2022-12-18,POL00213,Travel,Travel,North,Broker,Active,113971.43,102822.1,True,83418.65,Closed,30718.34,7410.74,99566.66
EVT00001374,2022,2022-02-23,POL00359,Travel,Travel,West,Bancassurance,Expired,37602.63,29284.61,False,0,,9477.04,2446.86,34120.15
EVT00001375,2022,2022-05-08,POL00067,Health,Retail Health,North,Agent,Active,14766.48,11576.87,False,0,,4027.91,1754.11,13520.86
EVT00001376,2022,2022-09-24,POL00102,SME,SME Package,South,Agent,Active,48798.25,41237.98,True,4137.58,Closed,9105.9,8002.59,47416.72
EVT00001377,2022,2022-01-05,POL00054,Health,Retail Health,East,Broker,Active,68303.49,64714.77,False,0,,16229.22,4663.73,61512.3
EVT00001378,2022,2022-06-29,POL00296,Property,Commercial Property,South,Broker,Active,87622.31,66091.64,False,0,,9471.64,14027.76,87550.9
EVT00001379,2022,2022-01-09,POL00370,Travel,Travel,North,Agent,Expired,53499.05,49044.59,False,0,,4732.58,7505.54,49459.0
EVT00001380,2022,2022-03-08,POL00398,Motor,Private Motor,South,Bancassurance,Active,66397.93,56834.34,False,0,,9826.34,6485.07,59495.32
EVT00001381,2022,2022-03-24,POL00109,Motor,Private Motor,East,Agent,Expired,173046.47,130894.32,False,0,,56941.9,18156.0,156481.32
EVT00001382,2022,2022-10-30,POL00246,Health,Retail Health,Central,Bancassurance,Active,43266.59,39150.04,False,0,,11529.0,2643.53,39542.63
EVT00001383,2022,2022-12-17,POL00012,Travel,Travel,South,Broker,Active,67656.54,61738.19,False,0,,10332.31,5678.96,66276.91
EVT00001384,2022,2022-11-24,POL00324,Motor,Private Motor,South,Direct,Active,20433.33,15411.12,False,0,,6569.91,3562.69,19098.3
EVT00001385,2022,2022-05-07,POL00232,Property,Commercial Property,West,Direct,Active,86628.26,77751.52,False,0,,13376.24,7541.48,84594.73
EVT00001386,2022,2022-01-14,POL00129,Travel,Travel,North,Broker,Expired,61233.11,52571.46,True,62500.59,Open,17707.25,7154.71,52403.88
EVT00001387,2022,2022-12-10,POL00378,Travel,Travel,Central,Broker,Active,92511.33,87040.31,True,29469.76,Open,19733.76,10841.47,89907.18
EVT00001388,2022,2022-07-29,POL00188,Travel,Travel,North,Broker,Active,192107.71,149276.41,False,0,,13109.57,11714.07,177940.62
EVT00001389,2022,2022-04-13,POL00232,Motor,Private Motor,South,Agent,Active,56588.07,43568.68,True,89029.57,Settled,19296.01,9846.63,52276.34
EVT00001390,2022,2022-08-08,POL00206,Health,Retail Health,North,Broker,Active,127807.82,101662.36,False,0,,26639.84,12294.26,116801.81
EVT00001391,2022,2022-03-22,POL00306,Property,Commercial Property,West,Agent,Active,126986.67,105835.86,False,0,,36965.32,19176.34,119500.1
EVT00001392,2022,2022-05-17,POL00226,Property,Commercial Property,West,Bancassurance,Active,39569.67,33171.59,True,19411.47,Closed,10281.91,4421.93,33824.66
EVT00001393,2022,2022-12-08,POL00207,Travel,Travel,West,Agent,Active,78030.33,70018.84,False,0,,22514.17,4414.57,73214.08
EVT00001394,2022,2022-12-25,POL00240,Motor,Private Motor,East,Agent,Active,146881.88,131663.62,False,0,,48829.85,8641.47,140600.54
EVT00001395,2022,2022-01-20,POL00363,Property,Commercial Property,Central,Agent,Active,149554.45,138626.84,False,0,,15200.14,12445.6,140779.7
EVT00001396,2022,2022-10-30,POL00302,Property,Commercial Property,Central,Bancassurance,Expired,91740.04,82706.15,False,0,,22170.31,12315.5,80712.85
EVT00001397,2022,2022-01-26,POL00225,Motor,Private Motor,West,Bancassurance,Active,166980.23,129495.48,False,0,,56211.49,11571.26,154079.89
EVT00001398,2022,2022-10-30,POL00249,Travel,Travel,Central,Direct,Active,184154.29,173206.09,False,0,,20861.11,25699.64,170767.79
EVT00001399,2022,2022-12-05,POL00305,Property,Commercial Property,Central,Agent,Cancelled,102566.41,77300.73,False,0,,33161.9,7330.27,93809.09
EVT00001400,2022,2022-12-05,POL00072,Motor,Private Motor,South,Bancassurance,Active,105677.26,103143.03,False,0,,8634.61,10926.65,103157.29
EVT00001401,2023,2023-11-11,POL00341,Motor,Private Motor,East,Agent,Expired,199210.51,176587.55,False,0,,14962.0,19526.42,190300.33
EVT00001402,2023,2023-10-28,POL00293,SME,SME Package,Central,Bancassurance,Expired,198258.73,152832.74,False,0,,11246.02,31466.92,183497.86
EVT00001403,2023,2023-07-02,POL00149,SME,SME Package,North,Agent,Cancelled,204752.06,199334.5,False,0,,18729.12,30409.42,187899.68
EVT00001404,2023,2023-08-03,POL00268,SME,SME Package,South,Bancassurance,Cancelled,87245.45,85773.34,False,0,,5977.56,4653.68,81226.76
EVT00001405,2023,2023-12-09,POL00243,Property,Commercial Property,West,Agent,Expired,46123.95,36771.33,False,0,,6451.2,4724.01,44495.38
EVT00001406,2023,2023-07-20,POL00044,Health,Retail Health,Central,Bancassurance,Active,133171.15,126228.38,False,0,,23576.93,22305.57,116200.56
EVT00001407,2023,2023-10-10,POL00297,Travel,Travel,North,Direct,Active,83183.94,77223.44,True,118986.65,Repudiated,6966.48,8778.36,76874.71
EVT00001408,2023,2023-08-24,POL00329,Health,Retail Health,South,Bancassurance,Active,197477.72,182219.13,False,0,,29620.09,19562.2,171025.84
EVT00001409,2023,2023-05-08,POL00298,Travel,Travel,South,Direct,Active,195570.7,191963.75,False,0,,26384.83,25282.84,177492.07
EVT00001410,2023,2023-07-02,POL00369,Property,Commercial Property,Central,Bancassurance,Active,104048.67,86162.54,True,5140.55,Settled,8392.87,7127.77,103755.66
EVT00001411,2023,2023-09-30,POL00297,Health,Retail Health,West,Direct,Active,34512.23,30220.05,False,0,,9898.22,2721.65,32103.05
EVT00001412,2023,2023-10-22,POL00357,SME,SME Package,South,Agent,Expired,37141.39,30256.6,False,0,,12894.69,5492.33,34050.34
EVT00001413,2023,2023-03-25,POL00035,Travel,Travel,North,Agent,Active,23656.85,23649.23,True,38468.13,Closed,3721.79,3506.27,22236.34
EVT00001414,2023,2023-10-12,POL00105,Travel,Travel,North,Broker,Active,160579.46,156341.87,False,0,,55288.12,8943.12,142622.96
EVT00001415,2023,2023-05-15,POL00262,Motor,Private Motor,West,Direct,Expired,156470.33,152950.13,False,0,,52706.17,23089.07,144631.6
EVT00001416,2023,2023-02-02,POL00064,SME,SME Package,North,Bancassurance,Active,14691.95,11728.76,False,0,,859.13,1817.96,13374.22
EVT00001417,2023,2023-01-02,POL00241,Travel,Travel,North,Broker,Expired,134044.01,119742.67,False,0,,8384.36,16130.24,132185.22
EVT00001418,2023,2023-11-15,POL00206,Travel,Travel,Central,Broker,Active,24879.32,20344.26,False,0,,8672.51,3790.26,24281.23
EVT00001419,2023,2023-11-13,POL00095,Travel,Travel,West,Direct,Active,138691.25,122686.41,False,0,,17293.79,24518.29,126122.24
EVT00001420,2023,2023-01-26,POL00282,Travel,Travel,East,Bancassurance,Active,154002.1,148871.22,False,0,,34882.35,27297.87,149464.72
EVT00001421,2023,2023-07-15,POL00057,Motor,Private Motor,Central,Broker,Expired,152058.89,116271.38,False,0,,29397.09,14745.32,145147.61
EVT00001422,2023,2023-12-30,POL00356,Motor,Private Motor,East,Agent,Active,24664.54,22708.43,True,37463.31,Repudiated,2765.94,2241.28,22484.65
EVT00001423,2023,2023-05-09,POL00332,Health,Retail Health,North,Direct,Active,135092.7,114118.98,True,8949.7,Settled,39460.32,12000.65,134510.61
EVT00001424,2023,2023-07-30,POL00092,Motor,Private Motor,East,Bancassurance,Cancelled,152670.58,124959.79,False,0,,47094.18,19807.6,139647.93
EVT00001425,2023,2023-10-03,POL00026,Property,Commercial Property,West,Direct,Active,181880.57,178761.0,False,0,,56301.77,20680.51,166687.07
EVT00001426,2023,2023-07-09,POL00015,SME,SME Package,West,Direct,Expired,212528.66,169613.15,False,0,,49430.6,22372.83,188380.62
EVT00001427,2023,2023-11-08,POL00133,Travel,Travel,West,Broker,Expired,47076.98,40235.92,False,0,,3119.21,4780.37,42374.0
EVT00001428,2023,2023-09-02,POL00178,Health,Retail Health,North,Agent,Active,151156.72,119423.79,True,50064.59,Settled,15767.64,22532.14,138729.97
EVT00001429,2023,2023-09-15,POL00356,Travel,Travel,East,Bancassurance,Active,74993.11,57507.2,True,13435.61,Settled,19703.86,4723.73,67934.49
EVT00001430,2023,2023-09-04,POL00129,SME,SME Package,Central,Bancassurance,Cancelled,9297.29,9075.17,False,0,,767.07,1176.53,9272.16
EVT00001431,2023,2023-05-20,POL00365,Travel,Travel,Central,Broker,Active,24776.01,22161.15,False,0,,3902.46,4236.56,24394.21
EVT00001432,2023,2023-09-03,POL00229,Health,Retail Health,West,Direct,Expired,143381.94,122770.36,True,31291.17,Closed,9469.14,17025.03,126795.68
EVT00001433,2023,2023-03-28,POL00176,Health,Retail Health,West,Direct,Active,162653.2,157220.52,False,0,,30637.57,15540.87,158237.19
EVT00001434,2023,2023-05-18,POL00189,Property,Commercial Property,Central,Broker,Active,34162.05,30382.81,False,0,,6867.9,5610.25,30892.89
EVT00001435,2023,2023-02-27,POL00025,Motor,Private Motor,West,Direct,Active,85894.57,78426.19,False,0,,8047.69,6492.36,84349.17
EVT00001436,2023,2023-02-13,POL00072,Health,Retail Health,South,Bancassurance,Active,121900.58,114749.59,False,0,,24060.25,20992.63,117026.5
EVT00001437,2023,2023-10-12,POL00231,Travel,Travel,West,Broker,Active,70215.6,63922.8,False,0,,13817.42,3791.06,68821.22
EVT00001438,2023,2023-05-07,POL00276,Travel,Travel,South,Agent,Expired,82969.6,62488.88,False,0,,24090.96,4874.07,80281.86
EVT00001439,2023,2023-04-28,POL00022,Property,Commercial Property,East,Broker,Active,137082.73,129982.74,True,178300.95,Closed,17824.81,22782.22,123326.97
EVT00001440,2023,2023-06-26,POL00157,Motor,Private Motor,North,Agent,Active,159612.94,135524.91,False,0,,21704.44,26759.17,155843.52
EVT00001441,2023,2023-07-05,POL00089,Property,Commercial Property,East,Direct,Expired,210568.44,171700.28,False,0,,62697.92,16284.22,195883.82
EVT00001442,2023,2023-06-14,POL00353,Motor,Private Motor,West,Broker,Active,174266.98,135368.55,False,0,,42743.03,29337.02,167105.31
EVT00001443,2023,2023-10-28,POL00124,SME,SME Package,North,Broker,Active,211593.14,185804.82,True,206620.29,Repudiated,61609.9,26200.9,193361.8
EVT00001444,2023,2023-12-15,POL00271,SME,SME Package,South,Agent,Active,216880.17,188753.03,False,0,,65335.83,13794.67,211666.77
EVT00001445,2023,2023-05-18,POL00071,Property,Commercial Property,West,Broker,Active,26982.84,25154.07,False,0,,7401.65,2686.79,23957.93
EVT00001446,2023,2023-12-04,POL00068,Health,Retail Health,Central,Broker,Active,42499.62,34376.52,False,0,,3440.81,7516.15,42406.1
EVT00001447,2023,2023-03-16,POL00282,Travel,Travel,North,Bancassurance,Expired,41308.67,40085.56,True,15301.88,Open,10885.13,5056.84,36426.55
EVT00001448,2023,2023-09-18,POL00063,Motor,Private Motor,North,Agent,Active,45254.58,33964.84,True,43956.89,Repudiated,8154.48,2937.02,44643.92
EVT00001449,2023,2023-02-01,POL00324,SME,SME Package,Central,Bancassurance,Expired,33800.97,29979.27,False,0,,3610.12,3376.14,29202.05
EVT00001450,2023,2023-10-09,POL00371,Health,Retail Health,Central,Direct,Expired,145773.64,132696.04,True,135377.03,Open,41669.49,12525.93,141029.55
EVT00001451,2023,2023-01-09,POL00329,Health,Retail Health,South,Direct,Active,191667.17,171959.07,False,0,,55014.54,10452.19,168625.59
EVT00001452,2023,2023-01-11,POL00235,Travel,Travel,South,Agent,Active,180903.04,178345.9,False,0,,40974.16,19334.83,155790.07
EVT00001453,2023,2023-02-16,POL00353,Motor,Private Motor,West,Bancassurance,Cancelled,149709.7,128079.71,True,6475.38,Repudiated,48631.99,13306.47,129196.67
EVT00001454,2023,2023-08-29,POL00361,Health,Retail Health,East,Agent,Expired,122830.61,95211.27,False,0,,40131.03,15586.29,118637.65
EVT00001455,2023,2023-10-18,POL00022,SME,SME Package,Central,Agent,Active,127079.94,101493.9,False,0,,14066.56,15505.65,115221.87
EVT00001456,2023,2023-09-06,POL00290,SME,SME Package,West,Broker,Active,105332.03,79405.25,True,83880.57,Open,20196.73,18891.39,99966.6
EVT00001457,2023,2023-12-21,POL00315,Motor,Private Motor,East,Agent,Active,133368.72,106048.47,False,0,,9770.63,14548.02,120906.5
EVT00001458,2023,2023-10-23,POL00305,Health,Retail Health,South,Agent,Expired,36132.62,35059.3,False,0,,5692.77,5795.86,34133.0
EVT00001459,2023,2023-02-07,POL00287,Health,Retail Health,West,Agent,Active,24675.77,23779.92,False,0,,8491.42,3067.52,24433.42
EVT00001460,2023,2023-07-17,POL00237,Property,Commercial Property,East,Direct,Cancelled,32969.05,28737.95,False,0,,2540.72,4854.16,30438.4
EVT00001461,2023,2023-03-14,POL00309,Health,Retail Health,North,Agent,Active,177013.75,161302.94,True,32006.56,Repudiated,58766.73,18877.9,155162.1
EVT00001462,2023,2023-03-09,POL00309,Travel,Travel,East,Agent,Active,179966.51,174641.37,False,0,,23269.7,26110.17,160163.02
EVT00001463,2023,2023-03-06,POL00054,SME,SME Package,East,Direct,Active,184689.06,140611.7,False,0,,37259.04,9303.75,172997.63
EVT00001464,2023,2023-04-19,POL00188,Travel,Travel,North,Agent,Expired,18553.58,16847.2,True,24402.95,Settled,3209.82,3220.59,17048.95
EVT00001465,2023,2023-09-06,POL00070,Property,Commercial Property,West,Broker,Active,202942.99,183208.13,False,0,,64057.67,17534.24,174279.65
EVT00001466,2023,2023-07-11,POL00267,SME,SME Package,South,Broker,Active,160020.27,129631.24,True,122625.62,Repudiated,53203.42,19281.14,158369.63
EVT00001467,2023,2023-01-01,POL00004,Travel,Travel,North,Agent,Expired,207909.88,189274.94,False,0,,14075.61,13535.33,188318.58
EVT00001468,2023,2023-08-14,POL00313,Health,Retail Health,West,Agent,Cancelled,147270.7,122049.98,False,0,,40390.38,8198.64,133192.96
EVT00001469,2023,2023-12-25,POL00028,SME,SME Package,South,Broker,Active,106023.6,100978.52,False,0,,26945.43,5364.63,97815.26
EVT00001470,2023,2023-10-31,POL00335,Motor,Private Motor,Central,Direct,Active,77372.51,63697.61,False,0,,7137.98,9576.65,71201.96
EVT00001471,2023,2023-11-16,POL00285,SME,SME Package,South,Bancassurance,Active,134177.72,109993.14,False,0,,11360.84,21297.12,115824.03
EVT00001472,2023,2023-10-15,POL00370,SME,SME Package,South,Bancassurance,Active,73901.18,65373.35,True,103183.65,Open,4482.59,6887.42,64520.12
EVT00001473,2023,2023-05-04,POL00340,SME,SME Package,West,Broker,Active,22568.8,21961.71,True,36171.01,Settled,4092.97,2665.88,22166.99
EVT00001474,2023,2023-05-09,POL00173,Health,Retail Health,West,Agent,Active,65877.8,58395.24,True,52614.69,Closed,14920.39,5169.68,63088.68
EVT00001475,2023,2023-06-21,POL00154,SME,SME Package,Central,Broker,Active,213146.68,176800.88,True,353643.85,Settled,36611.71,14478.41,182691.2
EVT00001476,2023,2023-10-17,POL00028,Travel,Travel,West,Direct,Expired,91416.39,78823.45,False,0,,6766.5,15990.53,79890.46
EVT00001477,2023,2023-04-30,POL00094,Motor,Private Motor,Central,Agent,Active,78660.98,74052.62,True,71378.04,Settled,21174.43,10744.36,73942.36
EVT00001478,2023,2023-08-16,POL00052,Motor,Private Motor,North,Bancassurance,Expired,207577.6,160600.44,False,0,,11568.09,19244.4,185624.15
EVT00001479,2023,2023-12-24,POL00350,Travel,Travel,North,Broker,Active,13044.12,12121.53,False,0,,1567.15,2038.59,12911.4
EVT00001480,2023,2023-01-06,POL00043,Health,Retail Health,North,Agent,Active,46635.07,45482.22,False,0,,14924.59,4498.18,46369.1
EVT00001481,2023,2023-12-18,POL00081,Travel,Travel,North,Agent,Active,79499.25,76772.9,False,0,,25594.92,7561.43,77089.8
EVT00001482,2023,2023-12-27,POL00352,SME,SME Package,East,Bancassurance,Active,138938.66,105315.18,False,0,,46788.77,15839.1,134040.76
EVT00001483,2023,2023-02-03,POL00098,Health,Retail Health,West,Agent,Expired,158158.96,141943.21,False,0,,9238.87,12649.23,152251.63
EVT00001484,2023,2023-01-02,POL00025,Motor,Private Motor,West,Direct,Cancelled,139872.63,138817.81,False,0,,7505.77,19540.74,131039.22
EVT00001485,2023,2023-11-17,POL00143,Property,Commercial Property,South,Agent,Expired,98822.55,86629.88,False,0,,27482.07,5768.59,92044.72
EVT00001486,2023,2023-12-18,POL00315,Motor,Private Motor,South,Direct,Expired,138719.09,110082.7,False,0,,21339.5,20461.84,136831.87
EVT00001487,2023,2023-07-23,POL00291,Property,Commercial Property,South,Agent,Active,22980.28,17576.04,False,0,,5074.47,2874.58,21753.57
EVT00001488,2023,2023-03-06,POL00293,Travel,Travel,Central,Agent,Active,90013.77,77394.57,True,126768.02,Closed,31399.93,10362.75,85887.38
EVT00001489,2023,2023-03-22,POL00367,Health,Retail Health,South,Direct,Active,156164.53,155639.44,False,0,,8769.16,15779.17,143479.51
EVT00001490,2023,2023-07-20,POL00172,Property,Commercial Property,North,Broker,Active,81763.04,61548.24,False,0,,28258.16,7416.19,71093.06
EVT00001491,2023,2023-02-18,POL00095,Property,Commercial Property,North,Bancassurance,Active,46959.29,35937.34,True,80207.84,Closed,5430.87,3699.07,42247.14
EVT00001492,2023,2023-03-01,POL00036,Motor,Private Motor,North,Agent,Active,197177.57,189237.74,True,88968.79,Repudiated,40052.88,16087.1,172080.81
EVT00001493,2023,2023-08-22,POL00046,Travel,Travel,West,Bancassurance,Active,36849.19,36181.47,False,0,,9341.32,6430.16,36426.51
EVT00001494,2023,2023-05-04,POL00172,SME,SME Package,Central,Bancassurance,Active,127905.86,101879.19,True,170456.79,Repudiated,18355.19,12967.27,113150.87
EVT00001495,2023,2023-02-28,POL00215,Health,Retail Health,North,Broker,Active,82989.3,66112.15,True,146936.67,Open,21450.32,5509.72,81835.72
EVT00001496,2023,2023-12-05,POL00047,Property,Commercial Property,South,Broker,Expired,124754.92,99209.25,False,0,,42071.17,7842.93,120923.6
EVT00001497,2023,2023-09-15,POL00088,Motor,Private Motor,East,Agent,Active,200890.49,186968.25,False,0,,44128.21,21371.84,194044.22
EVT00001498,2023,2023-03-27,POL00224,Health,Retail Health,Central,Direct,Active,124727.44,116318.63,False,0,,27526.41,13755.88,124218.78
EVT00001499,2023,2023-04-21,POL00361,Motor,Private Motor,West,Agent,Expired,167087.44,157610.52,False,0,,32352.32,24983.99,159552.57
EVT00001500,2023,2023-01-28,POL00035,SME,SME Package,West,Broker,Active,131359.51,128049.73,False,0,,17448.92,22986.32,117783.34
EVT00001501,2023,2023-04-28,POL00337,Motor,Private Motor,Central,Broker,Active,167846.46,132704.18,True,167876.9,Settled,35414.99,22035.78,163784.98
EVT00001502,2023,2023-02-26,POL00070,Health,Retail Health,North,Direct,Active,67093.86,66882.56,False,0,,18071.24,11418.85,65687.45
EVT00001503,2023,2023-05-22,POL00034,Travel,Travel,East,Broker,Expired,150702.77,140745.81,False,0,,13303.17,19956.92,150220.72
EVT00001504,2023,2023-04-10,POL00366,Health,Retail Health,South,Broker,Active,101048.22,84859.67,False,0,,26134.69,6408.54,91543.58
EVT00001505,2023,2023-11-01,POL00022,Health,Retail Health,Central,Agent,Active,195903.21,166868.3,False,0,,9964.76,34864.3,168205.66
EVT00001506,2023,2023-03-24,POL00119,Travel,Travel,West,Bancassurance,Active,199455.79,154376.48,False,0,,17872.39,11814.74,170223.08
EVT00001507,2023,2023-03-03,POL00307,Motor,Private Motor,West,Agent,Active,88161.46,79524.25,False,0,,8616.58,12993.2,81957.79
EVT00001508,2023,2023-09-07,POL00015,Property,Commercial Property,South,Direct,Active,90065.07,71200.99,False,0,,26158.28,6880.35,78156.42
EVT00001509,2023,2023-01-21,POL00008,SME,SME Package,North,Direct,Active,195577.2,194053.6,False,0,,66674.95,19777.41,194229.09
EVT00001510,2023,2023-05-11,POL00197,Health,Retail Health,West,Broker,Active,116574.74,98905.4,False,0,,16432.26,10177.23,112431.68
EVT00001511,2023,2023-06-04,POL00154,Motor,Private Motor,West,Bancassurance,Active,49625.6,41017.66,False,0,,13159.91,6142.75,44740.88
EVT00001512,2023,2023-07-30,POL00332,SME,SME Package,West,Broker,Active,35448.86,28083.86,True,56636.51,Open,2713.18,6236.36,31491.31
EVT00001513,2023,2023-09-10,POL00341,Health,Retail Health,East,Direct,Active,40076.78,36862.4,False,0,,9653.28,6979.16,37274.22
EVT00001514,2023,2023-05-15,POL00305,SME,SME Package,North,Bancassurance,Active,58901.64,48757.82,False,0,,4440.63,7545.42,56098.2
EVT00001515,2023,2023-07-07,POL00113,Health,Retail Health,Central,Direct,Expired,196120.65,182400.32,False,0,,26382.16,21557.84,194884.97
EVT00001516,2023,2023-07-07,POL00342,Motor,Private Motor,East,Broker,Active,63277.31,50658.34,False,0,,18519.69,5145.4,54532.57
EVT00001517,2023,2023-12-12,POL00343,SME,SME Package,West,Bancassurance,Active,215789.22,176249.96,False,0,,61178.1,21741.32,205749.48
EVT00001518,2023,2023-06-21,POL00138,Travel,Travel,East,Bancassurance,Active,158966.55,147860.83,False,0,,42368.35,27430.69,156968.02
EVT00001519,2023,2023-02-02,POL00103,Property,Commercial Property,South,Bancassurance,Active,108103.89,104245.83,False,0,,35604.88,13762.07,100041.34
EVT00001520,2023,2023-11-13,POL00221,Health,Retail Health,East,Broker,Active,80770.6,68048.0,False,0,,26046.71,10051.84,79865.48
EVT00001521,2023,2023-08-17,POL00157,SME,SME Package,North,Direct,Active,92609.4,72758.47,False,0,,14943.89,9220.87,82914.41
EVT00001522,2023,2023-07-17,POL00094,Motor,Private Motor,South,Agent,Active,215937.53,169333.29,False,0,,57271.24,38512.22,192152.93
EVT00001523,2023,2023-06-12,POL00063,Property,Commercial Property,North,Direct,Active,131706.5,106939.5,False,0,,43764.44,20566.65,117897.02
EVT00001524,2023,2023-09-11,POL00159,Health,Retail Health,North,Bancassurance,Active,54642.27,51504.71,True,94642.02,Open,3223.69,7318.25,52436.39
EVT00001525,2023,2023-04-18,POL00272,Property,Commercial Property,South,Broker,Expired,24832.97,23156.06,False,0,,8066.87,3039.74,22293.81
EVT00001526,2023,2023-03-25,POL00186,Property,Commercial Property,South,Bancassurance,Expired,115163.02,99634.86,True,141975.98,Repudiated,7437.55,13202.13,108992.86
EVT00001527,2023,2023-07-28,POL00332,Motor,Private Motor,Central,Bancassurance,Expired,193566.16,184872.9,True,156611.18,Repudiated,17346.83,20498.02,184332.14
EVT00001528,2023,2023-02-02,POL00097,Health,Retail Health,West,Agent,Active,201137.67,183322.18,True,277022.46,Settled,59252.61,31332.68,199099.01
EVT00001529,2023,2023-08-26,POL00013,Property,Commercial Property,East,Agent,Active,203204.27,176983.04,False,0,,54630.75,11896.11,178402.43
EVT00001530,2023,2023-09-28,POL00340,Health,Retail Health,North,Bancassurance,Active,71838.27,71257.45,False,0,,6251.75,12169.51,69285.11
EVT00001531,2023,2023-04-01,POL00322,Motor,Private Motor,West,Broker,Expired,50073.41,40035.14,False,0,,7777.37,3507.28,48387.68
EVT00001532,2023,2023-12-04,POL00370,Motor,Private Motor,Central,Broker,Active,141807.53,123537.04,True,35243.18,Settled,48201.52,13584.08,139536.86
EVT00001533,2023,2023-11-08,POL00350,Health,Retail Health,South,Broker,Active,143666.57,135436.55,False,0,,37323.59,10733.84,133370.26
EVT00001534,2023,2023-08-05,POL00090,Motor,Private Motor,East,Direct,Expired,154532.26,147899.18,False,0,,18021.22,14838.97,134347.32
EVT00001535,2023,2023-03-03,POL00219,Motor,Private Motor,Central,Direct,Cancelled,107543.0,83121.01,True,189027.02,Open,21878.03,10816.86,99442.34
EVT00001536,2023,2023-04-04,POL00392,SME,SME Package,South,Broker,Active,28918.1,25241.11,True,7894.3,Closed,9192.62,3544.66,27010.46
EVT00001537,2023,2023-04-18,POL00362,Motor,Private Motor,West,Bancassurance,Expired,169553.5,149806.13,True,124645.25,Closed,24974.14,25091.84,147452.81
EVT00001538,2023,2023-12-10,POL00111,Health,Retail Health,South,Broker,Expired,115771.95,105200.25,False,0,,15931.5,20795.88,104416.56
EVT00001539,2023,2023-04-19,POL00380,SME,SME Package,South,Broker,Active,211171.11,179760.85,False,0,,62573.35,27522.19,210951.22
EVT00001540,2023,2023-01-29,POL00191,Motor,Private Motor,West,Broker,Expired,142711.52,132795.2,False,0,,17609.55,22999.51,123761.01
EVT00001541,2023,2023-12-01,POL00140,Travel,Travel,West,Direct,Active,58098.73,50626.75,False,0,,17838.14,10078.45,56113.24
EVT00001542,2023,2023-08-31,POL00288,Property,Commercial Property,South,Agent,Expired,23208.26,21901.45,True,28634.01,Settled,5783.29,1852.04,22610.09
EVT00001543,2023,2023-11-17,POL00337,Property,Commercial Property,West,Agent,Active,66691.96,57957.71,False,0,,8365.05,3965.09,58431.63
EVT00001544,2023,2023-01-09,POL00338,Motor,Private Motor,East,Agent,Active,160720.54,123434.21,False,0,,52313.51,15186.28,146937.11
EVT00001545,2023,2023-01-01,POL00292,Motor,Private Motor,Central,Bancassurance,Active,52842.23,43872.8,False,0,,8313.45,3912.02,48698.03
EVT00001546,2023,2023-02-15,POL00071,Motor,Private Motor,East,Broker,Active,41558.69,31323.92,False,0,,10207.18,2597.09,39869.11
EVT00001547,2023,2023-07-27,POL00077,Property,Commercial Property,North,Broker,Active,167402.33,143547.35,False,0,,28635.86,19947.23,158545.06
EVT00001548,2023,2023-03-09,POL00019,SME,SME Package,Central,Bancassurance,Active,42974.42,37501.09,False,0,,3178.86,5511.58,41494.97
EVT00001549,2023,2023-11-23,POL00225,Travel,Travel,North,Bancassurance,Cancelled,155436.01,154030.66,False,0,,29928.63,18778.31,140337.35
EVT00001550,2023,2023-10-24,POL00107,SME,SME Package,East,Broker,Active,27439.45,25861.43,False,0,,2922.65,4774.35,26089.9
EVT00001551,2023,2023-10-16,POL00327,Property,Commercial Property,South,Broker,Active,17684.31,13798.41,True,27281.09,Settled,3464.13,1753.53,17666.24
EVT00001552,2023,2023-08-11,POL00328,Travel,Travel,East,Bancassurance,Active,18587.63,14592.59,False,0,,3518.27,1669.21,17318.34
EVT00001553,2023,2023-05-12,POL00255,Travel,Travel,East,Bancassurance,Active,203751.74,197884.38,True,299901.03,Repudiated,64621.48,21488.06,203464.69
EVT00001554,2023,2023-08-26,POL00170,Motor,Private Motor,North,Bancassurance,Active,74723.76,60163.66,True,80437.16,Repudiated,25594.04,9225.1,70424.81
EVT00001555,2023,2023-03-24,POL00226,Motor,Private Motor,North,Direct,Active,155540.43,125316.6,True,195418.94,Repudiated,41327.83,11401.43,140369.75
EVT00001556,2023,2023-10-19,POL00271,Health,Retail Health,West,Bancassurance,Active,98432.09,79601.31,True,57694.18,Settled,31975.62,12865.02,91929.53
EVT00001557,2023,2023-04-24,POL00391,Property,Commercial Property,Central,Bancassurance,Active,67718.91,61919.79,True,118609.55,Settled,21155.23,11679.65,60528.79
EVT00001558,2023,2023-05-13,POL00158,Property,Commercial Property,North,Direct,Active,91850.65,90197.41,False,0,,25341.08,7487.62,87795.73
EVT00001559,2023,2023-08-04,POL00142,SME,SME Package,West,Direct,Active,194754.52,188769.39,True,185754.6,Closed,18274.06,10946.52,175128.76
EVT00001560,2023,2023-05-08,POL00066,SME,SME Package,West,Broker,Cancelled,149829.67,132343.75,False,0,,30972.11,24206.09,133414.53
EVT00001561,2023,2023-09-23,POL00081,Motor,Private Motor,North,Bancassurance,Active,154549.65,120361.09,False,0,,9737.48,14293.84,152213.74
EVT00001562,2023,2023-05-23,POL00179,Health,Retail Health,East,Bancassurance,Active,108194.94,96986.08,False,0,,9488.51,8847.79,92662.11
EVT00001563,2023,2023-07-02,POL00291,Travel,Travel,East,Bancassurance,Expired,39456.92,35619.13,False,0,,11714.29,2698.32,37902.1
EVT00001564,2023,2023-10-26,POL00055,Health,Retail Health,North,Broker,Expired,105831.84,102087.29,False,0,,22079.64,13476.39,92978.27
EVT00001565,2023,2023-07-23,POL00173,Travel,Travel,North,Bancassurance,Cancelled,24722.84,22087.78,True,5854.63,Settled,5334.33,1844.07,23594.6
EVT00001566,2023,2023-03-22,POL00199,Health,Retail Health,North,Agent,Active,122912.43,103584.04,False,0,,17083.23,9078.77,119756.29
EVT00001567,2023,2023-08-19,POL00344,Health,Retail Health,North,Broker,Active,104994.09,83551.98,False,0,,25913.27,5505.17,92898.62
EVT00001568,2023,2023-12-29,POL00366,SME,SME Package,West,Bancassurance,Expired,122537.72,92761.68,False,0,,39271.13,21252.98,109924.78
EVT00001569,2023,2023-05-27,POL00073,SME,SME Package,East,Bancassurance,Expired,211363.82,166607.04,False,0,,16254.13,28776.41,195108.74
EVT00001570,2023,2023-11-09,POL00033,Travel,Travel,East,Broker,Cancelled,72044.79,69189.52,True,31931.43,Settled,24075.55,5132.33,70046.27
EVT00001571,2023,2023-03-20,POL00144,Travel,Travel,West,Direct,Active,167340.57,156038.08,False,0,,46459.23,12695.48,145589.89
EVT00001572,2023,2023-08-28,POL00320,Health,Retail Health,North,Broker,Active,78000.08,69685.6,True,31086.13,Open,9275.5,6125.33,69267.65
EVT00001573,2023,2023-06-27,POL00226,Motor,Private Motor,North,Bancassurance,Expired,85422.42,81488.4,False,0,,15210.35,12887.49,80421.01
EVT00001574,2023,2023-09-07,POL00385,Property,Commercial Property,South,Agent,Active,144052.05,115623.72,True,234564.3,Closed,38953.81,17617.09,128025.87
EVT00001575,2023,2023-01-09,POL00088,Health,Retail Health,North,Broker,Active,202594.76,192080.28,True,198368.57,Repudiated,14268.83,35735.02,189877.72
EVT00001576,2023,2023-05-13,POL00047,Travel,Travel,South,Broker,Active,36069.38,27522.01,False,0,,6557.56,5923.59,32896.65
EVT00001577,2023,2023-11-04,POL00339,SME,SME Package,West,Agent,Expired,108972.86,99058.03,False,0,,32414.2,11312.43,102798.98
EVT00001578,2023,2023-06-23,POL00094,Property,Commercial Property,North,Bancassurance,Active,122824.29,108601.94,False,0,,11818.87,16961.17,115987.69
EVT00001579,2023,2023-12-31,POL00259,Motor,Private Motor,South,Broker,Active,16501.89,16319.48,False,0,,2524.34,1670.76,15347.85
EVT00001580,2023,2023-02-14,POL00131,SME,SME Package,South,Broker,Active,140966.62,121631.97,False,0,,10275.44,10462.53,122570.28
EVT00001581,2023,2023-01-26,POL00025,Motor,Private Motor,Central,Bancassurance,Cancelled,16896.29,15615.93,False,0,,3646.89,2618.16,16244.3
EVT00001582,2023,2023-10-28,POL00343,Motor,Private Motor,West,Agent,Expired,110763.03,102278.19,False,0,,36525.19,14152.67,100005.53
EVT00001583,2023,2023-09-10,POL00318,SME,SME Package,East,Direct,Active,75487.96,73331.83,False,0,,14961.53,5468.82,65773.85
EVT00001584,2023,2023-12-14,POL00199,Property,Commercial Property,South,Broker,Active,46539.04,35154.01,False,0,,4416.37,3010.53,40787.84
EVT00001585,2023,2023-05-29,POL00165,Property,Commercial Property,Central,Bancassurance,Expired,48779.82,38966.52,False,0,,12570.89,7616.43,42943.49
EVT00001586,2023,2023-03-27,POL00151,Property,Commercial Property,West,Agent,Active,186210.98,162892.51,False,0,,60841.57,9594.83,171257.07
EVT00001587,2023,2023-05-12,POL00006,Property,Commercial Property,Central,Bancassurance,Expired,153083.2,117543.84,False,0,,22038.86,23336.46,140412.39
EVT00001588,2023,2023-09-12,POL00320,Health,Retail Health,West,Bancassurance,Active,52351.05,51665.63,False,0,,7588.79,4204.43,45951.03
EVT00001589,2023,2023-07-08,POL00243,Property,Commercial Property,South,Broker,Expired,128254.61,96753.25,True,93999.19,Open,11867.14,16493.06,109550.8
EVT00001590,2023,2023-06-11,POL00294,Health,Retail Health,South,Direct,Active,76387.03,73802.96,False,0,,13226.71,4236.84,71705.41
EVT00001591,2023,2023-07-13,POL00388,SME,SME Package,West,Broker,Active,106213.74,98784.13,True,79893.33,Settled,26471.02,18482.7,90962.7
EVT00001592,2023,2023-04-25,POL00039,Property,Commercial Property,East,Agent,Active,124859.67,96675.6,True,26720.13,Open,7876.5,15558.33,122081.56
EVT00001593,2023,2023-07-10,POL00361,Health,Retail Health,North,Agent,Active,40190.08,39685.26,True,8288.69,Settled,8175.01,6772.85,34840.7
EVT00001594,2023,2023-07-19,POL00276,Health,Retail Health,West,Bancassurance,Active,218184.0,179890.21,True,300589.36,Open,45655.33,18344.63,203038.77
EVT00001595,2023,2023-05-06,POL00159,Property,Commercial Property,South,Agent,Active,90312.63,80604.41,False,0,,29778.91,9707.86,83869.96
EVT00001596,2023,2023-03-08,POL00161,SME,SME Package,East,Bancassurance,Active,67735.02,65537.29,False,0,,19136.58,4432.43,61997.98
EVT00001597,2023,2023-03-25,POL00112,Property,Commercial Property,South,Agent,Active,159550.11,137058.28,True,24343.74,Closed,8796.37,22292.82,136705.86
EVT00001598,2023,2023-02-27,POL00314,Property,Commercial Property,Central,Broker,Expired,31906.79,29774.93,False,0,,10373.25,3952.8,31245.71
EVT00001599,2023,2023-11-30,POL00047,Travel,Travel,Central,Bancassurance,Active,169194.5,151772.86,False,0,,39572.88,21115.09,157186.24
EVT00001600,2023,2023-12-28,POL00083,SME,SME Package,South,Agent,Expired,12219.31,9834.53,False,0,,2113.29,1782.49,11752.15
EVT00001601,2023,2023-04-02,POL00002,Motor,Private Motor,North,Direct,Expired,166575.1,147387.37,True,120555.54,Open,8521.09,22010.41,149750.29
EVT00001602,2023,2023-12-04,POL00139,Health,Retail Health,Central,Broker,Active,8405.13,7050.39,False,0,,2752.44,1340.78,7920.92
EVT00001603,2023,2023-10-12,POL00399,SME,SME Package,Central,Agent,Active,92398.81,85411.3,True,77699.73,Repudiated,30497.96,14923.64,80996.48
EVT00001604,2023,2023-11-22,POL00106,SME,SME Package,Central,Bancassurance,Active,195145.96,156304.43,False,0,,33614.42,28707.51,180675.64
EVT00001605,2023,2023-03-21,POL00059,SME,SME Package,West,Broker,Active,30208.03,25934.0,False,0,,8551.63,1513.62,26013.88
EVT00001606,2023,2023-04-06,POL00340,SME,SME Package,South,Broker,Expired,159982.01,126080.0,False,0,,48753.65,23204.06,141355.44
EVT00001607,2023,2023-02-18,POL00237,SME,SME Package,North,Bancassurance,Active,206833.86,193197.47,False,0,,35537.82,34424.37,191104.4
EVT00001608,2023,2023-05-07,POL00334,Motor,Private Motor,West,Direct,Expired,43414.21,39450.54,False,0,,8977.8,7003.54,42197.87
EVT00001609,2023,2023-08-03,POL00395,Motor,Private Motor,Central,Broker,Active,102254.07,87165.24,False,0,,20548.0,6583.83,101792.96
EVT00001610,2023,2023-07-24,POL00297,SME,SME Package,South,Direct,Active,113465.46,105932.04,True,147124.62,Closed,29551.92,11232.3,108290.26
EVT00001611,2023,2023-08-11,POL00274,Travel,Travel,South,Direct,Active,27970.57,23241.26,True,32200.93,Closed,4280.3,2211.27,24919.66
EVT00001612,2023,2023-08-05,POL00322,Motor,Private Motor,West,Direct,Expired,130818.29,117992.53,False,0,,31163.6,8968.05,123309.5
EVT00001613,2023,2023-06-30,POL00303,Property,Commercial Property,North,Bancassurance,Active,92027.74,69517.61,True,130167.34,Repudiated,13076.96,12733.24,81742.4
EVT00001614,2023,2023-08-25,POL00352,SME,SME Package,Central,Direct,Active,23956.81,21016.46,False,0,,6961.72,3835.66,20767.72
EVT00001615,2023,2023-01-15,POL00125,Property,Commercial Property,West,Direct,Active,163412.14,144474.1,False,0,,57059.02,14394.28,153222.08
EVT00001616,2023,2023-01-17,POL00136,Property,Commercial Property,East,Agent,Expired,43333.04,39433.17,False,0,,13552.47,4006.86,37943.94
EVT00001617,2023,2023-05-10,POL00084,Travel,Travel,South,Bancassurance,Active,92845.53,82467.19,False,0,,5145.82,11212.71,82686.74
EVT00001618,2023,2023-10-10,POL00184,SME,SME Package,North,Broker,Active,193979.08,173278.33,True,233449.06,Open,28895.9,17393.28,188590.44
EVT00001619,2023,2023-08-17,POL00122,SME,SME Package,Central,Bancassurance,Active,189177.41,188933.53,False,0,,33067.87,30744.01,161214.21
EVT00001620,2023,2023-11-02,POL00190,Motor,Private Motor,North,Agent,Active,152087.29,141448.93,False,0,,26005.27,19312.44,149108.78
EVT00001621,2023,2023-05-31,POL00183,Health,Retail Health,North,Direct,Active,28583.38,23303.02,False,0,,8507.57,5066.04,27146.92
EVT00001622,2023,2023-01-16,POL00222,Travel,Travel,Central,Agent,Active,109728.7,102075.49,True,26013.68,Repudiated,10819.1,18013.53,106496.85
EVT00001623,2023,2023-11-01,POL00058,Health,Retail Health,West,Direct,Expired,34049.55,27502.9,False,0,,4797.75,5991.38,29613.88
EVT00001624,2023,2023-01-20,POL00023,Travel,Travel,West,Direct,Active,210394.73,187179.04,False,0,,62182.18,20755.29,188331.17
EVT00001625,2023,2023-04-05,POL00194,Health,Retail Health,South,Agent,Active,80968.91,72818.51,False,0,,7374.49,13863.26,78152.63
EVT00001626,2023,2023-09-03,POL00093,Motor,Private Motor,Central,Agent,Active,53676.43,48781.17,False,0,,9762.3,2888.97,49641.87
EVT00001627,2023,2023-04-29,POL00200,Property,Commercial Property,Central,Direct,Active,77044.22,69287.56,False,0,,11393.09,4817.62,75011.29
EVT00001628,2023,2023-11-02,POL00274,Health,Retail Health,East,Agent,Active,25349.16,19881.22,False,0,,3911.61,1602.36,24214.22
EVT00001629,2023,2023-11-24,POL00029,Motor,Private Motor,South,Bancassurance,Active,47184.99,36466.97,False,0,,15513.89,7138.49,41783.45
EVT00001630,2023,2023-06-14,POL00074,Travel,Travel,West,Broker,Active,65388.39,59544.92,False,0,,15382.33,7993.02,62567.2
EVT00001631,2023,2023-09-15,POL00284,Property,Commercial Property,South,Broker,Active,72718.05,66923.65,False,0,,19185.99,6591.28,66239.75
EVT00001632,2023,2023-05-13,POL00168,Travel,Travel,East,Agent,Active,19604.7,19194.16,False,0,,4725.12,1906.08,18426.32
EVT00001633,2023,2023-06-01,POL00230,Travel,Travel,East,Direct,Active,170113.38,154744.85,False,0,,15708.92,18199.9,158092.94
EVT00001634,2023,2023-01-19,POL00058,Travel,Travel,North,Direct,Active,156893.5,156108.34,False,0,,20080.37,25128.49,147551.31
EVT00001635,2023,2023-04-04,POL00171,Health,Retail Health,West,Agent,Active,34460.09,27721.19,True,49485.58,Closed,4200.47,4609.39,34038.53
EVT00001636,2023,2023-04-11,POL00219,Motor,Private Motor,Central,Bancassurance,Active,196600.38,187364.34,False,0,,30627.96,14279.38,183132.42
EVT00001637,2023,2023-04-26,POL00005,Property,Commercial Property,Central,Bancassurance,Active,153065.5,126794.14,True,191448.72,Repudiated,22655.9,20804.08,151379.84
EVT00001638,2023,2023-02-14,POL00248,SME,SME Package,North,Agent,Active,191057.12,160308.41,False,0,,20327.99,16487.87,173332.25
EVT00001639,2023,2023-03-11,POL00377,Travel,Travel,West,Bancassurance,Expired,133607.85,113482.85,False,0,,46239.15,10579.46,129872.83
EVT00001640,2023,2023-01-15,POL00301,SME,SME Package,Central,Direct,Expired,141370.26,121225.41,False,0,,21549.99,18271.67,132360.36
EVT00001641,2023,2023-12-29,POL00354,Motor,Private Motor,North,Agent,Active,125469.96,109149.16,False,0,,26271.84,10089.52,124173.67
EVT00001642,2023,2023-09-21,POL00175,Health,Retail Health,North,Agent,Active,94834.94,83503.76,False,0,,9584.05,8376.31,84549.17
EVT00001643,2023,2023-12-30,POL00398,SME,SME Package,East,Bancassurance,Active,100864.57,89795.69,False,0,,29973.48,16711.07,90706.4
EVT00001644,2023,2023-12-05,POL00293,Property,Commercial Property,Central,Broker,Expired,165282.22,158777.83,True,45249.89,Repudiated,45214.23,18207.31,153848.32
EVT00001645,2023,2023-10-25,POL00340,Motor,Private Motor,South,Direct,Active,47756.66,43081.71,False,0,,15263.7,5256.86,47228.21
EVT00001646,2023,2023-02-12,POL00271,Property,Commercial Property,East,Direct,Expired,175460.4,166459.5,True,158269.33,Closed,36306.56,17696.66,162915.95
EVT00001647,2023,2023-09-09,POL00094,Health,Retail Health,North,Broker,Active,80444.43,69069.94,False,0,,22734.26,10068.09,75735.47
EVT00001648,2023,2023-10-21,POL00276,Motor,Private Motor,East,Direct,Active,196151.69,148225.16,False,0,,48450.91,31902.23,191553.21
EVT00001649,2023,2023-07-11,POL00323,Health,Retail Health,North,Bancassurance,Active,17962.74,14889.42,False,0,,3189.6,1885.81,15828.03
EVT00001650,2023,2023-01-11,POL00046,Property,Commercial Property,Central,Agent,Expired,106512.04,99828.47,False,0,,26700.52,8027.88,101292.97
EVT00001651,2023,2023-03-10,POL00383,Motor,Private Motor,North,Broker,Expired,24921.89,20240.44,False,0,,2185.53,3104.16,22956.71
EVT00001652,2023,2023-09-15,POL00331,Property,Commercial Property,East,Agent,Active,98437.49,87953.1,False,0,,14610.78,11768.35,85164.14
EVT00001653,2023,2023-12-23,POL00368,Motor,Private Motor,North,Direct,Active,194415.76,160360.77,False,0,,21769.75,11481.85,175263.41
EVT00001654,2023,2023-11-13,POL00272,Travel,Travel,South,Bancassurance,Expired,37650.51,32378.22,True,25584.26,Repudiated,8302.12,2905.42,33369.62
EVT00001655,2023,2023-05-07,POL00031,Motor,Private Motor,East,Direct,Cancelled,215033.3,206515.52,False,0,,34408.64,37465.56,197304.75
EVT00001656,2023,2023-07-21,POL00045,Property,Commercial Property,West,Bancassurance,Active,111316.8,88662.09,False,0,,34860.66,7031.22,99464.52
EVT00001657,2023,2023-07-13,POL00348,SME,SME Package,North,Broker,Expired,201134.87,174561.78,True,13115.32,Closed,42924.33,21086.41,194066.27
EVT00001658,2023,2023-12-23,POL00210,Motor,Private Motor,East,Broker,Active,118502.88,100067.12,True,17445.44,Repudiated,8646.33,19686.79,111809.57
EVT00001659,2023,2023-01-20,POL00237,Property,Commercial Property,South,Direct,Active,181444.68,177772.52,False,0,,23529.8,32077.73,180446.77
EVT00001660,2023,2023-05-15,POL00097,SME,SME Package,Central,Agent,Active,215787.39,162286.82,True,164759.04,Repudiated,19484.8,34836.28,211656.0
EVT00001661,2023,2023-01-23,POL00325,Property,Commercial Property,East,Bancassurance,Active,168055.3,135701.16,False,0,,19061.57,8874.83,153226.81
EVT00001662,2023,2023-03-30,POL00215,Travel,Travel,West,Direct,Active,190439.48,174217.64,False,0,,64665.06,32295.22,178146.64
EVT00001663,2023,2023-06-18,POL00259,SME,SME Package,East,Bancassurance,Expired,192687.78,180856.69,False,0,,59098.03,15574.34,187815.65
EVT00001664,2023,2023-03-03,POL00276,Travel,Travel,South,Bancassurance,Active,64366.99,51438.01,False,0,,11421.63,7843.98,60118.29
EVT00001665,2023,2023-08-29,POL00055,Travel,Travel,East,Agent,Active,208787.54,187420.62,False,0,,66883.79,24207.54,183906.74
EVT00001666,2023,2023-01-05,POL00227,Property,Commercial Property,Central,Broker,Expired,53463.2,43892.82,False,0,,2896.5,4418.14,47308.64
EVT00001667,2023,2023-07-22,POL00310,Motor,Private Motor,Central,Agent,Expired,82010.6,72018.66,False,0,,14412.49,4347.79,76412.78
EVT00001668,2023,2023-01-18,POL00069,Property,Commercial Property,East,Broker,Cancelled,203851.9,156345.24,False,0,,62930.49,16357.83,175873.0
EVT00001669,2023,2023-10-17,POL00371,Property,Commercial Property,West,Bancassurance,Active,64928.56,53233.28,True,83538.52,Repudiated,16676.26,10327.05,57839.45
EVT00001670,2023,2023-05-22,POL00111,Health,Retail Health,East,Direct,Cancelled,58921.98,52305.61,True,67039.58,Settled,4692.38,7804.68,51360.31
EVT00001671,2023,2023-09-11,POL00279,Travel,Travel,North,Bancassurance,Active,90632.21,73769.17,False,0,,15594.37,6691.67,82110.89
EVT00001672,2023,2023-11-15,POL00153,Health,Retail Health,South,Direct,Active,184464.93,170348.62,False,0,,18763.29,11613.59,171558.92
EVT00001673,2023,2023-01-29,POL00027,Motor,Private Motor,South,Direct,Active,99503.69,91731.02,True,86631.48,Closed,21278.53,10778.7,94321.5
EVT00001674,2023,2023-10-06,POL00078,Motor,Private Motor,North,Direct,Expired,58126.49,56575.42,False,0,,5269.9,7222.88,51121.61
EVT00001675,2023,2023-08-25,POL00299,Motor,Private Motor,North,Direct,Active,136242.02,103204.18,True,61958.94,Settled,45858.31,16785.17,116057.58
EVT00001676,2023,2023-09-18,POL00111,SME,SME Package,West,Agent,Active,173082.78,158126.2,True,31856.8,Closed,36721.37,17219.61,148191.48
EVT00001677,2023,2023-02-26,POL00242,Motor,Private Motor,West,Bancassurance,Active,33429.46,31793.63,True,52748.47,Settled,9127.73,5114.88,33423.41
EVT00001678,2023,2023-03-09,POL00292,Health,Retail Health,Central,Agent,Active,9333.2,7599.17,True,3742.34,Closed,2776.77,1388.27,8343.6
EVT00001679,2023,2023-01-09,POL00095,Property,Commercial Property,South,Agent,Active,11264.11,9412.07,True,13152.98,Open,1042.77,1635.93,11156.85
EVT00001680,2023,2023-06-30,POL00299,Property,Commercial Property,East,Bancassurance,Expired,108585.59,86333.54,False,0,,12212.97,8007.33,102747.26
EVT00001681,2023,2023-03-10,POL00162,Motor,Private Motor,South,Broker,Active,24727.4,21423.93,False,0,,6578.97,1313.86,24618.63
EVT00001682,2023,2023-02-16,POL00139,Property,Commercial Property,East,Direct,Active,15855.74,12311.07,False,0,,1318.12,2761.45,14754.62
EVT00001683,2023,2023-09-21,POL00088,Travel,Travel,Central,Bancassurance,Cancelled,157061.16,146557.96,False,0,,49547.9,13065.75,146600.95
EVT00001684,2023,2023-04-29,POL00346,Travel,Travel,South,Broker,Active,219814.98,214751.25,False,0,,28745.27,24026.71,187622.05
EVT00001685,2023,2023-10-20,POL00225,SME,SME Package,North,Agent,Active,112027.49,101376.79,False,0,,8483.42,9981.74,96069.49
EVT00001686,2023,2023-08-18,POL00378,SME,SME Package,South,Bancassurance,Active,162836.8,127332.58,True,97584.89,Closed,21751.86,13836.57,149086.36
EVT00001687,2023,2023-09-09,POL00021,SME,SME Package,South,Agent,Active,212678.41,181319.96,True,74213.29,Open,21363.92,38223.25,187134.73
EVT00001688,2023,2023-07-26,POL00352,Health,Retail Health,North,Direct,Expired,8315.9,6669.64,True,3729.6,Open,1784.29,823.25,8058.04
EVT00001689,2023,2023-07-27,POL00233,Health,Retail Health,Central,Agent,Active,8712.04,7668.97,False,0,,1920.47,537.51,7734.71
EVT00001690,2023,2023-10-25,POL00002,Motor,Private Motor,Central,Agent,Active,167629.34,152030.41,False,0,,15364.76,19156.91,165965.25
EVT00001691,2023,2023-02-12,POL00345,SME,SME Package,Central,Bancassurance,Expired,138968.49,117713.42,False,0,,37509.9,12371.84,138739.02
EVT00001692,2023,2023-04-23,POL00281,Travel,Travel,West,Direct,Active,16613.66,12556.01,False,0,,5023.09,2103.84,14812.73
EVT00001693,2023,2023-11-06,POL00128,Travel,Travel,North,Agent,Expired,59795.53,51508.9,False,0,,12378.72,3651.78,51655.57
EVT00001694,2023,2023-12-07,POL00285,Property,Commercial Property,East,Direct,Active,168956.67,167387.6,False,0,,57755.05,12601.57,150196.76
EVT00001695,2023,2023-07-27,POL00007,Motor,Private Motor,East,Broker,Active,58704.78,50087.99,True,36023.52,Settled,7926.03,9731.74,52306.0
EVT00001696,2023,2023-02-16,POL00222,Travel,Travel,South,Agent,Active,124713.73,101859.83,False,0,,6835.51,8493.79,120410.94
EVT00001697,2023,2023-03-14,POL00353,SME,SME Package,South,Broker,Active,116827.85,105041.77,False,0,,39773.32,8108.78,114912.16
EVT00001698,2023,2023-07-30,POL00018,SME,SME Package,East,Agent,Active,154031.36,150366.74,False,0,,44191.69,14880.42,153359.91
EVT00001699,2023,2023-12-18,POL00160,Health,Retail Health,South,Direct,Cancelled,11688.13,9627.1,True,4708.28,Closed,2518.77,1088.89,10897.34
EVT00001700,2023,2023-03-30,POL00215,Motor,Private Motor,South,Direct,Active,11794.57,10808.42,False,0,,994.6,638.34,10847.43
EVT00001701,2023,2023-03-31,POL00113,Motor,Private Motor,East,Bancassurance,Active,19401.81,15171.18,True,7575.38,Open,1142.52,2794.69,18661.55
EVT00001702,2023,2023-08-08,POL00103,Health,Retail Health,Central,Bancassurance,Active,26989.12,20439.97,False,0,,9013.05,3859.25,22987.42
EVT00001703,2023,2023-04-23,POL00223,Property,Commercial Property,South,Direct,Active,161786.09,160598.78,False,0,,16714.33,11124.81,148191.35
EVT00001704,2023,2023-06-08,POL00325,Property,Commercial Property,West,Agent,Active,26679.87,21588.0,False,0,,7090.27,4103.67,26611.98
EVT00001705,2023,2023-02-21,POL00252,Health,Retail Health,East,Broker,Active,211753.74,163213.12,False,0,,44558.79,15079.76,190086.58
EVT00001706,2023,2023-12-24,POL00384,Health,Retail Health,West,Broker,Active,217215.51,190573.37,False,0,,56710.13,21800.94,196072.26
EVT00001707,2023,2023-05-19,POL00205,Health,Retail Health,South,Direct,Cancelled,210755.25,190807.33,False,0,,73624.59,33889.27,193114.97
EVT00001708,2023,2023-02-25,POL00320,Property,Commercial Property,West,Bancassurance,Expired,148426.99,132774.66,False,0,,23522.96,8125.62,147869.66
EVT00001709,2023,2023-08-03,POL00262,Property,Commercial Property,Central,Bancassurance,Cancelled,214393.51,167524.63,False,0,,28206.16,16557.98,183959.74
EVT00001710,2023,2023-03-25,POL00379,Travel,Travel,Central,Broker,Expired,39972.97,33340.24,False,0,,12113.53,5140.45,38481.24
EVT00001711,2023,2023-12-10,POL00183,Property,Commercial Property,Central,Broker,Active,92729.92,85565.52,False,0,,22519.04,5696.62,80541.38
EVT00001712,2023,2023-05-28,POL00364,SME,SME Package,West,Broker,Active,25025.26,19687.07,True,39040.3,Repudiated,3004.3,1984.38,23813.42
EVT00001713,2023,2023-01-10,POL00257,SME,SME Package,South,Agent,Active,66772.22,63456.49,False,0,,23231.51,6855.48,65431.81
EVT00001714,2023,2023-04-06,POL00178,Motor,Private Motor,North,Agent,Active,42131.55,40848.25,False,0,,10404.53,3634.5,40881.17
EVT00001715,2023,2023-11-25,POL00127,Motor,Private Motor,North,Bancassurance,Active,137595.76,135912.34,False,0,,40885.02,11167.72,119892.92
EVT00001716,2023,2023-01-07,POL00259,Travel,Travel,North,Agent,Active,21246.18,19646.7,True,18743.87,Open,1573.38,3292.87,18162.62
EVT00001717,2023,2023-07-18,POL00108,Property,Commercial Property,West,Agent,Active,167045.04,146013.32,True,247883.07,Repudiated,10636.79,24622.1,164154.14
EVT00001718,2023,2023-07-06,POL00080,Property,Commercial Property,Central,Agent,Expired,62774.55,56212.01,False,0,,21560.22,6946.99,58291.35
EVT00001719,2023,2023-08-16,POL00005,Motor,Private Motor,North,Broker,Cancelled,80233.94,66949.15,True,19882.83,Repudiated,26219.42,9833.03,76334.52
EVT00001720,2023,2023-02-26,POL00268,Motor,Private Motor,West,Broker,Expired,134933.79,103097.45,True,29854.92,Repudiated,11028.83,7228.91,128664.62
EVT00001721,2023,2023-03-03,POL00399,SME,SME Package,West,Broker,Active,50994.15,45840.2,False,0,,12244.87,5096.64,47025.19
EVT00001722,2023,2023-05-27,POL00275,Health,Retail Health,West,Direct,Expired,16547.5,16044.07,False,0,,1353.8,2769.75,14517.27
EVT00001723,2023,2023-03-11,POL00281,Motor,Private Motor,Central,Direct,Expired,106690.68,105897.98,True,35083.74,Settled,26751.5,9400.6,103464.39
EVT00001724,2023,2023-06-30,POL00110,Travel,Travel,South,Broker,Cancelled,33766.83,30264.2,False,0,,5582.86,4624.56,30638.81
EVT00001725,2023,2023-07-06,POL00234,Property,Commercial Property,West,Bancassurance,Active,177779.57,163656.77,False,0,,32192.18,24837.97,157670.24
EVT00001726,2023,2023-01-05,POL00357,Health,Retail Health,North,Direct,Active,32473.3,27655.66,False,0,,3038.12,1930.57,29942.05
EVT00001727,2023,2023-12-26,POL00112,Health,Retail Health,East,Agent,Cancelled,210458.13,191978.73,False,0,,66891.26,14805.79,205676.56
EVT00001728,2023,2023-08-06,POL00384,Motor,Private Motor,Central,Broker,Active,69174.38,66671.64,False,0,,8032.33,3550.61,68270.35
EVT00001729,2023,2023-10-09,POL00308,Motor,Private Motor,North,Direct,Expired,17932.35,13901.76,False,0,,2925.07,2574.37,17296.61
EVT00001730,2023,2023-01-09,POL00199,Property,Commercial Property,West,Broker,Active,191960.02,173458.17,False,0,,27442.12,11861.78,163256.44
EVT00001731,2023,2023-06-13,POL00061,Property,Commercial Property,West,Bancassurance,Active,218648.52,190802.76,False,0,,49318.87,22998.15,217308.95
EVT00001732,2023,2023-04-30,POL00242,Health,Retail Health,Central,Direct,Active,170162.69,164386.83,True,236665.42,Repudiated,54840.41,15797.4,147151.94
EVT00001733,2023,2023-11-03,POL00304,Property,Commercial Property,Central,Bancassurance,Active,80369.63,65493.16,False,0,,26655.91,4495.06,76408.77
EVT00001734,2023,2023-08-25,POL00237,Health,Retail Health,South,Bancassurance,Active,70674.79,58178.05,False,0,,21398.4,6931.47,63043.86
EVT00001735,2023,2023-09-04,POL00240,Health,Retail Health,North,Direct,Active,29570.07,25583.23,True,28115.08,Open,4686.74,4574.97,28482.03
EVT00001736,2023,2023-06-04,POL00273,Health,Retail Health,West,Agent,Active,111175.31,91911.29,True,6143.15,Closed,35198.12,9844.12,95714.65
EVT00001737,2023,2023-09-22,POL00258,Property,Commercial Property,West,Broker,Active,42343.5,33586.42,True,58041.18,Repudiated,14582.24,7035.6,37172.96
EVT00001738,2023,2023-12-28,POL00154,Motor,Private Motor,West,Bancassurance,Active,36854.63,31743.99,False,0,,9396.38,2531.77,36553.87
EVT00001739,2023,2023-07-28,POL00106,Property,Commercial Property,South,Bancassurance,Active,154625.25,129813.1,True,248897.7,Repudiated,41224.74,24533.84,145518.94
EVT00001740,2023,2023-01-14,POL00344,Motor,Private Motor,East,Bancassurance,Active,57556.26,43995.06,False,0,,9275.47,4638.53,48974.85
EVT00001741,2023,2023-05-12,POL00352,SME,SME Package,Central,Broker,Active,130474.63,122065.66,False,0,,19337.85,21004.86,119300.74
EVT00001742,2023,2023-08-12,POL00398,Motor,Private Motor,East,Broker,Active,164427.73,140236.05,True,141776.91,Repudiated,32876.25,15467.74,146045.31
EVT00001743,2023,2023-04-03,POL00040,SME,SME Package,North,Broker,Expired,119717.37,94192.51,True,47635.47,Repudiated,32907.16,8012.79,114844.44
EVT00001744,2023,2023-03-03,POL00031,Health,Retail Health,South,Broker,Active,30560.37,23493.37,False,0,,4929.31,5051.96,27928.78
EVT00001745,2023,2023-10-23,POL00252,Motor,Private Motor,West,Broker,Active,70439.94,63691.58,False,0,,5931.47,5978.0,65711.52
EVT00001746,2023,2023-01-16,POL00284,Health,Retail Health,North,Direct,Active,29955.86,25648.44,False,0,,3361.02,4833.14,26267.57
EVT00001747,2023,2023-10-07,POL00093,Travel,Travel,Central,Agent,Active,215611.24,176054.18,False,0,,28156.95,34012.09,185227.84
EVT00001748,2023,2023-01-21,POL00013,Motor,Private Motor,West,Bancassurance,Expired,169008.32,165695.38,False,0,,12526.14,28748.42,154954.81
EVT00001749,2023,2023-02-27,POL00176,Motor,Private Motor,North,Direct,Active,52239.86,44577.17,False,0,,6589.62,4511.24,48929.72
EVT00001750,2023,2023-07-23,POL00226,Health,Retail Health,Central,Direct,Expired,99845.02,80916.05,False,0,,21165.08,17425.69,85355.18
EVT00001751,2023,2023-11-06,POL00388,Property,Commercial Property,East,Agent,Active,82156.34,76580.54,False,0,,17664.64,5269.04,77271.61
EVT00001752,2023,2023-06-02,POL00116,Health,Retail Health,West,Broker,Cancelled,112570.33,99650.58,True,181627.41,Open,33396.68,8880.35,106697.83
EVT00001753,2023,2023-10-11,POL00396,SME,SME Package,West,Agent,Active,99254.78,84857.41,False,0,,14822.54,7177.5,97215.28
EVT00001754,2023,2023-10-07,POL00330,Property,Commercial Property,East,Broker,Active,64132.3,60106.69,False,0,,3656.73,9232.63,59376.88
EVT00001755,2023,2023-02-22,POL00223,Property,Commercial Property,North,Bancassurance,Expired,218668.07,205194.69,False,0,,12356.96,12201.09,186203.39
EVT00001756,2023,2023-01-17,POL00290,Health,Retail Health,Central,Agent,Active,171589.21,167476.15,False,0,,57199.08,28256.48,151981.62
EVT00001757,2023,2023-05-06,POL00144,Property,Commercial Property,Central,Agent,Active,44750.78,35318.18,False,0,,5557.15,3245.81,44464.85
EVT00001758,2023,2023-04-26,POL00184,Motor,Private Motor,North,Broker,Expired,200044.06,190309.95,False,0,,68420.6,12954.43,196585.39
EVT00001759,2023,2023-04-10,POL00173,Property,Commercial Property,East,Agent,Active,93821.87,82194.85,False,0,,20460.55,13169.64,82677.96
EVT00001760,2023,2023-10-16,POL00387,Health,Retail Health,South,Broker,Active,60213.43,58996.16,False,0,,5399.87,9365.59,51422.14
EVT00001761,2023,2023-06-10,POL00383,SME,SME Package,South,Agent,Active,212774.63,173914.84,True,64442.16,Open,39001.44,19859.14,199958.5
EVT00001762,2023,2023-07-10,POL00314,SME,SME Package,Central,Broker,Cancelled,32995.73,26749.04,False,0,,3610.6,3713.53,29575.67
EVT00001763,2023,2023-02-20,POL00143,Health,Retail Health,North,Agent,Active,134203.08,129739.63,False,0,,29512.22,22441.35,120955.18
EVT00001764,2023,2023-05-21,POL00301,Health,Retail Health,South,Bancassurance,Active,157034.01,121696.43,False,0,,41891.04,10466.97,143455.72
EVT00001765,2023,2023-04-28,POL00243,Property,Commercial Property,South,Bancassurance,Active,29811.75,29108.98,False,0,,9453.51,3140.49,27345.88
EVT00001766,2023,2023-02-24,POL00014,Motor,Private Motor,Central,Broker,Active,194424.22,189679.58,False,0,,17737.04,11265.13,170108.03
EVT00001767,2023,2023-05-02,POL00033,Property,Commercial Property,South,Direct,Active,75372.55,61634.13,False,0,,6924.64,9470.2,65254.55
EVT00001768,2023,2023-03-20,POL00342,Motor,Private Motor,Central,Bancassurance,Active,133351.3,121273.38,True,146514.7,Closed,21644.05,19517.61,130550.31
EVT00001769,2023,2023-01-04,POL00048,SME,SME Package,Central,Broker,Expired,61926.94,58798.0,False,0,,20406.86,9466.04,58124.94
EVT00001770,2023,2023-10-29,POL00155,SME,SME Package,West,Bancassurance,Active,112454.37,95085.9,False,0,,38064.99,18496.67,108364.75
EVT00001771,2023,2023-06-20,POL00302,SME,SME Package,West,Direct,Active,192992.7,190230.78,True,163921.63,Settled,65233.56,16547.55,189617.85
EVT00001772,2023,2023-03-30,POL00326,SME,SME Package,East,Broker,Expired,122795.0,121955.71,False,0,,22247.13,18810.41,106861.9
EVT00001773,2023,2023-06-13,POL00010,SME,SME Package,East,Bancassurance,Active,147593.98,139436.41,False,0,,48291.77,23924.14,139571.83
EVT00001774,2023,2023-12-06,POL00378,Property,Commercial Property,North,Bancassurance,Active,41713.08,33199.1,False,0,,11533.44,4977.49,37662.75
EVT00001775,2023,2023-03-28,POL00326,Travel,Travel,South,Direct,Active,125123.77,99745.63,False,0,,39319.34,16766.02,108056.38
EVT00001776,2023,2023-12-22,POL00084,Health,Retail Health,East,Agent,Active,129560.31,116410.64,False,0,,30012.04,17512.17,117791.42
EVT00001777,2023,2023-04-10,POL00228,Motor,Private Motor,South,Bancassurance,Active,63602.55,60916.04,False,0,,19191.63,11141.48,57509.17
EVT00001778,2023,2023-10-03,POL00095,Motor,Private Motor,West,Direct,Active,11977.77,9676.84,True,16684.72,Open,2664.77,981.33,11551.99
EVT00001779,2023,2023-01-11,POL00318,Health,Retail Health,South,Broker,Active,106300.24,82033.05,False,0,,17507.27,5395.01,91101.06
EVT00001780,2023,2023-03-08,POL00271,Health,Retail Health,West,Bancassurance,Active,75918.61,62271.99,True,94564.32,Repudiated,22721.38,4337.69,75640.94
EVT00001781,2023,2023-04-25,POL00201,Property,Commercial Property,South,Direct,Active,129357.9,104400.53,True,65374.41,Open,23725.26,13625.19,112799.05
EVT00001782,2023,2023-06-03,POL00345,Motor,Private Motor,South,Broker,Expired,32309.23,29424.94,False,0,,4125.65,4608.32,32139.59
EVT00001783,2023,2023-07-18,POL00071,Health,Retail Health,North,Bancassurance,Active,198784.78,163386.45,False,0,,21665.2,14556.62,182977.46
EVT00001784,2023,2023-01-24,POL00268,Property,Commercial Property,West,Bancassurance,Expired,167434.99,143240.21,False,0,,48055.81,21527.56,146842.01
EVT00001785,2023,2023-11-12,POL00143,Travel,Travel,North,Bancassurance,Active,80118.35,70335.84,False,0,,27993.48,12712.07,74042.35
EVT00001786,2023,2023-09-12,POL00290,Health,Retail Health,South,Direct,Active,16729.39,13252.6,False,0,,3071.33,1416.3,14890.79
EVT00001787,2023,2023-01-06,POL00087,Health,Retail Health,East,Direct,Active,79071.12,63185.15,False,0,,17536.38,8565.19,76234.71
EVT00001788,2023,2023-04-12,POL00085,Property,Commercial Property,East,Direct,Expired,88242.07,82971.04,False,0,,19443.79,7634.14,81195.2
EVT00001789,2023,2023-09-04,POL00265,Travel,Travel,East,Agent,Active,215601.6,161874.38,False,0,,43175.93,20231.64,211903.05
EVT00001790,2023,2023-04-23,POL00380,Property,Commercial Property,South,Agent,Active,67047.75,55671.21,False,0,,3674.29,10308.65,62839.34
EVT00001791,2023,2023-09-16,POL00245,SME,SME Package,North,Direct,Active,18581.12,16206.12,False,0,,3217.68,1155.79,16413.06
EVT00001792,2023,2023-08-01,POL00268,Property,Commercial Property,East,Broker,Active,91990.01,77620.63,False,0,,17056.02,12394.48,90004.95
EVT00001793,2023,2023-12-04,POL00132,Travel,Travel,West,Broker,Active,90192.28,72916.85,False,0,,26402.94,15820.43,77571.81
EVT00001794,2023,2023-10-23,POL00153,Motor,Private Motor,Central,Direct,Expired,166267.5,148445.84,False,0,,15753.15,18588.56,158680.16
EVT00001795,2023,2023-07-30,POL00057,Motor,Private Motor,Central,Direct,Active,155870.91,142224.88,False,0,,25799.38,13671.01,138012.5
EVT00001796,2023,2023-12-07,POL00386,Travel,Travel,North,Direct,Expired,56313.45,45726.22,True,44785.68,Closed,6384.94,5717.31,53311.48
EVT00001797,2023,2023-09-01,POL00109,Motor,Private Motor,West,Bancassurance,Expired,196184.77,153036.03,False,0,,20581.92,14486.93,178831.62
EVT00001798,2023,2023-01-24,POL00295,Property,Commercial Property,North,Agent,Expired,103849.86,94686.22,False,0,,11985.21,15451.88,98806.69
EVT00001799,2023,2023-07-24,POL00199,Travel,Travel,South,Bancassurance,Active,152104.31,120510.72,False,0,,35801.58,24369.58,146535.9
EVT00001800,2023,2023-12-25,POL00013,Property,Commercial Property,East,Agent,Expired,143001.73,127664.86,True,33006.4,Repudiated,9667.6,19194.91,133585.8
EVT00001801,2023,2023-12-13,POL00392,Motor,Private Motor,Central,Bancassurance,Active,101869.77,86771.01,True,154315.16,Open,17385.68,7250.25,100814.39
EVT00001802,2023,2023-03-03,POL00008,Travel,Travel,South,Broker,Expired,115901.68,104766.71,False,0,,25497.8,13878.76,101293.52
EVT00001803,2023,2023-05-15,POL00288,Health,Retail Health,West,Direct,Cancelled,171126.45,161398.55,True,30585.79,Open,35965.31,26850.87,153362.52
EVT00001804,2023,2023-12-12,POL00088,Travel,Travel,Central,Direct,Active,51724.33,47786.25,False,0,,17384.76,4162.48,50826.47
EVT00001805,2023,2023-02-02,POL00395,Health,Retail Health,East,Direct,Active,143623.54,132576.34,True,94679.52,Repudiated,26554.89,25738.04,134980.59
EVT00001806,2023,2023-09-20,POL00316,Property,Commercial Property,Central,Bancassurance,Active,85987.26,85906.31,False,0,,29027.32,7334.89,80330.3
EVT00001807,2023,2023-08-30,POL00381,Property,Commercial Property,South,Agent,Active,173955.72,160636.71,False,0,,12629.78,25085.86,150775.58
EVT00001808,2023,2023-10-25,POL00258,Motor,Private Motor,West,Bancassurance,Cancelled,65468.81,52731.75,True,104410.36,Open,5295.57,8809.74,58129.08
EVT00001809,2023,2023-01-25,POL00371,Health,Retail Health,Central,Agent,Active,50339.19,43402.05,True,44698.59,Closed,8742.9,4469.35,46158.02
EVT00001810,2023,2023-03-31,POL00105,Motor,Private Motor,Central,Agent,Active,198429.89,196492.21,True,59431.94,Closed,41393.99,25415.49,181006.33
EVT00001811,2023,2023-10-17,POL00334,Property,Commercial Property,East,Direct,Expired,14400.43,13862.79,False,0,,2950.68,1955.15,14326.86
EVT00001812,2023,2023-02-26,POL00095,Travel,Travel,East,Agent,Active,122445.42,104782.13,False,0,,10248.68,15670.48,120504.9
EVT00001813,2023,2023-03-31,POL00088,Travel,Travel,West,Bancassurance,Active,126183.49,111369.04,False,0,,15398.46,8278.41,108331.4
EVT00001814,2023,2023-12-15,POL00216,Health,Retail Health,East,Direct,Active,77125.48,69313.87,False,0,,8110.83,6393.75,77106.04
EVT00001815,2023,2023-04-21,POL00249,Motor,Private Motor,North,Broker,Active,166232.28,158357.29,False,0,,15423.24,11819.08,163162.93
EVT00001816,2023,2023-08-20,POL00209,SME,SME Package,North,Agent,Expired,41116.54,33127.89,False,0,,2166.29,5002.71,36591.21
EVT00001817,2023,2023-12-20,POL00208,Motor,Private Motor,South,Bancassurance,Active,103158.17,80769.22,False,0,,12655.95,9425.75,100751.41
EVT00001818,2023,2023-05-23,POL00158,Motor,Private Motor,East,Direct,Active,169988.84,138364.21,False,0,,44192.63,26513.13,164628.4
EVT00001819,2023,2023-08-20,POL00348,Motor,Private Motor,South,Bancassurance,Expired,65659.18,63643.13,False,0,,6175.97,6289.9,62870.47
EVT00001820,2023,2023-07-26,POL00256,Health,Retail Health,Central,Direct,Active,159007.64,135598.29,False,0,,53779.42,12721.68,136073.34
EVT00001821,2023,2023-12-08,POL00238,SME,SME Package,Central,Bancassurance,Active,23622.31,19918.53,False,0,,6968.08,4153.1,23109.66
EVT00001822,2023,2023-07-23,POL00090,Health,Retail Health,North,Direct,Active,119180.19,94882.89,False,0,,26112.7,7954.73,108164.93
EVT00001823,2023,2023-03-21,POL00038,Travel,Travel,Central,Bancassurance,Active,197218.55,166499.56,False,0,,63623.56,34165.71,187080.66
EVT00001824,2023,2023-08-19,POL00302,SME,SME Package,Central,Broker,Active,167317.08,156224.12,False,0,,28434.73,19562.68,160041.69
EVT00001825,2023,2023-04-13,POL00313,Health,Retail Health,East,Bancassurance,Active,33740.63,27454.81,True,33209.28,Settled,10748.54,5253.51,29163.61
EVT00001826,2023,2023-07-24,POL00309,SME,SME Package,South,Agent,Active,34723.6,26128.15,True,6956.83,Settled,2253.6,6154.95,33152.68
EVT00001827,2023,2023-03-02,POL00076,SME,SME Package,North,Direct,Expired,148203.02,142753.12,False,0,,39915.04,18276.84,130812.74
EVT00001828,2023,2023-06-17,POL00009,Health,Retail Health,Central,Bancassurance,Active,199040.27,191258.62,False,0,,11932.78,25810.88,182165.0
EVT00001829,2023,2023-03-19,POL00344,Travel,Travel,East,Broker,Expired,149431.42,138123.0,False,0,,7980.68,19536.82,142918.17
EVT00001830,2023,2023-11-15,POL00029,SME,SME Package,South,Broker,Active,57211.03,51064.1,False,0,,10182.87,7387.21,55498.13
EVT00001831,2023,2023-11-29,POL00134,SME,SME Package,Central,Bancassurance,Active,206790.83,203697.5,False,0,,44162.19,36490.63,201097.5
EVT00001832,2023,2023-08-09,POL00190,Travel,Travel,Central,Broker,Expired,26057.11,23834.97,True,44059.77,Repudiated,6115.76,2688.45,25808.71
EVT00001833,2023,2023-06-07,POL00293,Property,Commercial Property,West,Broker,Expired,146147.13,136374.99,False,0,,20038.8,23392.5,131012.57
EVT00001834,2023,2023-01-27,POL00252,Property,Commercial Property,North,Broker,Active,212445.41,194209.55,False,0,,50052.53,34109.09,183667.55
EVT00001835,2023,2023-12-06,POL00255,Travel,Travel,West,Broker,Active,23534.21,23478.78,False,0,,2770.61,1440.32,22036.02
EVT00001836,2023,2023-08-24,POL00092,Motor,Private Motor,South,Direct,Expired,165772.7,148525.24,False,0,,37669.51,19400.83,145715.27
EVT00001837,2023,2023-09-10,POL00021,Health,Retail Health,East,Broker,Expired,188578.23,156072.48,False,0,,25643.5,24357.03,182347.53
EVT00001838,2023,2023-11-08,POL00221,Motor,Private Motor,West,Bancassurance,Expired,172186.98,142709.14,True,300323.5,Open,44346.49,19139.73,154658.85
EVT00001839,2023,2023-05-11,POL00037,Travel,Travel,North,Direct,Active,155356.22,153842.03,True,151891.86,Settled,11424.45,14870.35,136540.69
EVT00001840,2023,2023-11-14,POL00019,SME,SME Package,North,Direct,Active,80994.39,71773.36,True,108179.91,Open,11848.53,12843.43,72010.96
EVT00001841,2023,2023-01-07,POL00201,Property,Commercial Property,South,Agent,Expired,17940.89,15661.93,False,0,,1169.27,923.42,15911.32
EVT00001842,2023,2023-04-02,POL00368,Property,Commercial Property,East,Direct,Active,66573.78,50236.16,False,0,,15395.99,10152.51,62039.42
EVT00001843,2023,2023-10-06,POL00042,SME,SME Package,North,Broker,Active,91455.12,72256.83,False,0,,24639.43,7408.89,82836.57
EVT00001844,2023,2023-07-15,POL00284,Travel,Travel,East,Agent,Active,121245.78,91311.64,False,0,,11789.25,17061.21,104705.61
EVT00001845,2023,2023-08-28,POL00145,Travel,Travel,Central,Broker,Expired,161143.48,134657.37,False,0,,17730.01,27592.64,151593.35
EVT00001846,2023,2023-01-22,POL00154,Property,Commercial Property,North,Agent,Expired,186171.5,162312.78,False,0,,63202.69,22822.87,185959.27
EVT00001847,2023,2023-04-24,POL00306,Health,Retail Health,North,Agent,Active,138408.33,122520.83,False,0,,35685.36,22857.36,123504.82
EVT00001848,2023,2023-07-24,POL00041,Motor,Private Motor,South,Broker,Expired,88257.33,68316.66,False,0,,19069.18,10848.06,79558.38
EVT00001849,2023,2023-06-10,POL00124,Health,Retail Health,North,Agent,Active,93494.91,77022.71,False,0,,23852.73,16680.66,81528.59
EVT00001850,2023,2023-03-12,POL00116,SME,SME Package,West,Agent,Active,209818.27,176423.51,True,182935.79,Open,64847.06,29008.74,199712.74
EVT00001851,2023,2023-08-04,POL00328,Health,Retail Health,North,Bancassurance,Expired,69326.4,64922.4,False,0,,15368.86,10038.14,64923.26
EVT00001852,2023,2023-01-07,POL00249,Travel,Travel,West,Broker,Expired,46118.02,38355.4,False,0,,7507.0,2322.54,40805.84
EVT00001853,2023,2023-01-25,POL00071,Travel,Travel,North,Direct,Active,87281.7,83200.29,False,0,,4519.56,14653.76,80957.31
EVT00001854,2023,2023-11-16,POL00170,Motor,Private Motor,West,Broker,Active,91911.67,78905.54,True,10150.13,Open,22435.07,9720.72,89670.22
EVT00001855,2023,2023-03-15,POL00280,SME,SME Package,North,Agent,Expired,132368.03,118878.58,False,0,,8949.49,19365.63,125202.18
EVT00001856,2023,2023-04-29,POL00187,Health,Retail Health,North,Direct,Active,153974.63,145020.72,False,0,,24837.38,17056.36,144677.39
EVT00001857,2023,2023-06-01,POL00058,SME,SME Package,South,Bancassurance,Active,140135.57,123790.37,True,218107.62,Repudiated,21671.27,21849.18,129478.19
EVT00001858,2023,2023-05-27,POL00339,Property,Commercial Property,East,Direct,Cancelled,133193.6,104459.15,False,0,,36515.02,23328.03,118838.98
EVT00001859,2023,2023-04-19,POL00169,Health,Retail Health,Central,Agent,Active,11453.48,10196.63,False,0,,2617.96,1090.62,10337.44
EVT00001860,2023,2023-01-27,POL00146,Property,Commercial Property,East,Bancassurance,Cancelled,41262.86,32678.89,False,0,,6655.63,2724.8,38889.41
EVT00001861,2023,2023-01-06,POL00162,Travel,Travel,West,Agent,Active,180062.94,139663.52,False,0,,16540.93,21684.78,153876.84
EVT00001862,2023,2023-02-06,POL00152,Travel,Travel,South,Bancassurance,Expired,94094.27,73654.21,False,0,,32772.24,9181.38,85134.13
EVT00001863,2023,2023-10-20,POL00192,Health,Retail Health,North,Agent,Active,152030.84,138150.74,True,137529.44,Open,22015.59,8668.18,141234.2
EVT00001864,2023,2023-05-16,POL00032,Property,Commercial Property,South,Broker,Active,23911.3,19399.81,False,0,,4368.63,2020.39,22869.92
EVT00001865,2023,2023-10-21,POL00375,Property,Commercial Property,South,Agent,Active,75813.28,74656.54,False,0,,17062.34,6937.77,69675.08
EVT00001866,2023,2023-03-05,POL00377,Motor,Private Motor,Central,Bancassurance,Active,165642.0,136668.9,False,0,,37140.4,17534.71,150444.59
EVT00001867,2023,2023-08-28,POL00284,Health,Retail Health,South,Direct,Expired,112917.98,102394.06,False,0,,19060.15,19662.4,102319.31
EVT00001868,2023,2023-08-10,POL00026,Health,Retail Health,South,Bancassurance,Expired,177873.24,137349.37,True,274352.77,Open,38971.78,12684.59,167293.43
EVT00001869,2023,2023-07-27,POL00251,Health,Retail Health,South,Broker,Expired,38455.17,35633.22,False,0,,4376.6,5335.26,33900.15
EVT00001870,2023,2023-08-24,POL00149,Property,Commercial Property,North,Broker,Expired,203370.59,168907.41,False,0,,59921.75,34882.18,200190.98
EVT00001871,2023,2023-06-23,POL00193,SME,SME Package,Central,Broker,Active,101130.76,99068.86,False,0,,26570.35,7999.29,94075.64
EVT00001872,2023,2023-03-31,POL00334,Health,Retail Health,North,Broker,Active,46660.51,41705.53,True,83306.61,Open,8258.16,3478.86,44988.75
EVT00001873,2023,2023-12-11,POL00265,Property,Commercial Property,East,Broker,Active,70947.56,64914.23,False,0,,14727.39,11751.01,60402.19
EVT00001874,2023,2023-10-19,POL00248,Property,Commercial Property,East,Agent,Active,64970.55,54284.46,False,0,,4370.81,11069.52,58378.71
EVT00001875,2023,2023-08-10,POL00354,SME,SME Package,Central,Agent,Active,211392.44,165114.25,True,317213.02,Settled,73015.88,16435.28,184589.74
EVT00001876,2023,2023-09-02,POL00321,Health,Retail Health,South,Bancassurance,Active,106974.77,85680.16,True,171078.58,Open,35995.14,10936.59,95722.16
EVT00001877,2023,2023-05-28,POL00015,Travel,Travel,North,Broker,Active,19100.31,16132.37,True,22279.04,Closed,4530.05,2931.89,16622.82
EVT00001878,2023,2023-08-08,POL00044,Motor,Private Motor,West,Direct,Expired,36042.6,31501.76,True,43096.32,Repudiated,6919.2,5356.63,33373.68
EVT00001879,2023,2023-04-08,POL00233,Travel,Travel,South,Direct,Active,8513.12,8355.51,False,0,,460.88,469.94,8138.44
EVT00001880,2023,2023-02-23,POL00261,Property,Commercial Property,West,Direct,Expired,162532.84,133387.63,False,0,,23488.98,18389.15,152444.38
EVT00001881,2023,2023-12-28,POL00268,Health,Retail Health,Central,Bancassurance,Expired,185792.29,172232.59,False,0,,42629.5,11158.74,174609.7
EVT00001882,2023,2023-08-12,POL00260,Travel,Travel,North,Direct,Expired,11011.68,9035.35,False,0,,2736.97,755.18,10048.62
EVT00001883,2023,2023-12-27,POL00152,Health,Retail Health,South,Broker,Expired,214776.25,174895.52,False,0,,19164.2,15120.96,200216.12
EVT00001884,2023,2023-03-25,POL00274,Motor,Private Motor,North,Direct,Active,127225.59,106215.37,True,3922.96,Open,13325.07,13811.09,122288.84
EVT00001885,2023,2023-09-16,POL00071,Health,Retail Health,Central,Direct,Expired,71636.3,68532.85,False,0,,7055.07,7285.41,65845.53
EVT00001886,2023,2023-05-29,POL00357,Travel,Travel,North,Broker,Expired,35298.79,30447.42,False,0,,8636.89,2030.21,33484.07
EVT00001887,2023,2023-08-28,POL00035,Travel,Travel,Central,Agent,Active,24331.41,22696.87,False,0,,3080.97,3248.64,22144.55
EVT00001888,2023,2023-07-18,POL00383,SME,SME Package,Central,Direct,Active,167644.13,139336.05,False,0,,30703.49,14252.12,161987.26
EVT00001889,2023,2023-08-02,POL00099,SME,SME Package,South,Agent,Expired,189912.97,163551.82,True,275424.95,Open,57320.14,10961.02,186496.16
EVT00001890,2023,2023-06-19,POL00043,Travel,Travel,West,Broker,Active,96763.27,81192.33,False,0,,17890.13,11210.39,96053.27
EVT00001891,2023,2023-05-21,POL00256,SME,SME Package,West,Direct,Active,168833.59,164125.98,False,0,,58645.94,12220.04,155417.91
EVT00001892,2023,2023-07-02,POL00003,Motor,Private Motor,North,Bancassurance,Active,79566.64,75327.66,False,0,,16652.21,5351.89,75786.75
EVT00001893,2023,2023-06-01,POL00037,Travel,Travel,West,Direct,Active,30580.41,24274.16,True,18745.44,Open,8591.63,3869.48,28159.86
EVT00001894,2023,2023-08-20,POL00003,Health,Retail Health,South,Broker,Active,201375.66,201280.59,True,281785.11,Settled,59642.37,32772.72,193225.68
EVT00001895,2023,2023-01-25,POL00011,Health,Retail Health,West,Broker,Active,139908.72,133259.22,True,231009.88,Repudiated,9545.82,7817.94,133480.33
EVT00001896,2023,2023-08-10,POL00277,SME,SME Package,Central,Broker,Active,137047.23,132684.0,False,0,,15592.87,18753.07,116739.21
EVT00001897,2023,2023-03-20,POL00327,Motor,Private Motor,Central,Bancassurance,Active,192017.39,188143.25,False,0,,60157.5,12969.01,171070.29
EVT00001898,2023,2023-07-13,POL00285,Property,Commercial Property,North,Broker,Active,137191.29,120955.62,False,0,,44492.77,15135.63,123896.17
EVT00001899,2023,2023-10-08,POL00385,Travel,Travel,East,Agent,Active,113632.26,103381.45,True,53629.34,Open,35962.49,14315.64,107290.51
EVT00001900,2023,2023-02-16,POL00024,Health,Retail Health,West,Agent,Active,138802.15,113479.95,False,0,,40616.65,7739.38,122838.55
EVT00001901,2023,2023-08-14,POL00182,SME,SME Package,Central,Broker,Active,67437.73,64766.04,True,25636.93,Settled,6478.71,5365.11,63022.46
EVT00001902,2023,2023-08-06,POL00341,Travel,Travel,West,Direct,Active,105578.48,95275.67,False,0,,8879.53,9516.75,97873.66
EVT00001903,2023,2023-10-20,POL00378,Property,Commercial Property,Central,Broker,Active,114182.37,107177.7,True,125807.84,Repudiated,29561.75,17672.86,101789.94
EVT00001904,2023,2023-05-24,POL00216,Health,Retail Health,South,Broker,Active,196998.05,149281.57,False,0,,52553.46,19498.22,185849.26
EVT00001905,2023,2023-10-30,POL00085,Travel,Travel,West,Bancassurance,Active,117466.99,90997.48,False,0,,12656.0,5911.34,106945.27
EVT00001906,2023,2023-03-17,POL00110,Motor,Private Motor,East,Agent,Cancelled,120281.79,117079.96,False,0,,22928.32,13842.61,107560.21
EVT00001907,2023,2023-03-15,POL00196,Property,Commercial Property,East,Direct,Active,124336.99,119238.41,False,0,,40826.71,10024.5,114268.83
EVT00001908,2023,2023-08-08,POL00113,Travel,Travel,North,Bancassurance,Active,208518.04,157794.72,True,66766.71,Repudiated,52920.4,25964.07,178363.57
EVT00001909,2023,2023-11-18,POL00162,Property,Commercial Property,Central,Bancassurance,Active,196377.26,161057.24,False,0,,36131.15,18063.74,174564.36
EVT00001910,2023,2023-08-20,POL00228,Travel,Travel,West,Direct,Active,133789.86,102931.03,False,0,,41403.74,16095.23,127478.14
EVT00001911,2023,2023-07-19,POL00384,Health,Retail Health,West,Agent,Active,21738.02,18988.77,True,23991.74,Settled,4412.35,2806.56,20799.61
EVT00001912,2023,2023-03-19,POL00086,Travel,Travel,Central,Broker,Active,124704.74,107348.77,True,8061.47,Closed,42130.93,17344.21,113455.01
EVT00001913,2023,2023-10-07,POL00122,SME,SME Package,West,Agent,Active,206358.69,195336.62,False,0,,49445.7,19271.04,178135.5
EVT00001914,2023,2023-01-04,POL00052,Health,Retail Health,Central,Bancassurance,Expired,174237.25,134959.45,False,0,,51337.93,9313.31,169729.38
EVT00001915,2023,2023-05-21,POL00206,Travel,Travel,Central,Agent,Expired,17979.97,16119.66,True,25884.37,Closed,2989.83,2317.09,15905.89
EVT00001916,2023,2023-11-11,POL00362,SME,SME Package,West,Direct,Active,104273.74,79410.19,False,0,,6597.57,11867.17,95831.35
EVT00001917,2023,2023-12-03,POL00212,SME,SME Package,South,Broker,Active,154389.6,116304.38,False,0,,18656.08,9757.88,135186.82
EVT00001918,2023,2023-02-17,POL00112,Motor,Private Motor,East,Direct,Active,17054.11,16389.67,False,0,,4311.89,925.28,14820.82
EVT00001919,2023,2023-09-05,POL00269,Travel,Travel,Central,Broker,Active,158712.57,130150.52,True,106926.71,Closed,12919.39,9510.93,136426.74
EVT00001920,2023,2023-10-01,POL00027,Motor,Private Motor,South,Broker,Cancelled,176175.11,169605.18,True,171288.52,Repudiated,14825.0,23186.77,160148.74
EVT00001921,2023,2023-05-17,POL00309,Motor,Private Motor,North,Bancassurance,Expired,103470.86,89150.72,True,164712.32,Closed,25003.0,9243.25,100024.93
EVT00001922,2023,2023-08-05,POL00183,Travel,Travel,Central,Direct,Active,214981.26,192112.9,False,0,,69760.09,38408.09,209157.51
EVT00001923,2023,2023-03-02,POL00372,Travel,Travel,East,Agent,Active,54200.99,42476.13,False,0,,6265.03,6223.31,51452.23
EVT00001924,2023,2023-07-21,POL00182,SME,SME Package,West,Direct,Active,202403.26,182234.79,False,0,,19064.49,21676.11,175214.25
EVT00001925,2023,2023-04-27,POL00287,Health,Retail Health,North,Broker,Active,26810.39,23855.96,False,0,,6664.17,3579.97,26794.02
EVT00001926,2023,2023-08-10,POL00117,Health,Retail Health,East,Agent,Active,218445.03,184195.49,False,0,,52000.54,18143.53,193786.05
EVT00001927,2023,2023-11-20,POL00200,Motor,Private Motor,West,Broker,Active,176478.34,169708.59,False,0,,29407.09,25506.45,159149.32
EVT00001928,2023,2023-08-15,POL00294,Property,Commercial Property,Central,Direct,Active,203374.56,177294.63,False,0,,66504.41,26289.97,185824.19
EVT00001929,2023,2023-02-20,POL00002,Property,Commercial Property,North,Broker,Expired,24307.58,22268.2,False,0,,5239.34,3255.25,24098.99
EVT00001930,2023,2023-03-07,POL00117,Property,Commercial Property,East,Bancassurance,Active,196544.15,182060.49,True,200296.86,Repudiated,57638.22,17180.75,188759.35
EVT00001931,2023,2023-01-16,POL00303,Health,Retail Health,Central,Bancassurance,Active,143027.45,115901.01,True,240716.26,Closed,25376.75,23006.88,129036.81
EVT00001932,2023,2023-07-31,POL00295,SME,SME Package,West,Broker,Active,196826.64,168071.06,False,0,,17110.98,28936.1,196529.86
EVT00001933,2023,2023-12-15,POL00223,Motor,Private Motor,North,Broker,Cancelled,166280.36,162758.15,True,243394.25,Open,15019.8,26667.02,144531.04
EVT00001934,2023,2023-11-13,POL00358,Health,Retail Health,East,Agent,Active,217576.34,202628.74,False,0,,47022.17,36083.61,200873.73
EVT00001935,2023,2023-01-14,POL00380,Motor,Private Motor,North,Bancassurance,Expired,138224.86,114982.27,False,0,,18359.5,14163.72,123179.38
EVT00001936,2023,2023-07-12,POL00316,Health,Retail Health,South,Broker,Expired,82297.91,71144.92,False,0,,26532.0,8761.15,73745.14
EVT00001937,2023,2023-11-21,POL00027,Motor,Private Motor,Central,Bancassurance,Active,167340.88,141386.73,True,177322.69,Settled,45268.93,22351.71,164670.82
EVT00001938,2023,2023-01-14,POL00172,Property,Commercial Property,Central,Broker,Active,111025.13,95444.74,False,0,,14301.42,6888.95,104494.45
EVT00001939,2023,2023-05-28,POL00111,SME,SME Package,East,Agent,Cancelled,165505.63,137970.56,True,215927.0,Closed,49572.75,25096.18,147409.73
EVT00001940,2023,2023-07-04,POL00350,Property,Commercial Property,Central,Bancassurance,Active,46280.4,45246.09,True,3063.73,Repudiated,12796.92,8069.97,39797.24
EVT00001941,2023,2023-08-27,POL00142,Travel,Travel,North,Direct,Active,69991.07,67006.98,True,14412.29,Settled,18128.02,8852.95,65014.53
EVT00001942,2023,2023-08-06,POL00302,Property,Commercial Property,South,Agent,Active,153899.18,126563.35,False,0,,20872.49,16514.24,145834.05
EVT00001943,2023,2023-02-13,POL00049,SME,SME Package,South,Agent,Active,178530.93,156305.99,True,233198.74,Repudiated,60612.81,10917.28,157271.39
EVT00001944,2023,2023-02-09,POL00167,Motor,Private Motor,North,Direct,Active,110052.79,93890.24,False,0,,36712.13,5714.13,106725.32
EVT00001945,2023,2023-07-28,POL00281,Travel,Travel,North,Agent,Active,93942.5,82775.21,False,0,,8329.15,13990.69,91673.08
EVT00001946,2023,2023-04-11,POL00329,SME,SME Package,North,Broker,Expired,182257.25,166607.99,True,265857.55,Open,29468.5,15350.82,174239.63
EVT00001947,2023,2023-12-23,POL00007,Travel,Travel,North,Agent,Active,19496.72,19296.57,False,0,,2935.66,2614.79,19328.21
EVT00001948,2023,2023-10-29,POL00010,Property,Commercial Property,South,Broker,Active,28262.2,23240.54,True,22326.67,Repudiated,1724.01,2570.58,25108.54
EVT00001949,2023,2023-01-17,POL00290,Health,Retail Health,North,Agent,Cancelled,93180.61,90684.22,True,124927.63,Closed,8257.43,14990.38,83087.41
EVT00001950,2023,2023-10-01,POL00164,Health,Retail Health,Central,Broker,Active,45333.36,38220.99,True,5163.96,Open,13831.25,2937.75,39945.95
EVT00001951,2023,2023-05-05,POL00158,Health,Retail Health,South,Agent,Active,144049.38,121131.74,False,0,,48488.04,9388.66,127080.59
EVT00001952,2023,2023-08-08,POL00376,SME,SME Package,East,Direct,Expired,95284.73,78212.28,True,54274.87,Repudiated,13294.16,14725.34,89702.17
EVT00001953,2023,2023-08-21,POL00003,Health,Retail Health,East,Bancassurance,Active,64736.01,60615.94,False,0,,14565.79,6237.91,59271.63
EVT00001954,2023,2023-12-19,POL00326,Travel,Travel,South,Direct,Active,124631.05,112949.59,True,107447.9,Closed,19550.05,19757.65,107658.45
EVT00001955,2023,2023-05-07,POL00091,Travel,Travel,West,Direct,Expired,127296.76,97583.65,False,0,,40629.01,22258.77,115262.1
EVT00001956,2023,2023-07-09,POL00328,SME,SME Package,North,Bancassurance,Active,30307.99,26312.89,False,0,,3508.23,3108.44,28405.88
EVT00001957,2023,2023-12-25,POL00082,Property,Commercial Property,West,Direct,Expired,91487.02,85075.59,False,0,,13852.89,11248.79,87352.84
EVT00001958,2023,2023-03-19,POL00209,Health,Retail Health,Central,Direct,Expired,40668.35,32560.59,False,0,,11244.53,4086.09,40203.38
EVT00001959,2023,2023-04-25,POL00153,Motor,Private Motor,East,Bancassurance,Active,143882.17,138969.0,False,0,,25251.94,10869.87,135795.2
EVT00001960,2023,2023-06-01,POL00166,Property,Commercial Property,South,Direct,Active,77647.01,72776.27,True,82015.92,Repudiated,22163.38,7852.33,72270.73
EVT00001961,2023,2023-12-11,POL00290,Travel,Travel,Central,Broker,Active,167434.76,157343.34,False,0,,12247.72,10465.27,163929.78
EVT00001962,2023,2023-08-31,POL00257,Motor,Private Motor,North,Bancassurance,Expired,117237.04,93693.91,False,0,,6889.8,6214.24,113832.53
EVT00001963,2023,2023-10-11,POL00067,Travel,Travel,North,Bancassurance,Active,172303.29,162536.57,False,0,,22771.76,22358.21,167509.42
EVT00001964,2023,2023-08-15,POL00365,Motor,Private Motor,Central,Broker,Active,66320.88,53189.45,True,17254.64,Settled,11239.37,5009.86,64015.04
EVT00001965,2023,2023-07-27,POL00204,Health,Retail Health,East,Direct,Expired,166717.03,166362.55,False,0,,27771.74,23561.96,150323.89
EVT00001966,2023,2023-10-21,POL00106,Health,Retail Health,Central,Agent,Active,166586.86,149306.78,False,0,,39844.7,14838.69,146977.04
EVT00001967,2023,2023-12-11,POL00135,SME,SME Package,North,Agent,Active,95685.63,93557.66,False,0,,21064.91,5884.29,87217.42
EVT00001968,2023,2023-07-25,POL00014,Travel,Travel,Central,Broker,Active,54782.81,42606.48,True,40252.1,Closed,8489.76,8246.81,46791.7
EVT00001969,2023,2023-09-04,POL00398,Health,Retail Health,Central,Direct,Expired,15184.12,14251.63,True,8635.74,Settled,1740.61,2570.57,13861.42
EVT00001970,2023,2023-08-11,POL00337,Health,Retail Health,East,Agent,Active,183011.21,162216.35,False,0,,14015.6,10627.45,157512.96
EVT00001971,2023,2023-02-12,POL00253,SME,SME Package,South,Agent,Active,61221.63,54248.55,True,4117.22,Settled,13683.19,8714.84,58126.11
EVT00001972,2023,2023-10-06,POL00396,Motor,Private Motor,North,Direct,Active,203612.59,198198.13,True,195524.4,Repudiated,62298.27,34687.0,185415.68
EVT00001973,2023,2023-06-04,POL00017,Motor,Private Motor,Central,Agent,Active,38608.45,38171.91,False,0,,4916.6,6424.12,38229.32
EVT00001974,2023,2023-10-30,POL00284,Property,Commercial Property,South,Agent,Active,49866.14,42703.71,False,0,,10952.71,6845.07,46018.94
EVT00001975,2023,2023-03-11,POL00052,Health,Retail Health,Central,Bancassurance,Active,76672.2,66715.4,False,0,,24161.55,11714.98,66505.54
EVT00001976,2023,2023-09-24,POL00362,Motor,Private Motor,Central,Direct,Expired,181185.63,181020.7,False,0,,34276.54,29490.88,158398.96
EVT00001977,2023,2023-02-08,POL00285,Motor,Private Motor,East,Agent,Active,186161.14,161000.37,False,0,,27018.34,31297.98,184314.98
EVT00001978,2023,2023-02-10,POL00396,SME,SME Package,South,Bancassurance,Active,116136.2,101353.79,False,0,,20743.2,14943.89,102876.5
EVT00001979,2023,2023-05-26,POL00020,Travel,Travel,East,Agent,Active,88337.58,83533.28,False,0,,8904.06,11782.82,76663.38
EVT00001980,2023,2023-07-28,POL00025,Motor,Private Motor,South,Agent,Expired,54172.54,41325.51,False,0,,9751.21,7369.94,49203.86
EVT00001981,2023,2023-07-06,POL00281,Property,Commercial Property,East,Direct,Active,76513.1,71877.55,False,0,,10984.71,4572.17,66630.64
EVT00001982,2023,2023-05-25,POL00145,Travel,Travel,North,Bancassurance,Active,134608.67,121604.86,False,0,,43676.53,13010.66,122300.59
EVT00001983,2023,2023-12-06,POL00260,SME,SME Package,Central,Broker,Cancelled,14492.61,11253.39,False,0,,3771.37,1366.59,13300.05
EVT00001984,2023,2023-07-19,POL00206,Health,Retail Health,East,Direct,Expired,70803.66,55680.79,False,0,,13061.61,10208.01,65022.73
EVT00001985,2023,2023-12-01,POL00207,Health,Retail Health,East,Bancassurance,Active,62906.0,60923.91,False,0,,15663.66,3824.08,61575.74
EVT00001986,2023,2023-09-20,POL00141,Motor,Private Motor,South,Agent,Cancelled,88151.49,80400.37,False,0,,27180.96,7394.85,85341.04
EVT00001987,2023,2023-02-21,POL00228,Motor,Private Motor,North,Agent,Cancelled,215858.68,184119.36,False,0,,14613.28,18424.11,214951.94
EVT00001988,2023,2023-03-13,POL00249,Health,Retail Health,Central,Broker,Active,94420.49,75351.66,False,0,,8168.73,15402.21,89599.39
EVT00001989,2023,2023-07-03,POL00118,Health,Retail Health,Central,Broker,Active,125886.08,103349.59,False,0,,24083.61,20471.93,116935.75
EVT00001990,2023,2023-07-10,POL00311,SME,SME Package,Central,Direct,Active,65858.94,50036.56,False,0,,8587.54,8475.66,57124.29
EVT00001991,2023,2023-03-16,POL00053,Motor,Private Motor,South,Direct,Active,183121.05,180634.85,False,0,,26663.4,27719.02,167821.18
EVT00001992,2023,2023-09-08,POL00085,SME,SME Package,Central,Broker,Expired,9623.03,9453.38,False,0,,2327.49,1652.09,8698.33
EVT00001993,2023,2023-06-18,POL00285,Motor,Private Motor,Central,Bancassurance,Active,14192.66,13932.35,True,4641.13,Settled,1145.32,1240.45,13908.92
EVT00001994,2023,2023-10-12,POL00125,Property,Commercial Property,North,Direct,Expired,34764.51,32697.0,False,0,,2735.34,4701.98,31051.2
EVT00001995,2023,2023-06-26,POL00210,Travel,Travel,East,Broker,Active,45160.67,41113.82,False,0,,14808.25,3568.84,40998.16
EVT00001996,2023,2023-07-26,POL00255,SME,SME Package,North,Broker,Active,132058.76,102854.25,True,55085.58,Repudiated,16530.36,22357.89,116995.16
EVT00001997,2023,2023-01-11,POL00306,SME,SME Package,North,Direct,Expired,125140.51,123820.95,False,0,,35699.38,15893.64,112114.53
EVT00001998,2023,2023-11-08,POL00279,Property,Commercial Property,South,Agent,Expired,135781.48,116430.09,False,0,,34874.27,13131.05,118535.05
EVT00001999,2023,2023-01-23,POL00279,Travel,Travel,North,Bancassurance,Active,18275.84,15221.76,False,0,,2194.17,2710.29,16552.21
EVT00002000,2023,2023-03-13,POL00043,Travel,Travel,East,Broker,Active,27765.49,22369.76,False,0,,1963.95,3509.75,25898.97
EVT00002001,2023,2023-09-13,POL00184,Health,Retail Health,North,Direct,Active,161251.82,145770.24,True,179048.81,Repudiated,22370.19,14378.54,155782.29
EVT00002002,2023,2023-03-06,POL00093,Property,Commercial Property,North,Direct,Active,58962.32,46297.78,True,24925.06,Open,16511.67,5047.64,54136.57
EVT00002003,2023,2023-10-27,POL00158,Motor,Private Motor,East,Direct,Active,193098.38,173805.56,False,0,,29237.21,21165.45,188633.3
EVT00002004,2023,2023-11-14,POL00015,Travel,Travel,South,Bancassurance,Active,88310.61,69812.88,True,73521.33,Closed,30822.59,6859.64,83769.13
EVT00002005,2023,2023-01-24,POL00174,SME,SME Package,East,Direct,Active,55115.12,42474.01,False,0,,17994.36,3753.83,50046.25
EVT00002006,2023,2023-03-22,POL00144,Motor,Private Motor,South,Bancassurance,Active,199822.06,184343.77,False,0,,36524.79,12568.24,178705.59
EVT00002007,2023,2023-04-01,POL00308,Health,Retail Health,South,Agent,Active,94341.43,83529.29,False,0,,30335.65,9122.23,83596.95
EVT00002008,2023,2023-04-29,POL00208,Travel,Travel,Central,Broker,Active,217989.76,163762.31,True,52140.7,Settled,60046.87,38421.34,189251.41
EVT00002009,2023,2023-05-03,POL00301,Health,Retail Health,Central,Agent,Active,173409.82,165663.76,True,49748.96,Repudiated,13624.1,21859.18,150161.88
EVT00002010,2023,2023-10-25,POL00330,Health,Retail Health,South,Direct,Active,111754.71,97428.14,False,0,,5656.86,14974.75,98072.7
EVT00002011,2023,2023-07-08,POL00332,Property,Commercial Property,West,Agent,Active,47051.64,39294.14,False,0,,11908.99,6634.37,40445.52
EVT00002012,2023,2023-04-22,POL00182,SME,SME Package,East,Agent,Expired,130825.83,118451.31,False,0,,15446.78,11399.52,126501.44
EVT00002013,2023,2023-05-28,POL00070,Health,Retail Health,North,Bancassurance,Active,107369.29,105115.85,False,0,,7799.37,9995.51,95928.43
EVT00002014,2023,2023-08-20,POL00126,Travel,Travel,North,Agent,Active,208335.95,174624.26,False,0,,54123.57,13244.61,179594.32
EVT00002015,2023,2023-10-22,POL00256,Travel,Travel,West,Bancassurance,Active,81055.38,74142.03,False,0,,22525.27,4757.67,69219.3
EVT00002016,2023,2023-12-12,POL00082,SME,SME Package,North,Direct,Active,19648.14,17988.76,False,0,,4666.12,1380.56,17425.66
EVT00002017,2023,2023-09-06,POL00059,Travel,Travel,West,Bancassurance,Active,141390.3,122932.62,False,0,,21291.95,9559.8,124390.01
EVT00002018,2023,2023-09-12,POL00064,SME,SME Package,East,Broker,Active,37268.61,35579.74,False,0,,5044.13,4347.08,33993.17
EVT00002019,2023,2023-05-06,POL00043,Motor,Private Motor,East,Broker,Active,48823.81,37106.61,False,0,,6027.41,7710.41,47160.69
EVT00002020,2023,2023-10-02,POL00292,SME,SME Package,Central,Broker,Expired,157044.27,120655.13,True,125318.96,Repudiated,25754.76,12112.81,156358.74
EVT00002021,2023,2023-04-18,POL00366,Property,Commercial Property,North,Bancassurance,Active,50761.55,46738.84,False,0,,11220.2,8360.94,45742.46
EVT00002022,2023,2023-05-30,POL00269,Health,Retail Health,North,Agent,Active,66255.67,64115.58,False,0,,19290.24,4722.49,60570.64
EVT00002023,2023,2023-05-08,POL00095,Travel,Travel,West,Broker,Expired,86185.65,81994.49,False,0,,29994.93,7848.92,77723.42
EVT00002024,2023,2023-03-23,POL00251,Property,Commercial Property,West,Direct,Expired,89811.41,77894.82,False,0,,18741.89,10460.35,84270.23
EVT00002025,2023,2023-03-08,POL00085,Property,Commercial Property,Central,Direct,Expired,184057.73,139040.9,False,0,,16827.83,9341.99,167859.06
EVT00002026,2023,2023-08-18,POL00291,Travel,Travel,East,Bancassurance,Active,78766.2,61237.91,False,0,,5219.91,8256.37,68444.36
EVT00002027,2023,2023-03-12,POL00214,Travel,Travel,South,Broker,Expired,156856.51,141715.5,False,0,,17984.11,21807.12,139664.04
EVT00002028,2023,2023-09-10,POL00038,Health,Retail Health,Central,Agent,Active,192159.42,175669.41,False,0,,20333.14,29278.35,171772.48
EVT00002029,2023,2023-05-30,POL00237,SME,SME Package,North,Direct,Expired,214162.74,199334.09,False,0,,67068.53,21109.04,209794.43
EVT00002030,2023,2023-03-21,POL00358,Motor,Private Motor,West,Agent,Active,145742.77,128607.06,True,120423.52,Closed,41136.1,10945.11,137984.32
EVT00002031,2023,2023-11-19,POL00356,Motor,Private Motor,Central,Direct,Active,160166.76,135929.83,False,0,,43077.36,8253.01,140877.81
EVT00002032,2023,2023-01-26,POL00113,Health,Retail Health,Central,Bancassurance,Active,31918.63,31826.38,False,0,,9500.02,1708.24,31675.16
EVT00002033,2023,2023-08-20,POL00369,SME,SME Package,East,Direct,Active,181226.64,170952.67,False,0,,20127.41,32452.37,159819.69
EVT00002034,2023,2023-02-13,POL00346,SME,SME Package,West,Agent,Expired,116015.87,114232.26,False,0,,26866.45,13323.2,111492.4
EVT00002035,2023,2023-01-13,POL00358,Health,Retail Health,West,Agent,Expired,143704.38,116874.58,False,0,,45582.42,23563.5,135069.05
EVT00002036,2023,2023-04-21,POL00288,Property,Commercial Property,West,Direct,Active,184796.01,143850.97,True,89215.78,Settled,51572.75,11487.96,172708.28
EVT00002037,2023,2023-12-29,POL00192,Motor,Private Motor,North,Agent,Active,78342.09,66424.39,False,0,,22415.63,9320.95,74710.03
EVT00002038,2023,2023-02-04,POL00329,Motor,Private Motor,Central,Agent,Active,119071.6,104472.56,False,0,,31967.86,6506.54,105770.37
EVT00002039,2023,2023-09-25,POL00032,Property,Commercial Property,North,Direct,Active,81897.04,69304.59,False,0,,5958.36,6368.72,73668.51
EVT00002040,2023,2023-07-15,POL00325,Motor,Private Motor,East,Broker,Active,105113.27,88091.85,True,10832.25,Open,8507.11,10766.86,104031.61
EVT00002041,2023,2023-02-22,POL00145,Travel,Travel,North,Bancassurance,Expired,103570.23,84468.36,True,173062.22,Open,9987.31,11406.88,102201.51
EVT00002042,2023,2023-08-05,POL00208,SME,SME Package,Central,Broker,Active,29800.11,23045.98,False,0,,9784.95,3133.72,28900.89
EVT00002043,2023,2023-02-03,POL00058,Motor,Private Motor,Central,Bancassurance,Expired,89700.58,75264.34,False,0,,18513.74,12227.93,78396.04
EVT00002044,2023,2023-03-18,POL00244,Motor,Private Motor,East,Agent,Active,215556.64,172842.98,True,140267.47,Open,48806.06,22602.77,197441.21
EVT00002045,2023,2023-07-24,POL00280,Property,Commercial Property,South,Direct,Cancelled,217326.44,194425.8,False,0,,60487.46,15474.14,189917.96
EVT00002046,2023,2023-04-17,POL00338,Health,Retail Health,North,Bancassurance,Expired,156484.61,130474.95,True,192864.86,Settled,51437.93,16526.09,144393.3
EVT00002047,2023,2023-10-14,POL00003,Health,Retail Health,North,Broker,Expired,80286.15,63377.69,False,0,,8320.12,11883.43,73421.65
EVT00002048,2023,2023-01-03,POL00332,Health,Retail Health,East,Direct,Active,86646.77,80985.54,True,51938.63,Settled,28854.79,9136.12,86234.52
EVT00002049,2023,2023-04-25,POL00279,Travel,Travel,South,Agent,Active,127632.22,110781.62,False,0,,38635.68,16982.5,123143.25
EVT00002050,2023,2023-12-01,POL00285,Health,Retail Health,West,Bancassurance,Active,203009.02,200477.82,True,321498.54,Settled,18689.53,13535.69,194862.91
EVT00002051,2023,2023-12-12,POL00259,Travel,Travel,South,Agent,Expired,21033.45,18102.36,True,5551.19,Closed,5571.73,1813.62,18488.81
EVT00002052,2023,2023-12-31,POL00149,Travel,Travel,South,Agent,Active,147633.13,142051.35,False,0,,27180.82,16395.34,142260.57
EVT00002053,2023,2023-01-21,POL00219,Motor,Private Motor,Central,Bancassurance,Active,85330.09,77008.57,False,0,,14474.4,12804.33,77736.39
EVT00002054,2023,2023-05-25,POL00311,SME,SME Package,West,Broker,Active,173143.48,130553.55,False,0,,27701.86,12291.8,168575.61
EVT00002055,2023,2023-01-07,POL00071,Travel,Travel,East,Broker,Expired,140318.32,138816.49,True,212089.39,Open,39018.56,11464.57,132399.46
EVT00002056,2023,2023-12-26,POL00235,Motor,Private Motor,East,Direct,Active,59568.29,45421.85,True,54365.41,Open,4454.8,10293.93,50964.92
EVT00002057,2023,2023-05-14,POL00050,Motor,Private Motor,North,Bancassurance,Expired,200820.46,171654.25,True,14721.01,Repudiated,31045.78,24969.35,176991.15
EVT00002058,2023,2023-02-15,POL00240,Property,Commercial Property,Central,Bancassurance,Expired,202724.94,162347.61,False,0,,41007.21,28946.06,183207.29
EVT00002059,2023,2023-05-03,POL00308,Health,Retail Health,North,Direct,Active,108062.66,83513.25,True,49435.34,Repudiated,37334.07,10844.52,96450.75
EVT00002060,2023,2023-03-14,POL00080,Motor,Private Motor,South,Agent,Expired,209338.21,193254.4,False,0,,36069.07,20396.39,202388.61
EVT00002061,2023,2023-01-18,POL00159,Travel,Travel,Central,Direct,Active,196461.96,191631.04,False,0,,39178.05,13105.91,167069.69
EVT00002062,2023,2023-06-23,POL00353,Health,Retail Health,North,Bancassurance,Active,26308.47,24115.26,False,0,,1453.29,1609.61,22457.26
EVT00002063,2023,2023-05-01,POL00144,Health,Retail Health,South,Bancassurance,Expired,92936.61,84844.21,False,0,,29157.23,13056.63,81758.39
EVT00002064,2023,2023-10-29,POL00164,Travel,Travel,South,Bancassurance,Active,169676.96,165297.68,False,0,,13035.05,9767.9,162611.15
EVT00002065,2023,2023-06-21,POL00027,SME,SME Package,Central,Broker,Active,101993.86,79401.15,True,172846.15,Open,10408.17,13634.6,101203.74
EVT00002066,2023,2023-05-15,POL00358,Property,Commercial Property,North,Direct,Active,207984.93,195297.75,False,0,,13554.73,30396.45,178327.39
EVT00002067,2023,2023-03-12,POL00362,Health,Retail Health,West,Bancassurance,Active,59397.6,50747.59,True,98206.51,Open,12090.59,9230.43,51738.25
EVT00002068,2023,2023-08-23,POL00346,Travel,Travel,Central,Agent,Active,216638.12,203695.74,False,0,,40654.13,30472.96,192475.43
EVT00002069,2023,2023-05-06,POL00002,Property,Commercial Property,South,Agent,Cancelled,190990.8,147458.12,False,0,,48562.12,33059.38,181661.18
EVT00002070,2023,2023-06-07,POL00005,SME,SME Package,West,Bancassurance,Expired,136187.98,123207.01,False,0,,12509.2,16683.16,135931.31
EVT00002071,2023,2023-08-07,POL00072,Travel,Travel,Central,Broker,Active,94536.68,91310.95,False,0,,26209.39,6003.07,91874.92
EVT00002072,2023,2023-08-10,POL00246,Motor,Private Motor,Central,Bancassurance,Active,192383.4,150312.29,False,0,,56396.7,15039.9,190272.1
EVT00002073,2023,2023-03-23,POL00279,SME,SME Package,East,Agent,Active,146804.96,142367.7,False,0,,14451.41,24980.54,128569.53
EVT00002074,2023,2023-07-22,POL00095,Travel,Travel,West,Bancassurance,Active,184130.13,161798.77,False,0,,47199.18,19919.38,167477.83
EVT00002075,2023,2023-09-02,POL00167,Health,Retail Health,South,Agent,Active,131125.4,106271.81,False,0,,27620.02,8867.39,118171.49
EVT00002076,2023,2023-09-30,POL00246,Travel,Travel,South,Bancassurance,Active,135891.46,118769.33,False,0,,29177.72,10115.07,126862.36
EVT00002077,2023,2023-09-05,POL00013,Property,Commercial Property,North,Agent,Expired,207532.36,170742.52,False,0,,17185.37,35931.98,188466.31
EVT00002078,2023,2023-09-30,POL00283,SME,SME Package,South,Agent,Cancelled,37483.93,37083.47,False,0,,11628.29,3584.19,32383.19
EVT00002079,2023,2023-05-19,POL00226,Motor,Private Motor,North,Direct,Active,16348.09,15829.19,False,0,,1031.17,2344.18,14346.19
EVT00002080,2023,2023-03-14,POL00305,Health,Retail Health,Central,Bancassurance,Active,196466.65,164520.23,False,0,,12757.92,15772.12,167487.63
EVT00002081,2023,2023-10-20,POL00302,Health,Retail Health,North,Agent,Active,193963.97,161954.84,True,225823.12,Repudiated,58321.85,10609.2,172877.29
EVT00002082,2023,2023-01-22,POL00387,Motor,Private Motor,West,Direct,Active,46405.52,37438.37,True,51698.72,Open,11146.44,2414.85,40615.14
EVT00002083,2023,2023-10-21,POL00007,Travel,Travel,South,Agent,Expired,180225.88,170561.1,False,0,,44220.67,18933.03,160208.98
EVT00002084,2023,2023-05-22,POL00232,Property,Commercial Property,South,Bancassurance,Expired,163772.73,134632.66,True,239050.81,Repudiated,51627.53,22887.13,159025.6
EVT00002085,2023,2023-07-10,POL00157,Travel,Travel,Central,Direct,Expired,151797.34,148318.04,True,197666.93,Repudiated,43519.65,14731.22,135948.08
EVT00002086,2023,2023-09-21,POL00113,Property,Commercial Property,East,Agent,Active,146927.07,143118.85,False,0,,36555.16,15346.28,145328.76
EVT00002087,2023,2023-11-19,POL00102,Property,Commercial Property,Central,Broker,Expired,127051.64,122482.53,False,0,,41679.13,17169.61,125997.75
EVT00002088,2023,2023-08-31,POL00082,Travel,Travel,West,Broker,Active,91027.05,75090.8,False,0,,8763.83,14736.18,88451.95
EVT00002089,2023,2023-11-29,POL00187,SME,SME Package,West,Agent,Expired,199031.53,163739.64,True,316983.65,Repudiated,56014.65,25736.95,175698.36
EVT00002090,2023,2023-01-17,POL00129,Property,Commercial Property,South,Bancassurance,Cancelled,154387.87,149235.97,True,9536.86,Settled,22500.21,8915.06,154261.1
EVT00002091,2023,2023-10-18,POL00306,Health,Retail Health,Central,Direct,Active,43019.21,41112.72,True,17669.1,Closed,13995.43,6390.96,41460.76
EVT00002092,2023,2023-12-08,POL00024,Travel,Travel,West,Broker,Expired,111884.74,87882.06,False,0,,16158.36,14829.39,110577.13
EVT00002093,2023,2023-11-22,POL00322,Motor,Private Motor,South,Agent,Active,37193.94,33094.19,False,0,,5813.57,5131.12,35459.55
EVT00002094,2023,2023-12-17,POL00003,Property,Commercial Property,East,Agent,Active,211397.35,163527.12,True,88686.84,Open,19402.21,23321.22,188085.19
EVT00002095,2023,2023-01-15,POL00352,Health,Retail Health,South,Bancassurance,Active,184476.38,153604.8,True,240431.67,Open,15404.26,14955.51,166561.68
EVT00002096,2023,2023-12-08,POL00141,Health,Retail Health,West,Direct,Active,105672.45,86233.8,False,0,,31928.7,10508.02,92725.12
EVT00002097,2023,2023-11-20,POL00177,Motor,Private Motor,North,Direct,Active,120048.3,106663.13,False,0,,18555.68,11343.22,103486.08
EVT00002098,2023,2023-12-17,POL00388,Travel,Travel,North,Agent,Active,76725.93,59048.13,False,0,,25085.38,7267.68,69331.23
EVT00002099,2023,2023-03-13,POL00113,Travel,Travel,North,Bancassurance,Active,47533.12,45693.6,False,0,,5225.74,5109.53,43150.12
EVT00002100,2023,2023-08-06,POL00045,Property,Commercial Property,West,Direct,Cancelled,160458.06,150930.72,False,0,,44657.91,13390.65,138832.41
EVT00002101,2024,2024-08-08,POL00015,SME,SME Package,East,Agent,Active,174109.66,149824.65,True,185872.31,Open,30846.82,14002.84,163754.68
EVT00002102,2024,2024-03-05,POL00124,Motor,Private Motor,South,Direct,Expired,100395.24,87697.04,True,62637.62,Settled,26738.37,15741.55,93465.75
EVT00002103,2024,2024-10-11,POL00347,Travel,Travel,West,Broker,Active,29191.14,23157.65,False,0,,3915.09,2329.15,28207.69
EVT00002104,2024,2024-03-15,POL00272,Motor,Private Motor,East,Direct,Expired,27175.72,22363.93,True,9669.33,Closed,4625.89,2652.75,26601.04
EVT00002105,2024,2024-02-26,POL00284,Health,Retail Health,South,Agent,Active,36093.1,30334.55,False,0,,5904.07,2671.78,33979.67
EVT00002106,2024,2024-07-09,POL00368,Property,Commercial Property,East,Agent,Expired,141286.69,112820.34,True,216829.62,Closed,34483.7,11632.85,138805.68
EVT00002107,2024,2024-10-26,POL00116,Motor,Private Motor,North,Broker,Active,132074.22,115024.9,False,0,,10851.34,6874.99,115176.86
EVT00002108,2024,2024-11-10,POL00059,Travel,Travel,Central,Broker,Active,173838.96,145143.89,True,143052.88,Closed,35249.34,27717.04,151446.45
EVT00002109,2024,2024-06-13,POL00043,Motor,Private Motor,Central,Bancassurance,Active,139133.26,109801.57,False,0,,17232.44,17215.8,119839.29
EVT00002110,2024,2024-10-31,POL00227,Health,Retail Health,West,Bancassurance,Expired,32148.57,24327.67,True,31193.34,Repudiated,6307.46,3454.98,28734.48
EVT00002111,2024,2024-09-23,POL00380,SME,SME Package,North,Direct,Expired,19973.7,16349.29,True,29654.24,Closed,1033.91,3013.93,18108.01
EVT00002112,2024,2024-08-19,POL00125,SME,SME Package,West,Agent,Expired,165892.53,137262.74,False,0,,11046.3,21114.45,153525.22
EVT00002113,2024,2024-08-23,POL00390,Travel,Travel,North,Broker,Active,18075.11,13594.78,False,0,,5180.39,1545.58,17220.64
EVT00002114,2024,2024-10-08,POL00348,Property,Commercial Property,East,Agent,Active,161403.49,130740.6,False,0,,32522.25,9007.11,158708.03
EVT00002115,2024,2024-02-20,POL00341,Health,Retail Health,West,Broker,Active,192725.68,159652.61,True,99574.81,Open,15449.86,17415.77,168121.28
EVT00002116,2024,2024-12-10,POL00121,SME,SME Package,Central,Broker,Active,58041.73,43988.76,False,0,,6332.12,8419.33,57009.9
EVT00002117,2024,2024-09-02,POL00199,SME,SME Package,North,Bancassurance,Active,186312.38,150799.33,False,0,,46628.27,11397.47,184591.18
EVT00002118,2024,2024-06-30,POL00126,Travel,Travel,Central,Agent,Active,116179.51,107652.83,False,0,,20740.74,8590.82,99497.44
EVT00002119,2024,2024-01-15,POL00067,Motor,Private Motor,East,Agent,Expired,212903.0,208289.64,False,0,,38346.06,18090.21,192629.86
EVT00002120,2024,2024-02-11,POL00335,SME,SME Package,Central,Direct,Active,53938.62,40540.53,False,0,,15071.76,8882.6,50573.99
EVT00002121,2024,2024-08-07,POL00319,Property,Commercial Property,East,Direct,Active,85034.15,76647.83,True,62338.49,Settled,14187.57,5521.68,74652.3
EVT00002122,2024,2024-08-05,POL00256,Motor,Private Motor,South,Bancassurance,Active,153083.33,119264.51,False,0,,30663.78,15918.46,133366.96
EVT00002123,2024,2024-07-09,POL00124,SME,SME Package,East,Bancassurance,Active,165343.27,155625.73,False,0,,46777.0,19958.15,163854.08
EVT00002124,2024,2024-03-12,POL00187,Travel,Travel,South,Bancassurance,Active,123427.77,118863.18,False,0,,16779.84,22100.72,107984.61
EVT00002125,2024,2024-08-22,POL00112,Property,Commercial Property,West,Agent,Active,174941.29,169944.37,True,135325.2,Closed,8791.59,30384.79,151598.44
EVT00002126,2024,2024-08-03,POL00214,Motor,Private Motor,East,Broker,Active,29680.41,23637.25,False,0,,2487.47,3014.99,27596.24
EVT00002127,2024,2024-01-12,POL00107,Travel,Travel,East,Bancassurance,Active,61053.41,50570.44,False,0,,13408.12,7760.51,60159.53
EVT00002128,2024,2024-12-19,POL00111,Travel,Travel,Central,Broker,Active,67000.44,53933.5,False,0,,21852.88,5334.5,64276.23
EVT00002129,2024,2024-01-30,POL00041,Property,Commercial Property,Central,Broker,Expired,38732.97,38296.71,False,0,,8837.23,5266.59,33897.16
EVT00002130,2024,2024-10-05,POL00197,Property,Commercial Property,Central,Broker,Active,17260.37,14085.42,False,0,,5713.05,1188.72,14915.17
EVT00002131,2024,2024-12-12,POL00232,Health,Retail Health,South,Broker,Active,34304.37,27379.86,True,9709.75,Repudiated,8425.19,5496.85,31630.99
EVT00002132,2024,2024-03-10,POL00230,SME,SME Package,Central,Direct,Expired,109137.63,89625.44,False,0,,25896.68,6263.89,95406.42
EVT00002133,2024,2024-09-30,POL00055,Travel,Travel,North,Agent,Active,188977.47,179081.07,False,0,,29628.61,27573.71,176303.47
EVT00002134,2024,2024-02-18,POL00340,Motor,Private Motor,North,Bancassurance,Active,52786.98,50158.04,False,0,,16341.65,4789.88,51690.89
EVT00002135,2024,2024-02-22,POL00209,Health,Retail Health,North,Broker,Active,215986.8,181781.15,False,0,,63800.95,31713.35,207994.03
EVT00002136,2024,2024-10-24,POL00215,SME,SME Package,East,Bancassurance,Active,201737.46,176879.2,True,305211.81,Closed,41894.16,28175.94,189329.92
EVT00002137,2024,2024-04-06,POL00300,Motor,Private Motor,West,Broker,Active,32131.67,25763.02,False,0,,6422.39,3386.11,29691.68
EVT00002138,2024,2024-09-26,POL00350,Health,Retail Health,North,Bancassurance,Active,216537.96,172931.0,False,0,,62947.4,17641.35,199329.9
EVT00002139,2024,2024-05-31,POL00169,Property,Commercial Property,Central,Agent,Expired,17626.71,16257.32,False,0,,2164.59,2422.48,16572.75
EVT00002140,2024,2024-03-04,POL00191,SME,SME Package,East,Broker,Active,97272.77,96486.95,False,0,,24709.69,16460.4,90679.99
EVT00002141,2024,2024-02-05,POL00079,Travel,Travel,East,Broker,Active,40674.96,39767.66,False,0,,12918.08,2593.41,39507.93
EVT00002142,2024,2024-02-24,POL00308,Health,Retail Health,East,Agent,Active,186725.06,182207.65,False,0,,55946.83,30397.72,183869.02
EVT00002143,2024,2024-10-11,POL00361,Health,Retail Health,South,Bancassurance,Expired,33761.03,29895.39,True,37559.9,Settled,4303.26,5308.11,32359.92
EVT00002144,2024,2024-11-14,POL00129,Property,Commercial Property,South,Agent,Active,54137.15,41316.41,True,87506.93,Repudiated,12416.07,6375.79,52000.45
EVT00002145,2024,2024-03-31,POL00024,SME,SME Package,West,Direct,Active,175111.1,154902.37,True,89655.82,Open,38300.48,25812.0,164745.0
EVT00002146,2024,2024-02-04,POL00360,Motor,Private Motor,West,Bancassurance,Active,197111.49,164027.41,False,0,,64597.14,20580.37,182571.23
EVT00002147,2024,2024-01-06,POL00106,Health,Retail Health,Central,Bancassurance,Active,98903.97,74889.66,False,0,,8536.12,13390.82,94551.39
EVT00002148,2024,2024-04-27,POL00362,Health,Retail Health,East,Broker,Active,145023.94,135415.21,False,0,,11343.38,18878.47,142403.92
EVT00002149,2024,2024-05-31,POL00032,Travel,Travel,South,Broker,Expired,99982.45,82699.01,True,160777.97,Open,24460.11,9028.47,89011.21
EVT00002150,2024,2024-06-28,POL00390,SME,SME Package,East,Broker,Active,149648.48,118122.85,True,218360.55,Settled,7811.18,19172.96,137060.46
EVT00002151,2024,2024-10-03,POL00360,Motor,Private Motor,North,Bancassurance,Active,215733.44,184264.86,True,239081.29,Settled,17456.08,24668.92,189599.67
EVT00002152,2024,2024-01-29,POL00318,Motor,Private Motor,South,Bancassurance,Active,73941.77,67218.38,False,0,,10901.71,4594.3,69876.13
EVT00002153,2024,2024-10-22,POL00261,Health,Retail Health,West,Agent,Active,182223.54,139883.86,False,0,,26512.03,16680.42,162192.65
EVT00002154,2024,2024-03-26,POL00304,Health,Retail Health,North,Broker,Active,89032.98,75268.59,False,0,,29466.57,9352.51,77992.03
EVT00002155,2024,2024-11-07,POL00292,Property,Commercial Property,South,Broker,Active,27773.35,22566.18,False,0,,6597.11,3344.73,26750.57
EVT00002156,2024,2024-03-31,POL00347,Motor,Private Motor,Central,Broker,Expired,72775.28,59683.78,False,0,,6887.37,3659.58,66494.48
EVT00002157,2024,2024-07-08,POL00263,Health,Retail Health,East,Bancassurance,Active,178862.13,164309.27,False,0,,21288.47,14480.12,157631.74
EVT00002158,2024,2024-05-07,POL00053,SME,SME Package,West,Bancassurance,Expired,61933.18,47027.14,False,0,,18116.19,9633.81,54275.71
EVT00002159,2024,2024-01-12,POL00373,SME,SME Package,South,Bancassurance,Expired,208279.47,185081.57,False,0,,38517.13,15943.03,202693.18
EVT00002160,2024,2024-11-05,POL00296,Property,Commercial Property,South,Direct,Active,194377.24,190546.22,False,0,,60196.42,16004.25,177668.18
EVT00002161,2024,2024-09-24,POL00217,Property,Commercial Property,East,Broker,Active,28378.74,27398.87,False,0,,1800.36,3108.26,27538.31
EVT00002162,2024,2024-07-12,POL00104,Motor,Private Motor,North,Direct,Active,124701.5,123128.39,True,63851.68,Settled,33902.79,16132.34,113515.12
EVT00002163,2024,2024-08-09,POL00265,Travel,Travel,West,Bancassurance,Active,137593.59,112077.34,True,174462.73,Repudiated,35785.89,22175.65,117413.75
EVT00002164,2024,2024-08-17,POL00300,Motor,Private Motor,North,Direct,Active,200535.22,154451.9,False,0,,22954.83,23676.78,194402.38
EVT00002165,2024,2024-12-05,POL00053,Property,Commercial Property,West,Bancassurance,Expired,96792.24,90207.84,True,60995.37,Repudiated,32241.96,13474.37,87853.86
EVT00002166,2024,2024-06-16,POL00150,Property,Commercial Property,Central,Broker,Active,155190.38,154013.13,False,0,,49083.23,27599.02,145308.25
EVT00002167,2024,2024-01-24,POL00010,Property,Commercial Property,East,Agent,Active,173686.45,148003.8,False,0,,49899.48,13862.33,156573.71
EVT00002168,2024,2024-06-18,POL00070,Property,Commercial Property,South,Bancassurance,Active,184265.02,162939.08,True,111835.84,Repudiated,16088.45,32184.76,179966.61
EVT00002169,2024,2024-05-07,POL00029,Health,Retail Health,Central,Direct,Expired,219786.29,188347.65,True,150777.29,Settled,44891.06,33549.52,207561.28
EVT00002170,2024,2024-02-13,POL00265,Property,Commercial Property,Central,Broker,Expired,94327.23,83934.44,True,67274.25,Settled,19209.24,7423.13,90366.77
EVT00002171,2024,2024-11-25,POL00012,Motor,Private Motor,South,Bancassurance,Active,88002.97,73338.67,False,0,,20514.99,6784.28,84822.88
EVT00002172,2024,2024-08-04,POL00258,Property,Commercial Property,South,Bancassurance,Active,119126.34,111948.58,True,48717.98,Settled,20785.9,6755.5,104729.38
EVT00002173,2024,2024-02-23,POL00111,Property,Commercial Property,East,Direct,Active,134168.29,114142.54,False,0,,21903.78,19593.59,118965.78
EVT00002174,2024,2024-04-22,POL00276,Motor,Private Motor,South,Broker,Active,101225.82,86590.56,False,0,,30637.38,16933.35,92851.81
EVT00002175,2024,2024-06-09,POL00064,Travel,Travel,East,Direct,Expired,105728.63,102719.12,True,80448.91,Closed,17597.18,18250.47,96918.73
EVT00002176,2024,2024-05-02,POL00357,Motor,Private Motor,Central,Bancassurance,Expired,64172.82,56083.76,False,0,,10415.26,5482.92,57308.13
EVT00002177,2024,2024-05-02,POL00147,SME,SME Package,East,Broker,Active,187869.63,161855.56,False,0,,23695.05,29562.7,160464.05
EVT00002178,2024,2024-08-15,POL00244,Travel,Travel,West,Bancassurance,Active,67655.22,55225.91,True,116826.01,Repudiated,11932.7,6502.34,60633.88
EVT00002179,2024,2024-01-17,POL00180,Health,Retail Health,East,Agent,Active,167928.8,158127.25,False,0,,18873.23,21974.95,144205.22
EVT00002180,2024,2024-05-14,POL00330,Motor,Private Motor,Central,Direct,Expired,176817.46,149083.67,False,0,,35694.53,14407.42,157999.79
EVT00002181,2024,2024-07-29,POL00176,Health,Retail Health,Central,Direct,Active,97605.28,79206.73,False,0,,31637.43,15854.95,84869.75
EVT00002182,2024,2024-10-26,POL00221,Motor,Private Motor,North,Agent,Active,14127.47,14125.84,False,0,,1003.64,2057.38,13735.29
EVT00002183,2024,2024-02-14,POL00386,Property,Commercial Property,West,Agent,Active,154160.19,138661.47,False,0,,41728.0,24413.0,154012.62
EVT00002184,2024,2024-08-05,POL00281,Motor,Private Motor,East,Broker,Expired,102938.27,101114.95,False,0,,7509.37,14917.98,94760.6
EVT00002185,2024,2024-07-15,POL00048,SME,SME Package,West,Bancassurance,Active,67500.8,58414.49,False,0,,11473.02,9086.74,65293.25
EVT00002186,2024,2024-11-12,POL00281,Health,Retail Health,Central,Agent,Expired,158947.14,133867.67,False,0,,36576.86,15694.53,147663.98
EVT00002187,2024,2024-06-10,POL00035,Property,Commercial Property,South,Broker,Active,8765.09,6969.3,False,0,,1743.5,1473.19,8574.93
EVT00002188,2024,2024-01-17,POL00143,Travel,Travel,South,Bancassurance,Active,40980.0,33330.85,False,0,,4707.96,2519.09,37221.42
EVT00002189,2024,2024-03-06,POL00158,Travel,Travel,East,Bancassurance,Expired,53201.37,47758.61,True,45094.03,Settled,5335.98,5808.36,52122.0
EVT00002190,2024,2024-09-03,POL00002,Health,Retail Health,East,Direct,Active,11537.65,11241.11,False,0,,1153.13,1659.82,11162.26
EVT00002191,2024,2024-09-02,POL00331,Health,Retail Health,East,Agent,Active,166516.39,154014.4,False,0,,28988.16,28363.94,163132.63
EVT00002192,2024,2024-05-16,POL00155,Motor,Private Motor,South,Agent,Cancelled,202758.73,155939.45,False,0,,10664.87,19504.25,183716.28
EVT00002193,2024,2024-10-08,POL00215,Property,Commercial Property,Central,Agent,Active,209583.65,206212.76,False,0,,33408.47,15050.7,181884.89
EVT00002194,2024,2024-10-10,POL00309,Property,Commercial Property,East,Agent,Expired,118773.07,110039.74,False,0,,40625.11,20092.55,118258.64
EVT00002195,2024,2024-10-19,POL00193,Property,Commercial Property,East,Agent,Active,81174.31,73479.67,True,32414.75,Open,18368.04,7341.11,78278.88
EVT00002196,2024,2024-06-08,POL00047,SME,SME Package,North,Agent,Cancelled,211629.68,162162.86,True,148572.2,Settled,18653.16,27272.94,205802.36
EVT00002197,2024,2024-03-29,POL00081,Motor,Private Motor,Central,Direct,Active,165847.32,134426.0,False,0,,10880.68,20961.74,163950.22
EVT00002198,2024,2024-07-01,POL00033,SME,SME Package,East,Broker,Active,48956.69,37827.34,True,64605.3,Open,5335.91,2981.47,48094.96
EVT00002199,2024,2024-12-30,POL00186,Health,Retail Health,North,Agent,Active,16266.19,12439.11,False,0,,863.39,1745.75,14040.86
EVT00002200,2024,2024-05-01,POL00052,Motor,Private Motor,Central,Bancassurance,Active,124394.27,113934.07,False,0,,23259.93,18209.44,118944.32
EVT00002201,2024,2024-11-02,POL00384,Property,Commercial Property,East,Direct,Active,126372.69,125543.48,False,0,,10044.63,12998.6,119053.33
EVT00002202,2024,2024-12-21,POL00137,Property,Commercial Property,South,Agent,Active,153100.41,150610.06,False,0,,44568.67,8110.96,152450.47
EVT00002203,2024,2024-05-08,POL00384,Travel,Travel,West,Agent,Active,197776.37,192247.94,False,0,,53006.65,26252.49,172857.65
EVT00002204,2024,2024-07-24,POL00069,Motor,Private Motor,West,Broker,Active,114733.05,89662.32,False,0,,27518.25,13182.69,113491.71
EVT00002205,2024,2024-03-12,POL00088,Travel,Travel,Central,Bancassurance,Cancelled,14461.12,11545.59,True,16194.71,Open,3958.39,743.97,13525.56
EVT00002206,2024,2024-12-04,POL00339,Property,Commercial Property,West,Broker,Expired,124868.86,107882.48,False,0,,12158.51,6738.64,124122.7
EVT00002207,2024,2024-04-05,POL00238,Property,Commercial Property,Central,Direct,Active,163823.41,133273.97,True,138164.97,Open,15305.11,15637.64,146505.02
EVT00002208,2024,2024-01-15,POL00368,Motor,Private Motor,East,Agent,Expired,39253.01,35639.3,False,0,,2150.31,3902.28,35061.0
EVT00002209,2024,2024-11-06,POL00089,Health,Retail Health,East,Agent,Active,84025.78,69330.43,False,0,,15573.89,12990.69,80151.23
EVT00002210,2024,2024-05-12,POL00175,Motor,Private Motor,Central,Agent,Active,25687.49,22493.74,False,0,,5176.49,2739.18,25544.68
EVT00002211,2024,2024-07-14,POL00105,Motor,Private Motor,North,Bancassurance,Active,186291.5,159810.87,True,174088.51,Repudiated,38982.04,31758.41,170721.19
EVT00002212,2024,2024-01-12,POL00178,Travel,Travel,Central,Broker,Active,90542.8,89614.32,False,0,,8003.36,15444.08,88415.21
EVT00002213,2024,2024-01-09,POL00046,Motor,Private Motor,South,Bancassurance,Active,67241.75,64395.88,True,91908.35,Open,18565.42,8741.55,59317.17
EVT00002214,2024,2024-10-18,POL00107,Property,Commercial Property,North,Direct,Expired,118463.74,112470.63,False,0,,31861.51,14549.19,117588.38
EVT00002215,2024,2024-10-28,POL00149,Property,Commercial Property,North,Agent,Active,179482.37,167415.64,False,0,,21539.24,19252.17,167657.92
EVT00002216,2024,2024-10-11,POL00184,Motor,Private Motor,West,Bancassurance,Active,19934.64,17763.75,False,0,,1750.83,2888.93,18419.88
EVT00002217,2024,2024-03-26,POL00131,SME,SME Package,Central,Bancassurance,Expired,120088.75,113190.33,False,0,,17955.5,16757.14,104763.92
EVT00002218,2024,2024-09-18,POL00189,SME,SME Package,South,Broker,Active,42926.92,37952.99,True,59736.77,Closed,4132.95,4230.76,36756.61
EVT00002219,2024,2024-05-22,POL00264,Property,Commercial Property,West,Direct,Active,184342.27,160606.29,False,0,,36603.5,9659.79,182934.54
EVT00002220,2024,2024-11-21,POL00166,SME,SME Package,South,Bancassurance,Cancelled,163622.0,146218.02,False,0,,31494.48,11298.54,144749.45
EVT00002221,2024,2024-05-20,POL00103,Motor,Private Motor,West,Direct,Expired,152939.96,141818.14,False,0,,14925.75,17646.68,144283.23
EVT00002222,2024,2024-08-07,POL00276,Travel,Travel,East,Agent,Cancelled,21646.44,19677.23,False,0,,3587.5,3579.28,21414.43
EVT00002223,2024,2024-02-06,POL00228,Property,Commercial Property,North,Agent,Expired,139189.55,119160.2,False,0,,18159.54,14310.59,134745.17
EVT00002224,2024,2024-01-26,POL00393,Property,Commercial Property,West,Direct,Expired,137612.0,118366.95,False,0,,16688.88,19808.06,135826.79
EVT00002225,2024,2024-11-29,POL00290,Health,Retail Health,East,Broker,Active,31374.54,29682.54,False,0,,2376.89,4572.31,29377.27
EVT00002226,2024,2024-09-02,POL00328,Health,Retail Health,South,Direct,Active,119157.01,111987.47,False,0,,13642.28,17920.99,112011.21
EVT00002227,2024,2024-09-16,POL00196,Travel,Travel,Central,Agent,Active,118218.8,96172.17,False,0,,7659.92,7183.64,111724.48
EVT00002228,2024,2024-07-10,POL00018,Property,Commercial Property,North,Broker,Active,71602.57,53791.57,False,0,,10747.06,5620.27,68893.32
EVT00002229,2024,2024-07-20,POL00270,Travel,Travel,West,Bancassurance,Active,81335.16,66312.85,False,0,,4451.62,6657.79,71016.67
EVT00002230,2024,2024-06-19,POL00021,SME,SME Package,West,Bancassurance,Expired,205455.74,196451.41,False,0,,53450.24,23514.5,176119.06
EVT00002231,2024,2024-03-19,POL00384,Health,Retail Health,West,Direct,Active,21348.9,19210.28,True,21802.2,Settled,3685.47,3118.12,21110.28
EVT00002232,2024,2024-12-02,POL00257,Property,Commercial Property,North,Broker,Cancelled,194449.53,191982.53,False,0,,51878.45,31203.88,184211.99
EVT00002233,2024,2024-05-13,POL00112,SME,SME Package,South,Agent,Active,104245.61,100981.47,False,0,,8006.3,7363.17,91460.82
EVT00002234,2024,2024-09-03,POL00112,SME,SME Package,East,Bancassurance,Active,116543.68,95815.55,False,0,,21414.12,15061.68,113610.2
EVT00002235,2024,2024-02-19,POL00176,Motor,Private Motor,Central,Agent,Active,21710.91,18906.26,False,0,,2083.23,2997.98,19357.46
EVT00002236,2024,2024-09-21,POL00158,SME,SME Package,South,Direct,Active,29265.77,28663.28,False,0,,3024.7,4352.22,28212.0
EVT00002237,2024,2024-06-15,POL00400,Property,Commercial Property,Central,Bancassurance,Active,102327.55,85712.24,False,0,,22993.48,5604.59,87266.09
EVT00002238,2024,2024-07-29,POL00156,SME,SME Package,East,Broker,Active,72854.53,72562.94,False,0,,13931.62,8308.46,65601.34
EVT00002239,2024,2024-06-01,POL00289,Health,Retail Health,South,Agent,Expired,64313.88,58083.34,False,0,,12609.58,11130.11,61361.23
EVT00002240,2024,2024-08-24,POL00058,Property,Commercial Property,South,Direct,Active,106923.7,106766.24,False,0,,8867.93,18547.74,101205.14
EVT00002241,2024,2024-09-13,POL00233,Health,Retail Health,East,Direct,Active,23212.39,22599.76,True,23809.02,Closed,2364.99,4004.97,21361.08
EVT00002242,2024,2024-11-28,POL00173,Travel,Travel,East,Agent,Active,65317.06,64768.46,False,0,,9321.15,6607.21,58740.93
EVT00002243,2024,2024-10-25,POL00192,Travel,Travel,South,Direct,Active,190469.12,168394.07,False,0,,29495.18,9960.56,184047.84
EVT00002244,2024,2024-09-28,POL00177,Travel,Travel,Central,Direct,Expired,84770.58,74207.85,False,0,,14473.35,5950.89,83472.65
EVT00002245,2024,2024-01-10,POL00396,Property,Commercial Property,North,Broker,Active,58527.27,54747.34,False,0,,19823.13,5223.78,49764.69
EVT00002246,2024,2024-09-07,POL00239,Motor,Private Motor,East,Bancassurance,Expired,219383.36,188921.34,False,0,,27718.13,38892.16,208505.49
EVT00002247,2024,2024-07-09,POL00369,Health,Retail Health,East,Agent,Active,159292.62,142244.55,False,0,,32728.34,12453.14,157831.03
EVT00002248,2024,2024-02-23,POL00366,Travel,Travel,North,Agent,Active,48484.26,46358.78,True,9559.12,Settled,11380.83,2621.12,47367.07
EVT00002249,2024,2024-06-09,POL00225,Motor,Private Motor,West,Bancassurance,Active,144995.62,129576.21,False,0,,26061.93,18510.1,143781.12
EVT00002250,2024,2024-08-05,POL00161,Motor,Private Motor,West,Broker,Active,177202.82,158521.25,False,0,,44189.91,26613.13,175165.34
EVT00002251,2024,2024-01-30,POL00228,Travel,Travel,South,Direct,Cancelled,175604.38,153074.65,True,278264.2,Settled,45827.35,22348.3,150461.58
EVT00002252,2024,2024-02-08,POL00233,Health,Retail Health,South,Broker,Active,26099.45,20968.5,False,0,,7727.57,3860.8,24580.82
EVT00002253,2024,2024-04-25,POL00140,Health,Retail Health,North,Bancassurance,Expired,73696.14,64345.92,False,0,,17270.39,7825.63,72049.76
EVT00002254,2024,2024-12-07,POL00161,Travel,Travel,Central,Bancassurance,Active,181878.94,139253.59,False,0,,37475.79,9622.32,173792.43
EVT00002255,2024,2024-03-30,POL00006,Motor,Private Motor,West,Broker,Expired,172126.03,147897.26,False,0,,50627.04,17329.33,146957.5
EVT00002256,2024,2024-07-18,POL00176,Health,Retail Health,West,Broker,Expired,107825.62,96808.47,True,151742.15,Open,9968.17,12492.18,104001.92
EVT00002257,2024,2024-06-14,POL00220,SME,SME Package,North,Agent,Expired,150510.46,148889.24,False,0,,15032.1,12688.19,142781.93
EVT00002258,2024,2024-06-05,POL00082,Travel,Travel,North,Agent,Active,175420.24,155534.35,False,0,,16493.72,16368.3,165386.98
EVT00002259,2024,2024-05-26,POL00202,Property,Commercial Property,West,Direct,Active,65843.86,64439.96,False,0,,6864.82,9167.92,59098.41
EVT00002260,2024,2024-08-18,POL00040,Motor,Private Motor,Central,Agent,Expired,153756.9,140907.92,False,0,,39805.34,9393.42,139504.71
EVT00002261,2024,2024-08-07,POL00097,SME,SME Package,North,Direct,Active,51688.44,49433.91,False,0,,4139.22,6569.84,47381.96
EVT00002262,2024,2024-09-24,POL00263,Property,Commercial Property,North,Direct,Expired,207089.12,168786.47,False,0,,20655.85,35825.47,184134.39
EVT00002263,2024,2024-09-03,POL00125,Health,Retail Health,South,Direct,Active,20648.98,15989.77,True,8773.87,Closed,6678.41,1063.1,17556.65
EVT00002264,2024,2024-10-05,POL00399,Travel,Travel,East,Bancassurance,Expired,17796.49,15896.76,False,0,,4421.01,2007.66,15416.41
EVT00002265,2024,2024-02-18,POL00122,Travel,Travel,West,Broker,Expired,87113.43,75858.0,False,0,,22363.14,5099.49,79482.76
EVT00002266,2024,2024-12-09,POL00256,Health,Retail Health,North,Direct,Active,187257.76,158923.41,True,103153.83,Repudiated,55086.87,14776.16,165522.42
EVT00002267,2024,2024-12-16,POL00083,Travel,Travel,East,Direct,Expired,62420.95,53516.6,False,0,,14147.5,3797.12,53404.29
EVT00002268,2024,2024-11-26,POL00386,Health,Retail Health,Central,Agent,Active,201285.22,191023.93,False,0,,68351.8,28886.72,193757.82
EVT00002269,2024,2024-07-10,POL00008,Health,Retail Health,East,Broker,Active,148344.78,115504.68,False,0,,27471.76,8440.88,138382.94
EVT00002270,2024,2024-06-19,POL00287,SME,SME Package,North,Broker,Active,123503.79,110522.84,False,0,,6574.4,10626.93,107161.75
EVT00002271,2024,2024-03-30,POL00127,Motor,Private Motor,Central,Broker,Active,92370.31,72477.14,False,0,,31016.12,9440.13,78562.53
EVT00002272,2024,2024-09-14,POL00058,Travel,Travel,Central,Agent,Active,116129.34,97747.18,True,5156.04,Closed,12738.93,20807.49,108207.63
EVT00002273,2024,2024-05-09,POL00153,Health,Retail Health,Central,Agent,Active,84762.61,68643.16,False,0,,25885.22,9527.52,76346.6
EVT00002274,2024,2024-10-05,POL00194,SME,SME Package,South,Direct,Active,193729.34,180865.94,False,0,,62420.34,28956.81,169044.59
EVT00002275,2024,2024-11-04,POL00126,Health,Retail Health,North,Direct,Active,209720.64,187852.37,False,0,,46863.46,35888.47,188922.9
EVT00002276,2024,2024-03-07,POL00233,Motor,Private Motor,West,Bancassurance,Active,111017.68,84007.79,True,83859.6,Repudiated,35777.27,18442.56,99418.52
EVT00002277,2024,2024-02-29,POL00130,Travel,Travel,North,Direct,Active,91138.01,80676.98,True,105200.1,Settled,10266.71,9867.36,85103.98
EVT00002278,2024,2024-10-27,POL00388,SME,SME Package,West,Bancassurance,Active,191521.91,164497.36,True,135517.57,Closed,27397.06,33023.45,181640.96
EVT00002279,2024,2024-09-12,POL00367,Travel,Travel,South,Agent,Active,108152.85,87504.69,True,36935.52,Repudiated,29690.67,15566.78,99249.53
EVT00002280,2024,2024-02-17,POL00136,Property,Commercial Property,North,Agent,Active,67552.1,59670.95,True,38989.72,Repudiated,18077.52,5285.15,58605.51
EVT00002281,2024,2024-10-23,POL00177,Travel,Travel,North,Direct,Expired,42385.96,32334.81,False,0,,12911.31,7028.87,38316.14
EVT00002282,2024,2024-07-04,POL00368,Property,Commercial Property,West,Bancassurance,Expired,30299.47,23112.62,False,0,,6751.91,3059.84,29759.14
EVT00002283,2024,2024-12-14,POL00149,Property,Commercial Property,West,Direct,Active,116488.05,110379.67,True,83067.49,Closed,16170.05,10940.67,115496.85
EVT00002284,2024,2024-07-13,POL00013,Health,Retail Health,Central,Agent,Active,62658.08,57728.16,False,0,,9690.85,6528.48,61181.08
EVT00002285,2024,2024-10-07,POL00371,SME,SME Package,Central,Broker,Expired,210217.86,195388.5,False,0,,24289.66,14124.16,191606.23
EVT00002286,2024,2024-07-27,POL00244,Motor,Private Motor,Central,Bancassurance,Expired,196758.58,169164.81,False,0,,12250.99,26572.85,184052.99
EVT00002287,2024,2024-08-12,POL00074,Travel,Travel,South,Bancassurance,Active,46952.38,43964.2,False,0,,8602.23,6437.66,40510.98
EVT00002288,2024,2024-03-26,POL00389,Health,Retail Health,East,Agent,Active,134579.67,106734.84,False,0,,8040.41,16170.16,132581.29
EVT00002289,2024,2024-05-23,POL00148,Health,Retail Health,South,Broker,Active,207627.84,168274.91,False,0,,23815.44,26289.89,183640.14
EVT00002290,2024,2024-07-23,POL00195,Motor,Private Motor,West,Agent,Expired,209809.75,177176.25,False,0,,26766.9,16670.13,207201.72
EVT00002291,2024,2024-05-04,POL00314,Property,Commercial Property,South,Broker,Active,121989.38,103440.52,False,0,,28013.12,7532.2,112947.19
EVT00002292,2024,2024-06-23,POL00247,Motor,Private Motor,North,Bancassurance,Expired,64159.03,56637.39,False,0,,9681.57,7642.76,62040.55
EVT00002293,2024,2024-08-15,POL00126,Motor,Private Motor,North,Agent,Active,84767.32,83985.04,False,0,,17701.3,4309.57,75200.24
EVT00002294,2024,2024-10-05,POL00211,Property,Commercial Property,South,Direct,Active,14331.08,12744.38,False,0,,2540.66,1704.03,14246.35
EVT00002295,2024,2024-06-15,POL00204,Motor,Private Motor,South,Agent,Active,133099.45,104152.36,True,213014.45,Repudiated,8019.88,22216.08,125541.37
EVT00002296,2024,2024-09-22,POL00287,Travel,Travel,West,Broker,Cancelled,172445.4,157866.57,False,0,,33039.26,20380.09,159099.06
EVT00002297,2024,2024-12-07,POL00255,Health,Retail Health,North,Direct,Expired,178779.94,159444.17,False,0,,18254.21,27937.3,164671.24
EVT00002298,2024,2024-01-22,POL00296,Travel,Travel,East,Direct,Active,9768.5,7801.85,True,11118.64,Open,1868.74,513.04,8418.37
EVT00002299,2024,2024-07-06,POL00092,SME,SME Package,West,Direct,Active,24809.06,24430.7,True,9632.14,Open,1852.76,4102.63,22430.56
EVT00002300,2024,2024-03-08,POL00140,Motor,Private Motor,West,Direct,Active,139336.96,127442.76,False,0,,9289.05,23052.74,126917.66
EVT00002301,2024,2024-07-22,POL00239,Property,Commercial Property,North,Agent,Active,94019.8,86511.05,False,0,,12479.48,14787.51,83157.86
EVT00002302,2024,2024-12-18,POL00029,Travel,Travel,Central,Direct,Active,123084.82,121203.2,True,5927.91,Settled,24900.87,14049.33,121277.08
EVT00002303,2024,2024-09-05,POL00285,Health,Retail Health,West,Agent,Active,176671.64,170683.74,False,0,,60659.67,12359.73,153737.42
EVT00002304,2024,2024-09-04,POL00039,Property,Commercial Property,Central,Direct,Active,29141.28,26476.8,True,21049.96,Open,6400.85,3337.43,29059.17
EVT00002305,2024,2024-05-01,POL00343,Health,Retail Health,North,Broker,Active,129148.94,98354.03,False,0,,12452.7,18609.97,116611.77
EVT00002306,2024,2024-10-30,POL00117,Health,Retail Health,Central,Bancassurance,Expired,184244.23,164684.36,False,0,,50885.54,23235.74,170578.49
EVT00002307,2024,2024-11-03,POL00053,Property,Commercial Property,Central,Direct,Expired,179837.47,138354.6,False,0,,52264.67,24092.86,155108.43
EVT00002308,2024,2024-05-01,POL00085,Motor,Private Motor,West,Direct,Expired,105411.97,97400.43,True,150846.34,Settled,34197.97,9368.33,102418.84
EVT00002309,2024,2024-08-28,POL00299,Travel,Travel,South,Bancassurance,Active,135473.51,119119.54,False,0,,34942.71,9905.31,128424.86
EVT00002310,2024,2024-06-24,POL00373,Travel,Travel,South,Bancassurance,Expired,105750.65,83856.33,False,0,,14712.04,14022.15,93021.76
EVT00002311,2024,2024-06-06,POL00156,SME,SME Package,West,Bancassurance,Active,214591.09,181135.9,False,0,,32460.67,22058.48,205288.69
EVT00002312,2024,2024-08-02,POL00115,SME,SME Package,North,Broker,Active,129127.12,121473.08,True,215931.92,Open,31276.17,8560.73,118878.95
EVT00002313,2024,2024-07-26,POL00026,Motor,Private Motor,North,Direct,Active,21952.89,20300.94,False,0,,4244.91,1461.36,21554.38
EVT00002314,2024,2024-05-17,POL00196,Health,Retail Health,South,Direct,Active,40603.42,30788.08,False,0,,9333.86,2310.2,39144.59
EVT00002315,2024,2024-06-17,POL00323,Motor,Private Motor,North,Direct,Active,59246.08,58419.93,True,50687.65,Closed,10000.77,9982.23,52657.54
EVT00002316,2024,2024-05-19,POL00216,SME,SME Package,North,Agent,Active,118601.11,92683.02,False,0,,13856.44,21022.74,111677.52
EVT00002317,2024,2024-07-31,POL00230,Property,Commercial Property,South,Broker,Active,143122.75,137185.45,False,0,,34952.61,13166.64,130612.17
EVT00002318,2024,2024-06-03,POL00356,Travel,Travel,West,Agent,Cancelled,60829.62,54672.57,False,0,,6073.79,9123.79,53197.26
EVT00002319,2024,2024-08-09,POL00239,Health,Retail Health,West,Direct,Active,160577.02,126183.41,False,0,,35711.5,22707.55,151813.25
EVT00002320,2024,2024-06-11,POL00154,Travel,Travel,West,Agent,Expired,144723.3,119436.74,False,0,,28462.32,23078.23,138333.73
EVT00002321,2024,2024-08-14,POL00134,Motor,Private Motor,East,Broker,Active,34487.48,31204.64,False,0,,9216.28,5086.57,33115.09
EVT00002322,2024,2024-12-09,POL00187,Property,Commercial Property,Central,Broker,Active,72824.73,58827.77,False,0,,16476.2,6265.33,71226.28
EVT00002323,2024,2024-04-23,POL00303,Health,Retail Health,East,Broker,Active,126282.41,101734.12,False,0,,15714.08,19417.01,117018.48
EVT00002324,2024,2024-02-21,POL00127,Motor,Private Motor,West,Broker,Active,60693.05,59147.6,False,0,,3953.67,10812.4,55440.98
EVT00002325,2024,2024-04-27,POL00092,Health,Retail Health,East,Bancassurance,Expired,12587.43,11234.46,False,0,,3327.79,1379.87,10803.1
EVT00002326,2024,2024-07-01,POL00178,Motor,Private Motor,East,Agent,Active,34608.86,33064.43,False,0,,10232.32,3923.66,29883.58
EVT00002327,2024,2024-12-17,POL00167,SME,SME Package,West,Agent,Expired,210676.7,172058.25,False,0,,13841.07,14693.67,207369.95
EVT00002328,2024,2024-09-18,POL00346,Property,Commercial Property,East,Bancassurance,Active,24683.6,22342.67,False,0,,3990.81,1515.28,22168.62
EVT00002329,2024,2024-04-24,POL00019,Travel,Travel,Central,Agent,Active,187029.87,178720.86,False,0,,59059.88,31317.11,168774.72
EVT00002330,2024,2024-06-09,POL00374,Property,Commercial Property,Central,Direct,Expired,214510.58,193942.79,False,0,,17809.22,30023.08,209951.85
EVT00002331,2024,2024-08-08,POL00184,Travel,Travel,North,Bancassurance,Active,56890.19,56304.11,False,0,,5088.16,4898.06,50456.18
EVT00002332,2024,2024-01-01,POL00062,Travel,Travel,South,Agent,Active,192992.95,176450.23,False,0,,51111.42,15606.96,167848.57
EVT00002333,2024,2024-08-03,POL00235,Travel,Travel,North,Direct,Active,40614.66,33653.23,False,0,,6726.75,6300.46,38589.88
EVT00002334,2024,2024-10-30,POL00305,Travel,Travel,West,Agent,Active,153397.79,141614.17,False,0,,49681.12,17744.17,147534.07
EVT00002335,2024,2024-09-13,POL00020,Motor,Private Motor,North,Agent,Expired,170241.59,145454.32,True,18188.48,Closed,39150.24,19258.92,157816.79
EVT00002336,2024,2024-07-27,POL00286,Motor,Private Motor,Central,Broker,Active,177440.72,172819.77,False,0,,29412.95,14479.07,164744.91
EVT00002337,2024,2024-12-04,POL00261,Travel,Travel,Central,Direct,Active,181267.65,151957.63,False,0,,41467.76,32463.49,171145.04
EVT00002338,2024,2024-09-06,POL00303,Travel,Travel,East,Bancassurance,Expired,121696.2,96149.49,False,0,,25215.65,6275.15,120769.72
EVT00002339,2024,2024-04-24,POL00081,Motor,Private Motor,Central,Agent,Active,208051.6,171142.37,True,74755.87,Closed,32354.41,18049.17,191390.1
EVT00002340,2024,2024-07-09,POL00373,Motor,Private Motor,Central,Broker,Active,92872.57,79950.39,False,0,,25825.12,11694.37,92714.39
EVT00002341,2024,2024-09-20,POL00053,Property,Commercial Property,East,Direct,Active,51336.94,44425.07,True,37647.54,Settled,11257.66,8865.71,46554.27
EVT00002342,2024,2024-06-28,POL00371,Travel,Travel,West,Direct,Active,126971.59,119444.13,False,0,,9548.3,11371.81,116136.61
EVT00002343,2024,2024-01-17,POL00343,SME,SME Package,East,Bancassurance,Active,72378.08,71041.41,True,9213.14,Repudiated,8168.06,12388.21,61697.87
EVT00002344,2024,2024-12-12,POL00069,Property,Commercial Property,Central,Direct,Active,168785.41,135616.04,False,0,,44061.73,19017.8,149593.35
EVT00002345,2024,2024-02-22,POL00103,Motor,Private Motor,West,Bancassurance,Active,109978.65,98758.15,True,84042.29,Settled,14841.77,12368.56,96017.39
EVT00002346,2024,2024-01-17,POL00074,Property,Commercial Property,North,Broker,Cancelled,210524.64,173160.32,False,0,,52095.43,37806.52,188286.52
EVT00002347,2024,2024-04-13,POL00260,Motor,Private Motor,Central,Broker,Active,113146.8,102711.76,True,105339.14,Closed,16175.12,7089.96,99816.21
EVT00002348,2024,2024-01-10,POL00396,Property,Commercial Property,South,Broker,Expired,20601.06,15604.83,True,10613.95,Closed,4831.49,2686.38,18209.36
EVT00002349,2024,2024-11-13,POL00252,Property,Commercial Property,North,Bancassurance,Cancelled,128075.43,116670.89,False,0,,16834.36,18967.63,111795.84
EVT00002350,2024,2024-01-03,POL00255,Health,Retail Health,East,Agent,Active,177270.82,139900.46,False,0,,32919.63,16406.38,161428.67
EVT00002351,2024,2024-02-22,POL00085,Health,Retail Health,South,Agent,Active,198087.59,162776.99,False,0,,54091.27,21533.91,193571.4
EVT00002352,2024,2024-06-21,POL00095,Property,Commercial Property,North,Direct,Active,164154.71,157016.68,True,154089.34,Closed,46235.95,19023.78,161894.69
EVT00002353,2024,2024-11-21,POL00036,Travel,Travel,West,Bancassurance,Active,122960.17,95747.81,True,129437.14,Repudiated,25595.55,10846.15,109595.83
EVT00002354,2024,2024-05-24,POL00315,Motor,Private Motor,Central,Bancassurance,Expired,96252.25,80043.01,False,0,,22470.06,15187.32,93513.59
EVT00002355,2024,2024-02-06,POL00156,Property,Commercial Property,South,Agent,Active,177439.88,144592.28,False,0,,22236.52,21425.61,161280.95
EVT00002356,2024,2024-12-13,POL00126,Travel,Travel,South,Bancassurance,Active,85802.15,69207.24,True,129542.52,Open,27801.61,4642.21,74894.55
EVT00002357,2024,2024-02-17,POL00195,SME,SME Package,North,Direct,Expired,136107.95,110537.91,False,0,,7066.77,8314.16,121075.39
EVT00002358,2024,2024-11-02,POL00257,SME,SME Package,North,Agent,Expired,178498.34,161346.37,False,0,,54281.29,17704.8,169335.42
EVT00002359,2024,2024-09-21,POL00074,Property,Commercial Property,West,Bancassurance,Active,149845.11,120303.84,True,15073.53,Settled,11020.75,9308.49,144352.2
EVT00002360,2024,2024-12-08,POL00054,Motor,Private Motor,Central,Agent,Active,209140.79,174726.99,True,265863.17,Closed,30212.24,13606.65,205184.09
EVT00002361,2024,2024-08-20,POL00002,Property,Commercial Property,East,Bancassurance,Active,84565.6,63453.03,False,0,,24330.83,13096.45,83331.81
EVT00002362,2024,2024-03-19,POL00052,Property,Commercial Property,Central,Bancassurance,Active,22672.3,18126.12,True,33521.86,Repudiated,2982.08,2530.1,22489.9
EVT00002363,2024,2024-09-25,POL00235,Property,Commercial Property,West,Direct,Expired,104458.72,85335.7,True,161724.56,Repudiated,13543.85,13618.37,97887.61
EVT00002364,2024,2024-11-18,POL00231,Motor,Private Motor,Central,Broker,Active,30587.04,24689.55,False,0,,10695.18,2678.23,26851.55
EVT00002365,2024,2024-11-26,POL00208,Property,Commercial Property,North,Agent,Expired,11587.33,9176.67,False,0,,2146.86,931.47,9962.85
EVT00002366,2024,2024-11-25,POL00285,Motor,Private Motor,East,Bancassurance,Expired,92074.42,71071.99,False,0,,6847.05,16530.91,86585.32
EVT00002367,2024,2024-09-23,POL00171,Property,Commercial Property,West,Agent,Active,55882.19,42434.87,False,0,,3151.5,4834.75,49935.71
EVT00002368,2024,2024-02-05,POL00205,Travel,Travel,Central,Direct,Expired,88257.06,80216.35,False,0,,18149.85,7529.31,78358.93
EVT00002369,2024,2024-09-05,POL00240,Motor,Private Motor,South,Bancassurance,Expired,13374.87,10210.23,False,0,,3870.42,675.57,11512.72
EVT00002370,2024,2024-02-07,POL00392,Health,Retail Health,West,Direct,Active,73707.77,58915.92,True,131407.13,Open,13506.61,4674.86,72951.28
EVT00002371,2024,2024-07-01,POL00227,Motor,Private Motor,Central,Bancassurance,Expired,218452.5,179023.57,True,362744.07,Settled,29706.09,13368.64,217526.44
EVT00002372,2024,2024-06-24,POL00172,SME,SME Package,West,Bancassurance,Active,57260.77,52473.53,False,0,,14262.37,8300.15,57131.31
EVT00002373,2024,2024-01-29,POL00192,Health,Retail Health,South,Agent,Active,152097.68,145197.9,False,0,,24040.24,25536.18,149278.57
EVT00002374,2024,2024-11-27,POL00160,SME,SME Package,Central,Broker,Active,93694.31,78421.75,False,0,,24856.16,16344.21,88261.31
EVT00002375,2024,2024-03-18,POL00234,Health,Retail Health,North,Bancassurance,Active,128400.1,106040.46,False,0,,41590.28,10977.7,118679.76
EVT00002376,2024,2024-08-20,POL00101,SME,SME Package,East,Bancassurance,Expired,213586.77,173197.58,False,0,,66153.59,28973.24,193980.15
EVT00002377,2024,2024-08-08,POL00340,Motor,Private Motor,East,Agent,Cancelled,211299.28,172920.97,True,49928.85,Repudiated,68719.45,21292.04,209309.65
EVT00002378,2024,2024-06-22,POL00004,Property,Commercial Property,East,Agent,Active,56547.05,46925.99,False,0,,4836.62,8098.83,51360.96
EVT00002379,2024,2024-08-17,POL00013,Travel,Travel,Central,Broker,Expired,86650.82,70684.83,False,0,,9755.82,11007.15,82673.05
EVT00002380,2024,2024-02-20,POL00008,Motor,Private Motor,East,Direct,Active,9039.35,8754.45,False,0,,1095.58,1229.2,8328.09
EVT00002381,2024,2024-01-13,POL00371,SME,SME Package,West,Bancassurance,Cancelled,131636.54,103693.9,False,0,,30447.67,21166.08,112972.33
EVT00002382,2024,2024-06-16,POL00319,Health,Retail Health,West,Agent,Active,149363.55,141289.39,False,0,,12445.83,22433.41,128199.84
EVT00002383,2024,2024-02-11,POL00218,Motor,Private Motor,West,Agent,Expired,105450.7,93899.84,False,0,,35893.61,15512.65,99547.56
EVT00002384,2024,2024-07-11,POL00072,Motor,Private Motor,South,Agent,Active,164851.79,144739.62,False,0,,17798.26,26537.89,156592.95
EVT00002385,2024,2024-08-26,POL00294,SME,SME Package,North,Bancassurance,Active,49688.14,48845.53,True,25793.53,Settled,10373.27,5674.02,48860.59
EVT00002386,2024,2024-02-11,POL00322,Health,Retail Health,West,Direct,Cancelled,161623.54,124054.44,True,287417.16,Closed,50690.95,8522.23,142551.71
EVT00002387,2024,2024-05-14,POL00270,Travel,Travel,East,Agent,Active,21383.67,19404.04,False,0,,2501.96,1149.95,18784.22
EVT00002388,2024,2024-01-08,POL00392,Motor,Private Motor,West,Broker,Active,48126.13,47080.12,False,0,,3360.9,7709.33,44044.16
EVT00002389,2024,2024-11-21,POL00125,Health,Retail Health,South,Agent,Expired,163644.6,149677.09,False,0,,15050.98,27322.25,142759.91
EVT00002390,2024,2024-04-04,POL00206,Travel,Travel,North,Broker,Active,135730.63,117444.16,True,207083.7,Settled,41221.11,9705.29,119168.1
EVT00002391,2024,2024-02-27,POL00315,Travel,Travel,East,Direct,Active,118290.06,111196.22,True,196505.11,Repudiated,33123.96,17134.79,108265.09
EVT00002392,2024,2024-06-19,POL00060,Motor,Private Motor,East,Broker,Active,98330.16,74345.18,False,0,,5639.88,12099.6,90644.22
EVT00002393,2024,2024-10-22,POL00163,Property,Commercial Property,Central,Agent,Expired,200887.41,185750.57,True,175658.07,Repudiated,66035.99,11405.78,198545.9
EVT00002394,2024,2024-06-14,POL00051,Health,Retail Health,North,Direct,Cancelled,210187.81,182230.84,True,70026.95,Repudiated,35433.66,11123.84,183255.0
EVT00002395,2024,2024-08-21,POL00261,Property,Commercial Property,North,Agent,Active,75728.69,69251.88,False,0,,25400.64,8397.78,66952.25
EVT00002396,2024,2024-08-19,POL00293,Health,Retail Health,Central,Direct,Cancelled,188775.56,156487.73,False,0,,41398.01,25230.77,164594.79
EVT00002397,2024,2024-06-30,POL00138,Motor,Private Motor,North,Agent,Active,53913.15,45711.79,False,0,,2887.31,7675.23,49268.77
EVT00002398,2024,2024-10-05,POL00202,Travel,Travel,West,Agent,Active,85330.79,75850.77,False,0,,8371.83,6573.82,82725.85
EVT00002399,2024,2024-03-12,POL00022,Property,Commercial Property,West,Broker,Active,208919.39,193220.42,False,0,,20858.2,17310.43,197559.2
EVT00002400,2024,2024-04-27,POL00262,Travel,Travel,South,Broker,Expired,16334.86,14177.45,False,0,,3388.33,993.47,15444.63
EVT00002401,2024,2024-08-28,POL00367,Travel,Travel,East,Direct,Active,39661.33,29772.47,True,7380.64,Repudiated,12036.66,4820.98,34531.49
EVT00002402,2024,2024-06-18,POL00130,Motor,Private Motor,West,Broker,Active,156015.66,146733.99,True,112897.7,Open,15149.6,22634.43,140271.45
EVT00002403,2024,2024-08-07,POL00047,Motor,Private Motor,North,Direct,Expired,14860.55,11572.0,False,0,,3140.48,1237.46,12918.79
EVT00002404,2024,2024-04-07,POL00089,Health,Retail Health,North,Agent,Active,10275.89,8867.57,True,7993.61,Closed,2812.99,1220.4,8738.85
EVT00002405,2024,2024-10-13,POL00343,Property,Commercial Property,South,Direct,Active,104862.09,99799.31,False,0,,36091.78,15705.99,91359.2
EVT00002406,2024,2024-12-12,POL00016,SME,SME Package,North,Bancassurance,Expired,54876.07,46946.85,False,0,,9761.45,5493.97,51239.04
EVT00002407,2024,2024-01-03,POL00157,Motor,Private Motor,South,Broker,Expired,61898.7,50732.92,True,105223.47,Repudiated,4944.29,6240.95,58001.73
EVT00002408,2024,2024-10-24,POL00016,SME,SME Package,East,Direct,Expired,78233.02,59212.02,False,0,,19305.28,8893.07,70010.62
EVT00002409,2024,2024-04-09,POL00212,Health,Retail Health,Central,Agent,Active,70692.25,55122.55,True,104647.73,Repudiated,16583.14,12524.49,64496.45
EVT00002410,2024,2024-08-21,POL00063,Property,Commercial Property,South,Direct,Active,156003.75,144159.72,True,223351.68,Open,22981.41,24784.15,137121.99
EVT00002411,2024,2024-06-23,POL00332,Travel,Travel,East,Broker,Active,65454.81,50028.19,False,0,,17275.66,7501.3,59608.96
EVT00002412,2024,2024-08-10,POL00383,Health,Retail Health,Central,Direct,Active,30579.47,23819.97,False,0,,2989.06,2819.46,28316.02
EVT00002413,2024,2024-09-30,POL00093,Travel,Travel,West,Broker,Active,54862.4,54631.62,True,59260.33,Closed,3070.19,9222.47,49585.28
EVT00002414,2024,2024-11-07,POL00260,Motor,Private Motor,Central,Bancassurance,Active,123236.54,94504.16,False,0,,37342.94,19408.06,107177.21
EVT00002415,2024,2024-11-02,POL00113,Property,Commercial Property,East,Direct,Active,85266.66,82693.35,True,113821.32,Settled,18678.45,9173.34,78167.15
EVT00002416,2024,2024-05-08,POL00311,Motor,Private Motor,North,Broker,Expired,217761.07,206735.88,True,278640.11,Settled,41444.45,38392.05,199539.43
EVT00002417,2024,2024-02-25,POL00167,Motor,Private Motor,North,Bancassurance,Active,128837.26,125365.17,False,0,,26950.45,14225.97,127843.79
EVT00002418,2024,2024-05-19,POL00179,Health,Retail Health,South,Agent,Expired,50700.52,47016.11,False,0,,8253.45,2586.19,47004.59
EVT00002419,2024,2024-09-10,POL00235,Travel,Travel,North,Broker,Active,142751.4,138758.72,False,0,,38036.88,7268.08,142502.78
EVT00002420,2024,2024-03-05,POL00144,Travel,Travel,North,Agent,Expired,162870.8,145453.6,False,0,,31556.11,26857.62,159099.71
EVT00002421,2024,2024-03-15,POL00239,Motor,Private Motor,East,Bancassurance,Expired,201421.45,194185.42,True,190283.51,Repudiated,55280.21,33164.18,191651.28
EVT00002422,2024,2024-10-18,POL00263,Property,Commercial Property,Central,Bancassurance,Active,30241.64,28525.19,True,15079.6,Repudiated,5104.11,2466.29,28934.13
EVT00002423,2024,2024-05-21,POL00005,Motor,Private Motor,West,Broker,Active,68328.24,61194.64,False,0,,19465.81,9882.98,66522.97
EVT00002424,2024,2024-07-16,POL00161,Travel,Travel,East,Direct,Active,188199.79,143183.1,False,0,,60541.61,13577.92,171997.01
EVT00002425,2024,2024-05-12,POL00328,Property,Commercial Property,East,Broker,Active,103808.01,87060.05,False,0,,26659.02,5608.65,100698.94
EVT00002426,2024,2024-11-06,POL00128,Property,Commercial Property,Central,Broker,Expired,117333.63,116007.9,False,0,,36216.84,17165.95,107865.88
EVT00002427,2024,2024-07-12,POL00361,SME,SME Package,West,Direct,Active,74615.86,65426.6,True,91230.3,Settled,13057.17,13297.21,69603.51
EVT00002428,2024,2024-02-20,POL00245,SME,SME Package,East,Broker,Cancelled,151564.39,132194.68,False,0,,17150.23,27204.33,143656.25
EVT00002429,2024,2024-03-21,POL00352,Travel,Travel,West,Bancassurance,Active,203295.64,184837.46,True,241660.17,Open,40166.92,24293.46,184630.18
EVT00002430,2024,2024-12-15,POL00077,Health,Retail Health,South,Direct,Active,58094.82,46317.41,False,0,,13431.78,3885.76,54211.11
EVT00002431,2024,2024-05-01,POL00393,Motor,Private Motor,South,Broker,Active,219931.76,172549.92,False,0,,63856.93,20004.54,192174.9
EVT00002432,2024,2024-08-05,POL00161,Property,Commercial Property,North,Direct,Active,41045.54,36881.83,True,12898.96,Closed,5077.34,4624.57,35349.47
EVT00002433,2024,2024-01-21,POL00314,Property,Commercial Property,North,Broker,Expired,74560.22,62344.95,False,0,,25841.76,12579.96,65040.33
EVT00002434,2024,2024-07-19,POL00211,Motor,Private Motor,West,Direct,Active,96636.49,79946.6,False,0,,27820.69,11912.2,93727.55
EVT00002435,2024,2024-07-26,POL00057,Health,Retail Health,North,Broker,Expired,134577.87,133116.08,True,164965.78,Open,40753.09,12413.54,123224.87
EVT00002436,2024,2024-10-12,POL00053,Health,Retail Health,South,Broker,Expired,122696.32,99287.56,False,0,,7107.11,12294.96,109505.55
EVT00002437,2024,2024-04-18,POL00356,Property,Commercial Property,South,Agent,Expired,86647.42,72000.58,False,0,,19425.46,4907.46,86251.34
EVT00002438,2024,2024-03-11,POL00362,Property,Commercial Property,West,Agent,Active,111305.18,98475.41,False,0,,15970.52,17048.18,98484.27
EVT00002439,2024,2024-07-12,POL00250,Travel,Travel,South,Agent,Active,182577.88,138547.66,False,0,,47157.0,28705.86,166154.29
EVT00002440,2024,2024-02-23,POL00370,Health,Retail Health,West,Agent,Active,153358.21,120756.81,False,0,,24898.84,14389.7,130891.93
EVT00002441,2024,2024-01-29,POL00235,SME,SME Package,North,Bancassurance,Active,202193.69,152846.15,False,0,,68110.1,27936.69,177100.75
EVT00002442,2024,2024-02-07,POL00107,SME,SME Package,South,Direct,Active,15030.9,12913.14,False,0,,1489.22,975.29,13187.33
EVT00002443,2024,2024-11-08,POL00283,Health,Retail Health,South,Broker,Active,142660.94,136921.67,False,0,,13875.97,24192.79,138021.53
EVT00002444,2024,2024-03-15,POL00076,Motor,Private Motor,North,Direct,Active,109841.4,86764.15,False,0,,6880.15,6286.76,102579.11
EVT00002445,2024,2024-10-01,POL00262,Health,Retail Health,West,Bancassurance,Expired,46548.19,43981.1,False,0,,10991.55,4288.93,44700.26
EVT00002446,2024,2024-02-10,POL00228,Health,Retail Health,Central,Broker,Active,49025.32,38715.04,False,0,,14667.32,7213.97,41861.19
EVT00002447,2024,2024-09-08,POL00086,Travel,Travel,Central,Agent,Expired,62841.49,58186.32,False,0,,14068.76,4264.18,61720.14
EVT00002448,2024,2024-05-11,POL00210,Motor,Private Motor,Central,Bancassurance,Expired,182246.1,166150.69,False,0,,61096.61,19535.85,173902.18
EVT00002449,2024,2024-01-02,POL00176,Health,Retail Health,East,Bancassurance,Active,124623.81,115117.41,False,0,,26698.97,14920.53,106193.71
EVT00002450,2024,2024-03-19,POL00357,SME,SME Package,East,Bancassurance,Active,107237.78,101217.35,True,85467.66,Closed,34473.15,12526.81,100910.7
EVT00002451,2024,2024-12-28,POL00280,Property,Commercial Property,South,Bancassurance,Active,176659.87,138515.95,False,0,,16603.96,18043.51,169228.31
EVT00002452,2024,2024-07-17,POL00330,Travel,Travel,East,Agent,Active,8277.68,6613.61,False,0,,2016.79,1427.04,7077.34
EVT00002453,2024,2024-10-22,POL00374,Travel,Travel,Central,Agent,Expired,23745.39,22791.6,False,0,,3879.99,4272.49,23636.45
EVT00002454,2024,2024-07-10,POL00189,Motor,Private Motor,South,Bancassurance,Active,48472.53,37847.48,True,67178.03,Settled,4365.48,6738.29,42933.74
EVT00002455,2024,2024-08-13,POL00345,Property,Commercial Property,North,Bancassurance,Expired,25965.05,23394.06,False,0,,5632.08,2181.58,22147.1
EVT00002456,2024,2024-08-27,POL00002,Motor,Private Motor,West,Agent,Active,173242.23,159606.12,False,0,,55354.99,16927.93,148280.01
EVT00002457,2024,2024-07-13,POL00333,Motor,Private Motor,North,Bancassurance,Expired,20341.61,16405.96,False,0,,4361.07,2003.42,18640.95
EVT00002458,2024,2024-09-11,POL00232,Health,Retail Health,East,Bancassurance,Active,19386.22,19262.37,True,32546.85,Open,1267.33,2151.24,18848.96
EVT00002459,2024,2024-04-27,POL00285,Property,Commercial Property,North,Broker,Active,18189.83,15224.96,False,0,,3493.66,2531.84,17999.63
EVT00002460,2024,2024-08-30,POL00361,SME,SME Package,South,Agent,Active,217828.54,172746.13,False,0,,41648.9,36503.87,210985.1
EVT00002461,2024,2024-03-26,POL00138,Travel,Travel,East,Broker,Expired,97519.32,87645.56,False,0,,18079.25,8796.26,95053.3
EVT00002462,2024,2024-05-29,POL00178,Health,Retail Health,West,Direct,Active,43141.86,35390.14,False,0,,3619.68,6523.6,38037.25
EVT00002463,2024,2024-07-21,POL00021,Property,Commercial Property,North,Broker,Active,206735.57,205872.4,False,0,,64195.42,31552.79,200416.33
EVT00002464,2024,2024-09-11,POL00380,SME,SME Package,Central,Bancassurance,Active,32425.0,29799.06,False,0,,10543.64,5151.45,29118.77
EVT00002465,2024,2024-05-19,POL00393,Motor,Private Motor,West,Direct,Active,17842.41,15001.76,False,0,,4765.28,2089.48,15377.05
EVT00002466,2024,2024-05-10,POL00302,SME,SME Package,North,Agent,Active,181731.31,151627.94,False,0,,24528.72,10152.83,164162.02
EVT00002467,2024,2024-02-29,POL00136,Property,Commercial Property,North,Bancassurance,Active,62788.66,59097.51,False,0,,21486.55,9152.26,54399.6
EVT00002468,2024,2024-07-01,POL00047,Motor,Private Motor,Central,Direct,Expired,190659.68,188856.03,True,233452.49,Settled,43648.92,29820.29,164244.95
EVT00002469,2024,2024-12-02,POL00296,Travel,Travel,North,Broker,Active,147724.87,137502.79,True,75298.36,Open,46278.56,8152.17,129027.26
EVT00002470,2024,2024-09-21,POL00215,Property,Commercial Property,South,Direct,Active,209033.45,191406.59,True,128022.19,Settled,29045.62,32904.05,203472.2
EVT00002471,2024,2024-08-16,POL00248,SME,SME Package,North,Broker,Cancelled,189019.42,179774.74,False,0,,48186.1,24411.96,175972.33
EVT00002472,2024,2024-02-11,POL00157,Travel,Travel,North,Direct,Active,60556.2,52315.52,True,79433.0,Settled,15421.11,10795.15,59462.36
EVT00002473,2024,2024-11-13,POL00135,Travel,Travel,North,Bancassurance,Active,79221.19,60355.05,True,114763.63,Closed,14033.79,12861.99,77307.12
EVT00002474,2024,2024-08-19,POL00258,SME,SME Package,Central,Bancassurance,Active,122852.73,106299.07,False,0,,16948.54,11403.27,109178.9
EVT00002475,2024,2024-04-19,POL00389,Property,Commercial Property,North,Broker,Active,32495.89,29330.6,False,0,,8663.83,4080.24,30994.19
EVT00002476,2024,2024-01-14,POL00213,Motor,Private Motor,East,Bancassurance,Active,104179.83,95415.4,True,131851.82,Closed,13058.98,17341.32,96615.32
EVT00002477,2024,2024-02-05,POL00057,Health,Retail Health,East,Direct,Expired,109445.61,88716.64,False,0,,27440.63,11264.81,108150.68
EVT00002478,2024,2024-12-02,POL00185,Travel,Travel,Central,Bancassurance,Active,36050.34,35343.72,False,0,,2474.16,6216.74,33159.11
EVT00002479,2024,2024-01-28,POL00215,Property,Commercial Property,Central,Direct,Active,191674.46,190131.5,True,15012.63,Closed,35431.64,32602.75,169860.16
EVT00002480,2024,2024-02-02,POL00110,Travel,Travel,South,Bancassurance,Active,95737.55,87329.4,False,0,,17900.1,15668.78,87384.97
EVT00002481,2024,2024-06-01,POL00054,Health,Retail Health,North,Broker,Active,11039.28,9782.27,True,18252.45,Open,3553.01,1149.25,9911.53
EVT00002482,2024,2024-03-25,POL00178,SME,SME Package,Central,Direct,Active,87862.3,73664.62,False,0,,26359.94,5305.8,86940.96
EVT00002483,2024,2024-06-10,POL00322,SME,SME Package,Central,Broker,Active,24117.62,19121.39,False,0,,6305.98,2401.13,22612.68
EVT00002484,2024,2024-06-17,POL00315,Property,Commercial Property,West,Direct,Active,114318.32,90206.27,False,0,,23982.23,9974.57,112319.38
EVT00002485,2024,2024-03-26,POL00079,Motor,Private Motor,South,Agent,Active,186023.84,147310.5,False,0,,40301.39,31178.23,160664.26
EVT00002486,2024,2024-09-03,POL00108,Health,Retail Health,North,Broker,Expired,208264.79,183426.83,False,0,,18334.13,22394.05,204287.94
EVT00002487,2024,2024-03-17,POL00280,Travel,Travel,South,Bancassurance,Expired,156913.77,148197.05,True,43247.08,Repudiated,42623.16,27868.27,150379.3
EVT00002488,2024,2024-05-16,POL00004,SME,SME Package,West,Bancassurance,Active,184206.31,158308.35,True,247253.26,Repudiated,19267.8,22068.42,179339.92
EVT00002489,2024,2024-09-12,POL00327,Property,Commercial Property,East,Bancassurance,Active,196829.98,156159.21,False,0,,17462.67,30419.8,192083.0
EVT00002490,2024,2024-04-22,POL00330,Motor,Private Motor,North,Direct,Active,80007.26,67135.15,False,0,,9240.61,13793.04,77318.41
EVT00002491,2024,2024-06-24,POL00382,Health,Retail Health,South,Direct,Expired,179742.59,176272.7,True,230320.05,Settled,11238.88,25970.42,156889.93
EVT00002492,2024,2024-09-01,POL00173,Property,Commercial Property,West,Broker,Cancelled,176701.92,171947.45,False,0,,43251.63,15569.62,152953.15
EVT00002493,2024,2024-06-24,POL00286,SME,SME Package,North,Direct,Expired,97321.07,92074.06,False,0,,30250.65,10688.82,90425.53
EVT00002494,2024,2024-04-16,POL00195,SME,SME Package,North,Direct,Cancelled,67049.95,61538.5,False,0,,18360.85,7111.35,64496.46
EVT00002495,2024,2024-01-06,POL00096,Health,Retail Health,Central,Agent,Cancelled,42563.38,37715.02,False,0,,8955.24,7207.79,38973.39
EVT00002496,2024,2024-05-20,POL00338,Travel,Travel,South,Broker,Active,63495.32,52586.6,False,0,,16079.98,5478.13,55491.67
EVT00002497,2024,2024-01-15,POL00017,Travel,Travel,West,Agent,Active,134063.65,107463.04,True,227981.98,Open,15768.12,23350.94,125535.61
EVT00002498,2024,2024-02-08,POL00356,Motor,Private Motor,South,Bancassurance,Active,168951.84,132786.89,True,110152.29,Open,24690.71,27942.94,163251.25
EVT00002499,2024,2024-11-21,POL00020,SME,SME Package,North,Agent,Active,54313.45,46940.86,False,0,,5937.45,5566.1,46338.95
EVT00002500,2024,2024-08-24,POL00336,Travel,Travel,West,Broker,Active,105691.15,105637.89,False,0,,16883.56,11213.21,99682.53
EVT00002501,2024,2024-11-28,POL00357,SME,SME Package,East,Direct,Cancelled,80212.84,67043.09,False,0,,27503.28,4275.69,72303.09
EVT00002502,2024,2024-11-15,POL00123,Travel,Travel,South,Agent,Active,71676.85,60290.08,False,0,,21642.99,11947.4,66937.05
EVT00002503,2024,2024-09-28,POL00177,Health,Retail Health,East,Broker,Expired,148514.48,125011.07,False,0,,10174.86,16174.27,141134.83
EVT00002504,2024,2024-07-10,POL00331,SME,SME Package,South,Agent,Active,74427.04,72076.38,False,0,,19569.08,4616.64,72554.05
EVT00002505,2024,2024-05-14,POL00252,Property,Commercial Property,East,Direct,Active,178412.18,135609.32,False,0,,16173.4,23548.22,172124.07
EVT00002506,2024,2024-03-27,POL00238,Health,Retail Health,North,Broker,Active,20016.9,19128.82,False,0,,6154.65,1449.21,19828.32
EVT00002507,2024,2024-01-12,POL00378,Property,Commercial Property,East,Agent,Expired,44648.97,35722.25,False,0,,5360.8,5970.38,43271.32
EVT00002508,2024,2024-02-01,POL00295,Property,Commercial Property,North,Broker,Expired,26771.98,23771.36,True,35465.54,Closed,4178.43,3328.23,25097.37
EVT00002509,2024,2024-01-05,POL00363,Motor,Private Motor,East,Bancassurance,Active,61610.7,48307.34,False,0,,7454.9,4312.89,55164.56
EVT00002510,2024,2024-09-14,POL00045,SME,SME Package,Central,Agent,Cancelled,173726.44,139152.55,False,0,,58888.01,30760.22,154494.56
EVT00002511,2024,2024-02-14,POL00364,Property,Commercial Property,West,Agent,Active,135375.24,124735.36,False,0,,13912.54,14893.78,126173.75
EVT00002512,2024,2024-04-24,POL00096,Travel,Travel,South,Direct,Expired,32586.6,25389.01,True,12206.83,Open,10260.07,4627.54,30154.83
EVT00002513,2024,2024-10-23,POL00021,Motor,Private Motor,East,Direct,Active,42505.37,37464.68,False,0,,9215.9,5687.82,40665.34
EVT00002514,2024,2024-12-09,POL00195,Travel,Travel,East,Direct,Active,32807.65,29299.52,False,0,,10191.96,1794.35,28644.75
EVT00002515,2024,2024-09-07,POL00112,Health,Retail Health,East,Bancassurance,Cancelled,162136.73,149822.05,True,280032.59,Closed,45092.27,26676.39,153041.72
EVT00002516,2024,2024-09-02,POL00028,Property,Commercial Property,North,Bancassurance,Active,189950.61,152798.88,False,0,,41590.72,24767.56,186755.35
EVT00002517,2024,2024-08-08,POL00149,Motor,Private Motor,East,Agent,Active,161101.52,152310.27,True,257655.34,Closed,21221.78,24788.96,151252.59
EVT00002518,2024,2024-11-30,POL00015,Travel,Travel,North,Direct,Expired,108646.84,92101.03,True,140790.98,Repudiated,16734.41,15366.6,98185.88
EVT00002519,2024,2024-09-14,POL00236,Health,Retail Health,South,Agent,Expired,168251.36,134978.29,False,0,,50572.05,22895.28,167233.8
EVT00002520,2024,2024-10-20,POL00373,Motor,Private Motor,North,Agent,Active,196428.32,184399.2,False,0,,67043.61,34185.17,189347.83
EVT00002521,2024,2024-07-22,POL00314,Travel,Travel,South,Agent,Active,192365.02,145365.91,False,0,,44678.82,19686.09,180742.21
EVT00002522,2024,2024-09-10,POL00204,SME,SME Package,South,Broker,Cancelled,60537.54,55846.21,True,55258.15,Settled,12523.67,3096.94,51696.89
EVT00002523,2024,2024-09-08,POL00034,Property,Commercial Property,North,Bancassurance,Active,46712.41,38517.24,False,0,,13533.73,4802.44,45938.52
EVT00002524,2024,2024-03-13,POL00151,Property,Commercial Property,Central,Broker,Active,146031.21,118409.62,False,0,,39379.14,23262.02,134923.07
EVT00002525,2024,2024-08-03,POL00269,Property,Commercial Property,Central,Broker,Active,124686.84,104040.73,True,73054.69,Open,14148.45,18704.08,122707.41
EVT00002526,2024,2024-10-15,POL00013,Health,Retail Health,East,Broker,Expired,57864.05,50567.52,False,0,,6472.53,8237.32,50880.89
EVT00002527,2024,2024-05-20,POL00326,Health,Retail Health,South,Broker,Active,14898.81,13762.24,False,0,,2707.01,1749.93,13587.63
EVT00002528,2024,2024-08-14,POL00265,Travel,Travel,West,Direct,Active,56948.32,53627.15,True,42835.1,Open,10661.33,5403.08,49846.78
EVT00002529,2024,2024-10-05,POL00247,Travel,Travel,North,Agent,Active,116837.74,87770.58,True,158335.15,Settled,14712.02,7048.97,107013.07
EVT00002530,2024,2024-09-21,POL00058,Property,Commercial Property,South,Bancassurance,Expired,23410.63,20712.64,True,15012.42,Open,7208.7,3840.95,20166.37
EVT00002531,2024,2024-07-13,POL00312,Health,Retail Health,West,Agent,Expired,80439.36,74592.97,True,140728.2,Settled,8255.89,8186.37,80074.69
EVT00002532,2024,2024-10-17,POL00260,Property,Commercial Property,South,Bancassurance,Active,217591.39,207090.15,True,343969.54,Settled,52127.28,19783.17,217326.36
EVT00002533,2024,2024-09-24,POL00182,Travel,Travel,West,Agent,Active,218404.96,210281.76,True,375682.77,Closed,20891.82,32936.94,216978.6
EVT00002534,2024,2024-07-18,POL00193,SME,SME Package,West,Direct,Active,154378.69,140933.58,False,0,,43192.97,22645.32,149814.98
EVT00002535,2024,2024-10-26,POL00272,Health,Retail Health,Central,Direct,Active,193447.85,190657.42,False,0,,49088.18,21013.77,192862.87
EVT00002536,2024,2024-05-12,POL00100,Property,Commercial Property,North,Agent,Active,202768.99,170362.01,False,0,,14374.28,20995.15,193436.75
EVT00002537,2024,2024-03-29,POL00386,Motor,Private Motor,South,Direct,Expired,141213.31,125749.5,True,190258.93,Repudiated,41500.56,7683.47,134668.65
EVT00002538,2024,2024-08-07,POL00250,SME,SME Package,East,Direct,Expired,34312.08,32693.42,False,0,,5373.95,2987.24,33019.44
EVT00002539,2024,2024-03-07,POL00295,Property,Commercial Property,East,Broker,Expired,215965.98,202553.04,False,0,,55847.48,38008.77,210936.38
EVT00002540,2024,2024-11-27,POL00244,Property,Commercial Property,South,Agent,Cancelled,31796.15,31532.59,False,0,,11090.96,5437.44,31149.15
EVT00002541,2024,2024-07-28,POL00229,Health,Retail Health,East,Direct,Active,148399.97,121857.38,False,0,,33467.56,11938.86,141146.73
EVT00002542,2024,2024-01-24,POL00365,Health,Retail Health,Central,Broker,Expired,97583.27,95374.15,False,0,,19118.91,6034.8,96932.63
EVT00002543,2024,2024-07-26,POL00028,Motor,Private Motor,West,Agent,Active,212782.62,165089.51,False,0,,50405.81,28239.13,191648.23
EVT00002544,2024,2024-03-29,POL00039,Health,Retail Health,North,Direct,Expired,172975.43,170376.91,False,0,,23274.28,24363.7,169166.18
EVT00002545,2024,2024-09-30,POL00321,Health,Retail Health,East,Direct,Expired,174881.2,169940.74,False,0,,19341.5,13592.6,153081.79
EVT00002546,2024,2024-08-29,POL00242,Property,Commercial Property,West,Bancassurance,Active,125616.55,114924.85,True,33905.42,Settled,20539.2,16686.62,124685.46
EVT00002547,2024,2024-09-24,POL00050,Motor,Private Motor,East,Broker,Expired,162537.03,124533.81,False,0,,56298.27,18031.32,139071.21
EVT00002548,2024,2024-07-14,POL00305,Property,Commercial Property,North,Agent,Active,130293.84,101498.69,False,0,,9487.99,22318.45,115788.13
EVT00002549,2024,2024-04-18,POL00365,Motor,Private Motor,North,Broker,Active,130231.22,109499.74,False,0,,35089.02,11623.99,128635.48
EVT00002550,2024,2024-09-10,POL00375,SME,SME Package,Central,Direct,Cancelled,47161.63,41231.55,False,0,,9189.72,4150.74,44860.31
EVT00002551,2024,2024-11-28,POL00235,Motor,Private Motor,North,Bancassurance,Active,196119.49,178102.14,False,0,,19959.97,33553.06,171315.01
EVT00002552,2024,2024-01-10,POL00373,SME,SME Package,North,Broker,Expired,94109.93,84034.32,False,0,,22054.8,12851.63,85808.51
EVT00002553,2024,2024-12-08,POL00076,SME,SME Package,West,Direct,Expired,186840.57,165788.95,True,193352.03,Settled,35090.95,19297.41,170095.29
EVT00002554,2024,2024-01-11,POL00272,Health,Retail Health,North,Agent,Expired,48049.33,47965.53,False,0,,14395.1,7082.67,46916.19
EVT00002555,2024,2024-10-23,POL00229,Motor,Private Motor,South,Bancassurance,Active,20883.4,18959.59,False,0,,3656.15,2981.47,20143.23
EVT00002556,2024,2024-05-18,POL00116,Health,Retail Health,North,Bancassurance,Expired,176428.74,163474.51,False,0,,55890.96,20629.89,157188.19
EVT00002557,2024,2024-08-31,POL00305,Health,Retail Health,West,Bancassurance,Expired,122654.89,118522.4,False,0,,12609.01,12667.79,105347.03
EVT00002558,2024,2024-09-14,POL00147,Property,Commercial Property,East,Bancassurance,Active,36245.11,31450.71,False,0,,4815.27,5456.48,33580.18
EVT00002559,2024,2024-03-17,POL00053,Travel,Travel,Central,Direct,Active,130407.69,97919.63,False,0,,8099.29,11730.57,125805.23
EVT00002560,2024,2024-07-09,POL00032,Health,Retail Health,West,Broker,Active,218239.43,175997.45,True,332468.25,Repudiated,54339.58,36560.28,196807.66
EVT00002561,2024,2024-01-21,POL00227,Health,Retail Health,South,Agent,Active,159738.41,121121.95,False,0,,44095.11,25015.4,154360.64
EVT00002562,2024,2024-04-12,POL00376,Travel,Travel,South,Direct,Active,117167.38,92170.83,True,99670.83,Repudiated,18797.02,7764.54,112037.03
EVT00002563,2024,2024-04-16,POL00247,SME,SME Package,Central,Agent,Active,177293.33,170226.52,False,0,,30110.1,30164.59,161554.86
EVT00002564,2024,2024-09-23,POL00100,Health,Retail Health,West,Bancassurance,Active,218496.8,170947.44,False,0,,34191.63,22293.68,211067.82
EVT00002565,2024,2024-08-29,POL00119,Travel,Travel,South,Broker,Active,45463.34,37928.0,False,0,,3664.44,3650.71,40208.42
EVT00002566,2024,2024-04-10,POL00393,Motor,Private Motor,North,Direct,Active,52014.66,51177.3,True,70341.17,Open,6768.63,3892.85,51132.15
EVT00002567,2024,2024-11-16,POL00350,Motor,Private Motor,Central,Broker,Active,85832.48,77992.05,False,0,,7584.57,11496.15,84427.21
EVT00002568,2024,2024-09-01,POL00007,Property,Commercial Property,West,Broker,Active,133597.66,126949.4,False,0,,21576.74,22922.98,127135.51
EVT00002569,2024,2024-12-19,POL00216,SME,SME Package,West,Agent,Expired,146340.21,123882.94,False,0,,38312.77,13160.55,140367.48
EVT00002570,2024,2024-03-15,POL00074,Motor,Private Motor,East,Bancassurance,Active,122348.43,98565.67,False,0,,11892.58,10719.87,109927.78
EVT00002571,2024,2024-10-19,POL00323,Travel,Travel,South,Bancassurance,Active,84883.82,67995.72,False,0,,7625.62,15191.3,74868.18
EVT00002572,2024,2024-12-21,POL00020,Health,Retail Health,Central,Bancassurance,Active,136724.03,133774.39,False,0,,28078.26,10705.5,120547.39
EVT00002573,2024,2024-02-11,POL00191,Motor,Private Motor,South,Broker,Active,116079.55,109044.0,False,0,,20451.1,11016.87,104984.76
EVT00002574,2024,2024-07-25,POL00349,Motor,Private Motor,South,Direct,Active,100413.32,97324.38,False,0,,20805.88,13347.6,96910.1
EVT00002575,2024,2024-10-13,POL00331,Travel,Travel,South,Direct,Active,107858.62,104375.66,False,0,,24063.45,12850.92,95669.73
EVT00002576,2024,2024-10-16,POL00299,Property,Commercial Property,Central,Agent,Expired,8205.57,7236.77,True,4725.91,Repudiated,1348.5,573.17,7375.07
EVT00002577,2024,2024-10-15,POL00389,Travel,Travel,South,Bancassurance,Active,129425.33,128965.47,True,141834.24,Settled,42074.38,11334.29,113914.92
EVT00002578,2024,2024-02-16,POL00179,Property,Commercial Property,East,Bancassurance,Active,173083.39,158064.87,True,147997.0,Repudiated,19932.31,9859.66,166289.8
EVT00002579,2024,2024-04-14,POL00009,Health,Retail Health,West,Broker,Active,87721.14,80766.97,False,0,,13621.09,8839.47,85020.16
EVT00002580,2024,2024-03-04,POL00369,Health,Retail Health,South,Broker,Active,115058.33,93999.83,True,202959.32,Repudiated,28794.44,5829.03,99457.08
EVT00002581,2024,2024-03-19,POL00018,SME,SME Package,North,Direct,Active,99327.77,92374.76,False,0,,27249.28,7650.57,97224.87
EVT00002582,2024,2024-11-18,POL00212,Property,Commercial Property,East,Bancassurance,Expired,126215.54,112679.55,False,0,,31470.84,14746.11,118908.37
EVT00002583,2024,2024-12-28,POL00144,Motor,Private Motor,West,Bancassurance,Expired,174821.11,158054.02,True,64658.49,Open,56910.77,15391.71,173187.67
EVT00002584,2024,2024-09-09,POL00337,Property,Commercial Property,Central,Agent,Active,82214.73,71749.67,True,42421.86,Repudiated,27822.27,13039.33,73026.51
EVT00002585,2024,2024-10-20,POL00110,Health,Retail Health,Central,Bancassurance,Expired,195022.82,182551.13,False,0,,65026.04,18005.61,180430.44
EVT00002586,2024,2024-02-16,POL00016,Property,Commercial Property,West,Bancassurance,Active,217321.62,193042.76,False,0,,62948.14,19424.77,199371.72
EVT00002587,2024,2024-04-19,POL00304,SME,SME Package,Central,Broker,Cancelled,65969.05,62922.73,False,0,,15296.18,6756.94,59229.43
EVT00002588,2024,2024-05-23,POL00258,Motor,Private Motor,West,Broker,Expired,20244.66,16396.88,False,0,,4478.01,2569.45,19251.86
EVT00002589,2024,2024-02-27,POL00202,SME,SME Package,South,Direct,Expired,71212.1,68984.33,False,0,,14848.93,9067.61,62418.87
EVT00002590,2024,2024-07-14,POL00096,Motor,Private Motor,East,Bancassurance,Active,57848.52,49921.44,True,58205.58,Closed,8621.47,5226.29,54567.62
EVT00002591,2024,2024-02-11,POL00219,Motor,Private Motor,East,Agent,Active,93300.57,80268.72,False,0,,25228.16,11734.32,88501.28
EVT00002592,2024,2024-07-28,POL00219,Motor,Private Motor,South,Broker,Active,79662.19,79363.71,True,83662.6,Repudiated,20682.36,14122.07,74299.92
EVT00002593,2024,2024-10-05,POL00364,SME,SME Package,North,Agent,Active,183652.13,143369.1,False,0,,21392.4,14355.67,159713.68
EVT00002594,2024,2024-09-22,POL00213,Travel,Travel,North,Agent,Expired,117312.48,97241.88,True,182562.37,Closed,26493.41,17843.53,108195.9
EVT00002595,2024,2024-01-29,POL00006,Motor,Private Motor,North,Agent,Active,70392.31,59020.8,False,0,,23858.24,4367.39,63790.73
EVT00002596,2024,2024-07-01,POL00198,Motor,Private Motor,Central,Direct,Active,171393.77,133512.99,False,0,,40730.31,24701.79,146614.91
EVT00002597,2024,2024-08-09,POL00173,Motor,Private Motor,Central,Agent,Active,164815.34,148050.14,False,0,,36740.06,19644.86,142107.51
EVT00002598,2024,2024-10-12,POL00339,Travel,Travel,North,Bancassurance,Active,10431.24,8634.95,False,0,,2391.19,798.21,9121.5
EVT00002599,2024,2024-05-23,POL00367,Property,Commercial Property,North,Bancassurance,Expired,156822.88,141146.97,True,271902.8,Closed,17605.05,10705.46,151233.86
EVT00002600,2024,2024-04-19,POL00296,Property,Commercial Property,South,Broker,Active,192765.11,185999.29,False,0,,12029.42,10945.41,192534.55
EVT00002601,2024,2024-02-04,POL00245,Motor,Private Motor,West,Bancassurance,Active,125802.32,106471.44,False,0,,15909.71,6403.04,114469.29
EVT00002602,2024,2024-08-07,POL00354,Health,Retail Health,West,Broker,Expired,145729.31,142699.96,False,0,,33164.01,23013.82,144487.53
EVT00002603,2024,2024-03-08,POL00163,Travel,Travel,North,Broker,Active,125525.87,95652.79,False,0,,26688.4,20950.05,119260.1
EVT00002604,2024,2024-03-10,POL00343,Health,Retail Health,Central,Broker,Active,46607.24,39117.19,False,0,,9432.86,5331.48,44654.23
EVT00002605,2024,2024-02-23,POL00031,Travel,Travel,South,Broker,Active,68311.65,62552.12,False,0,,14788.89,9521.15,65249.04
EVT00002606,2024,2024-03-13,POL00011,SME,SME Package,West,Agent,Active,93767.01,83161.33,False,0,,14795.78,8878.93,80954.5
EVT00002607,2024,2024-05-09,POL00387,Motor,Private Motor,South,Bancassurance,Active,33959.22,32142.6,False,0,,11288.98,5626.85,32780.9
EVT00002608,2024,2024-10-16,POL00131,Travel,Travel,North,Agent,Active,113907.39,88341.07,True,159458.72,Closed,15030.37,14045.92,101325.39
EVT00002609,2024,2024-12-20,POL00181,Motor,Private Motor,West,Agent,Active,180049.67,168355.55,False,0,,58249.07,9815.43,175396.17
EVT00002610,2024,2024-09-06,POL00234,Property,Commercial Property,East,Bancassurance,Active,126190.39,116229.46,False,0,,40931.84,12024.73,119638.48
EVT00002611,2024,2024-08-08,POL00133,Health,Retail Health,Central,Direct,Active,38331.94,34677.59,True,43938.11,Repudiated,12610.2,6883.87,35129.67
EVT00002612,2024,2024-05-26,POL00092,Property,Commercial Property,South,Direct,Active,167582.85,151026.49,False,0,,48921.9,12632.84,144851.73
EVT00002613,2024,2024-12-17,POL00254,Health,Retail Health,Central,Bancassurance,Active,217716.44,199879.81,False,0,,44768.12,27370.99,185526.76
EVT00002614,2024,2024-04-07,POL00199,Health,Retail Health,Central,Bancassurance,Cancelled,25978.1,24410.03,False,0,,7289.93,3123.05,23777.96
EVT00002615,2024,2024-11-29,POL00158,SME,SME Package,Central,Broker,Active,207540.57,201113.52,False,0,,49684.79,31586.24,189268.62
EVT00002616,2024,2024-09-11,POL00024,Motor,Private Motor,West,Direct,Active,185907.67,174103.07,False,0,,25767.87,13117.24,183031.1
EVT00002617,2024,2024-01-01,POL00068,Health,Retail Health,North,Broker,Active,65985.48,65342.52,False,0,,10060.89,9670.85,64314.16
EVT00002618,2024,2024-04-26,POL00267,Property,Commercial Property,Central,Direct,Active,194256.86,167673.6,True,334336.39,Open,29496.69,13505.87,183357.23
EVT00002619,2024,2024-05-27,POL00170,Health,Retail Health,North,Broker,Expired,117187.53,98773.47,False,0,,17439.4,20494.74,110572.46
EVT00002620,2024,2024-05-12,POL00340,Health,Retail Health,South,Broker,Active,160179.63,125083.45,False,0,,50449.77,27194.72,150055.93
EVT00002621,2024,2024-09-19,POL00382,Health,Retail Health,North,Direct,Expired,143823.15,110567.82,False,0,,42029.97,17254.79,139293.11
EVT00002622,2024,2024-09-28,POL00114,Property,Commercial Property,South,Bancassurance,Expired,110123.25,103572.54,True,173598.68,Open,30492.85,6890.08,95500.38
EVT00002623,2024,2024-01-22,POL00076,Health,Retail Health,North,Broker,Active,207348.35,200375.94,False,0,,42529.94,23905.66,196560.33
EVT00002624,2024,2024-04-21,POL00349,SME,SME Package,West,Broker,Expired,42476.47,36194.2,False,0,,8741.47,5528.39,41237.43
EVT00002625,2024,2024-09-14,POL00348,Property,Commercial Property,East,Bancassurance,Active,67835.04,66888.06,False,0,,5986.37,5271.93,64805.58
EVT00002626,2024,2024-02-04,POL00268,SME,SME Package,South,Broker,Expired,218333.79,208725.19,True,124218.65,Closed,19317.84,20054.15,196290.88
EVT00002627,2024,2024-05-14,POL00239,SME,SME Package,Central,Broker,Active,78197.17,77902.07,True,53352.64,Closed,15892.43,8705.26,66551.05
EVT00002628,2024,2024-08-16,POL00226,Travel,Travel,West,Bancassurance,Active,88319.08,67216.58,True,88159.18,Repudiated,12344.22,12530.71,86037.74
EVT00002629,2024,2024-12-29,POL00041,Health,Retail Health,North,Bancassurance,Active,23318.1,22397.06,True,38515.94,Settled,5392.38,1477.29,22538.58
EVT00002630,2024,2024-04-22,POL00070,Travel,Travel,South,Agent,Active,15306.92,14699.99,False,0,,5084.5,1276.6,15202.9
EVT00002631,2024,2024-12-28,POL00002,Motor,Private Motor,North,Bancassurance,Active,203458.8,170675.08,False,0,,63108.74,20275.41,182275.42
EVT00002632,2024,2024-04-26,POL00237,Property,Commercial Property,East,Broker,Active,134173.75,121169.98,False,0,,39344.07,18631.13,121341.87
EVT00002633,2024,2024-05-30,POL00125,Property,Commercial Property,Central,Bancassurance,Active,99612.84,90031.68,True,7434.12,Open,27283.31,15234.49,89191.51
EVT00002634,2024,2024-09-25,POL00155,SME,SME Package,Central,Bancassurance,Active,158825.14,146953.59,False,0,,42101.74,20885.01,152479.96
EVT00002635,2024,2024-11-06,POL00260,Motor,Private Motor,West,Bancassurance,Active,158637.6,155876.74,False,0,,13433.6,19742.35,138493.31
EVT00002636,2024,2024-04-19,POL00131,Health,Retail Health,West,Bancassurance,Cancelled,54553.19,42654.64,False,0,,12275.09,3047.05,53897.12
EVT00002637,2024,2024-06-08,POL00061,Health,Retail Health,South,Broker,Active,135641.37,110684.67,True,215174.83,Open,18576.26,10427.58,117689.09
EVT00002638,2024,2024-07-16,POL00375,SME,SME Package,South,Bancassurance,Active,73646.64,63917.89,False,0,,9334.82,8077.23,65043.02
EVT00002639,2024,2024-03-02,POL00211,Property,Commercial Property,West,Agent,Active,212999.58,179858.19,False,0,,21005.22,38131.42,208286.96
EVT00002640,2024,2024-05-13,POL00093,SME,SME Package,South,Agent,Active,204721.43,197490.54,False,0,,63374.28,24532.6,188776.54
EVT00002641,2024,2024-08-08,POL00391,Travel,Travel,South,Bancassurance,Active,175574.14,157959.52,True,6472.61,Settled,46803.99,16999.07,164677.03
EVT00002642,2024,2024-05-15,POL00292,Health,Retail Health,North,Bancassurance,Active,212923.94,161420.92,True,136972.2,Closed,16682.64,16248.22,201855.04
EVT00002643,2024,2024-06-28,POL00106,Property,Commercial Property,Central,Direct,Active,219929.22,169981.77,False,0,,54398.87,39056.81,213276.5
EVT00002644,2024,2024-06-06,POL00051,Health,Retail Health,East,Broker,Active,193058.65,180961.67,False,0,,49164.86,21545.18,184588.8
EVT00002645,2024,2024-10-09,POL00287,Health,Retail Health,West,Direct,Active,120153.77,92613.43,False,0,,18193.1,11468.64,108644.77
EVT00002646,2024,2024-04-09,POL00321,Property,Commercial Property,Central,Direct,Active,140004.95,122491.75,False,0,,45700.25,10796.42,136921.47
EVT00002647,2024,2024-10-13,POL00353,Travel,Travel,East,Bancassurance,Active,92746.81,79476.36,False,0,,18218.7,11485.23,83855.36
EVT00002648,2024,2024-10-07,POL00218,Motor,Private Motor,South,Direct,Active,62449.8,56136.36,False,0,,7245.28,9731.14,58285.0
EVT00002649,2024,2024-01-17,POL00335,SME,SME Package,East,Broker,Active,112174.44,87784.28,True,123727.29,Repudiated,34197.22,7285.46,109917.82
EVT00002650,2024,2024-02-08,POL00049,Motor,Private Motor,North,Broker,Active,78874.2,69521.49,True,42337.7,Closed,13709.08,6518.55,74360.32
EVT00002651,2024,2024-05-08,POL00134,SME,SME Package,Central,Agent,Active,191169.43,168447.72,False,0,,55452.21,19113.41,185987.0
EVT00002652,2024,2024-09-28,POL00236,SME,SME Package,North,Direct,Expired,215923.33,197498.25,False,0,,16597.76,38339.63,199120.42
EVT00002653,2024,2024-04-02,POL00339,Motor,Private Motor,West,Bancassurance,Active,129326.72,111925.48,True,106885.04,Open,29125.67,13097.23,110801.72
EVT00002654,2024,2024-03-22,POL00390,Health,Retail Health,West,Broker,Active,55428.85,43975.19,False,0,,16048.4,6861.53,50763.11
EVT00002655,2024,2024-09-07,POL00137,Property,Commercial Property,Central,Bancassurance,Active,186981.03,170414.71,False,0,,47606.72,24372.63,163336.04
EVT00002656,2024,2024-04-03,POL00240,Motor,Private Motor,North,Agent,Active,73349.95,66355.6,False,0,,13933.81,8427.02,69227.87
EVT00002657,2024,2024-01-18,POL00374,Travel,Travel,North,Bancassurance,Active,94135.79,83588.46,False,0,,22804.89,11441.13,90666.76
EVT00002658,2024,2024-05-30,POL00388,SME,SME Package,East,Bancassurance,Active,81515.01,68849.66,False,0,,25155.35,12742.55,79443.62
EVT00002659,2024,2024-06-28,POL00109,Health,Retail Health,West,Direct,Active,113191.06,89653.44,True,101364.96,Repudiated,27998.47,18682.49,109204.73
EVT00002660,2024,2024-02-10,POL00305,Travel,Travel,East,Direct,Active,147034.4,124510.42,False,0,,43489.75,19451.43,146426.71
EVT00002661,2024,2024-07-05,POL00179,Property,Commercial Property,South,Direct,Expired,200310.37,193476.5,False,0,,53096.34,13393.17,170970.45
EVT00002662,2024,2024-04-26,POL00124,Travel,Travel,West,Broker,Active,9178.75,8547.65,False,0,,2518.75,1188.17,8235.39
EVT00002663,2024,2024-09-03,POL00329,SME,SME Package,East,Direct,Expired,58248.96,55405.38,False,0,,12592.82,10044.47,56264.29
EVT00002664,2024,2024-05-06,POL00269,Motor,Private Motor,East,Broker,Active,50128.99,44284.93,False,0,,11234.1,3722.02,47175.11
EVT00002665,2024,2024-05-20,POL00209,SME,SME Package,West,Direct,Cancelled,119270.67,110224.81,True,168286.04,Repudiated,13885.88,9204.61,118690.84
EVT00002666,2024,2024-03-13,POL00045,Property,Commercial Property,North,Bancassurance,Active,179889.15,166690.86,False,0,,25952.22,10067.61,172822.06
EVT00002667,2024,2024-07-20,POL00209,Property,Commercial Property,Central,Broker,Expired,103814.59,92951.07,True,166797.75,Repudiated,19743.85,13932.28,92392.05
EVT00002668,2024,2024-01-28,POL00222,Motor,Private Motor,South,Broker,Expired,209748.39,204684.48,True,296566.42,Repudiated,27128.21,19640.35,182899.65
EVT00002669,2024,2024-11-01,POL00363,SME,SME Package,East,Agent,Active,26823.04,21317.87,False,0,,1702.62,4145.37,23242.87
EVT00002670,2024,2024-04-30,POL00168,Motor,Private Motor,West,Direct,Cancelled,63622.61,61732.26,False,0,,15279.24,4853.39,55952.7
EVT00002671,2024,2024-04-17,POL00012,Travel,Travel,North,Direct,Active,196562.65,169397.06,False,0,,25725.63,34013.68,182649.11
EVT00002672,2024,2024-08-28,POL00175,Motor,Private Motor,East,Broker,Active,47374.65,41066.03,False,0,,14601.59,5265.61,43343.4
EVT00002673,2024,2024-03-06,POL00031,Travel,Travel,North,Agent,Expired,135139.41,109434.39,False,0,,44154.39,21912.91,126422.62
EVT00002674,2024,2024-05-07,POL00097,Travel,Travel,West,Direct,Active,144656.86,127331.21,False,0,,36403.12,20394.41,143919.8
EVT00002675,2024,2024-07-26,POL00256,Travel,Travel,Central,Bancassurance,Active,202333.28,177295.77,False,0,,39815.88,11856.32,173345.1
EVT00002676,2024,2024-06-03,POL00329,Property,Commercial Property,North,Agent,Expired,64673.56,56524.01,False,0,,13472.35,9634.79,61576.31
EVT00002677,2024,2024-12-03,POL00226,SME,SME Package,East,Broker,Expired,56335.58,49540.73,False,0,,10632.33,5986.88,55203.82
EVT00002678,2024,2024-09-16,POL00146,Motor,Private Motor,East,Direct,Active,109592.28,96278.81,False,0,,11698.17,17829.93,102261.89
EVT00002679,2024,2024-05-13,POL00126,Travel,Travel,East,Broker,Expired,25533.9,22293.95,False,0,,6992.04,2944.95,22726.37
EVT00002680,2024,2024-07-09,POL00137,Motor,Private Motor,Central,Direct,Cancelled,132576.22,100226.13,False,0,,45276.81,7209.18,125145.32
EVT00002681,2024,2024-03-07,POL00224,Motor,Private Motor,East,Broker,Active,140498.84,107273.85,False,0,,13724.78,22246.96,133101.02
EVT00002682,2024,2024-07-23,POL00311,SME,SME Package,Central,Bancassurance,Active,54416.31,53863.91,False,0,,5416.59,4460.25,53189.38
EVT00002683,2024,2024-04-02,POL00181,Property,Commercial Property,North,Broker,Active,134615.33,120923.89,False,0,,17843.74,20640.64,115637.02
EVT00002684,2024,2024-01-03,POL00350,Travel,Travel,South,Broker,Active,38945.53,38699.04,False,0,,4459.28,4774.54,38486.28
EVT00002685,2024,2024-06-03,POL00012,Property,Commercial Property,South,Broker,Active,208842.6,163943.09,True,374689.91,Repudiated,68914.74,13871.53,205978.29
EVT00002686,2024,2024-07-02,POL00271,Motor,Private Motor,North,Broker,Expired,19854.14,19659.25,False,0,,2707.42,2149.75,19601.66
EVT00002687,2024,2024-06-16,POL00228,Travel,Travel,Central,Bancassurance,Expired,132425.51,116714.39,False,0,,17383.31,18959.32,125236.49
EVT00002688,2024,2024-05-20,POL00122,SME,SME Package,North,Direct,Expired,121586.23,105962.99,False,0,,12929.26,14222.98,105866.65
EVT00002689,2024,2024-12-04,POL00068,SME,SME Package,East,Agent,Active,47149.17,39632.84,False,0,,12054.55,7101.64,45617.59
EVT00002690,2024,2024-07-17,POL00371,Motor,Private Motor,East,Direct,Active,59659.81,58718.08,True,47179.14,Settled,18106.14,5013.47,55201.5
EVT00002691,2024,2024-03-10,POL00053,Property,Commercial Property,North,Direct,Active,67725.68,63314.22,False,0,,20560.98,9875.91,62752.12
EVT00002692,2024,2024-11-03,POL00336,Property,Commercial Property,East,Bancassurance,Expired,16707.07,16362.28,True,28252.8,Repudiated,3820.87,1619.66,16165.4
EVT00002693,2024,2024-06-17,POL00358,Health,Retail Health,East,Direct,Active,24494.24,18750.36,False,0,,2210.15,1710.45,22431.72
EVT00002694,2024,2024-05-27,POL00154,Travel,Travel,West,Bancassurance,Expired,65559.99,58584.8,True,35647.53,Open,5759.92,7661.4,57185.21
EVT00002695,2024,2024-06-07,POL00378,SME,SME Package,South,Bancassurance,Active,138527.33,104485.17,True,73215.13,Settled,44025.67,17728.71,123653.83
EVT00002696,2024,2024-12-03,POL00292,Travel,Travel,West,Direct,Expired,187235.8,145366.26,False,0,,20454.27,23081.15,181284.29
EVT00002697,2024,2024-01-11,POL00251,Motor,Private Motor,South,Direct,Active,54851.34,53502.52,False,0,,15520.57,5815.36,48791.7
EVT00002698,2024,2024-05-24,POL00193,Property,Commercial Property,North,Broker,Expired,216974.76,189354.91,False,0,,36710.01,16415.18,186470.94
EVT00002699,2024,2024-07-01,POL00189,Motor,Private Motor,South,Direct,Active,200157.23,181991.44,True,124113.52,Settled,30207.13,16269.93,178834.18
EVT00002700,2024,2024-12-02,POL00319,Property,Commercial Property,East,Bancassurance,Expired,211142.49,180736.0,False,0,,71990.78,16450.04,191284.91
EVT00002701,2024,2024-05-30,POL00248,Travel,Travel,West,Agent,Active,173851.67,145866.83,True,309372.61,Open,10255.65,18125.56,166485.73
EVT00002702,2024,2024-10-25,POL00103,Motor,Private Motor,West,Agent,Active,77881.34,67592.23,False,0,,7601.43,10229.49,72964.13
EVT00002703,2024,2024-09-25,POL00119,Health,Retail Health,West,Bancassurance,Expired,173028.51,156420.48,False,0,,53829.54,23682.39,157981.1
EVT00002704,2024,2024-02-17,POL00295,SME,SME Package,Central,Direct,Active,13182.08,10176.55,False,0,,3783.48,1604.82,12385.65
EVT00002705,2024,2024-04-21,POL00056,Property,Commercial Property,South,Broker,Active,94050.21,71677.72,False,0,,10059.41,12990.46,83291.3
EVT00002706,2024,2024-03-27,POL00293,Travel,Travel,South,Bancassurance,Active,47207.49,35434.4,False,0,,5705.56,5800.25,43295.5
EVT00002707,2024,2024-07-25,POL00336,Motor,Private Motor,Central,Broker,Active,68065.23,67029.42,False,0,,18772.88,7050.73,62478.49
EVT00002708,2024,2024-07-30,POL00128,Property,Commercial Property,South,Agent,Active,71383.26,66018.09,True,26384.78,Repudiated,12883.92,8030.3,62270.11
EVT00002709,2024,2024-05-02,POL00158,Property,Commercial Property,North,Direct,Active,126466.71,119084.09,False,0,,35219.42,16175.75,115731.47
EVT00002710,2024,2024-09-26,POL00227,SME,SME Package,East,Agent,Active,124529.22,107208.04,False,0,,16411.44,15397.06,111660.99
EVT00002711,2024,2024-06-18,POL00229,Motor,Private Motor,East,Direct,Active,137290.31,136698.52,False,0,,35824.73,11314.34,133385.23
EVT00002712,2024,2024-10-11,POL00224,Travel,Travel,East,Broker,Active,67179.53,66197.84,False,0,,19325.64,8453.45,57214.55
EVT00002713,2024,2024-05-04,POL00290,Travel,Travel,East,Bancassurance,Active,149546.45,142361.53,True,241866.37,Closed,45153.26,18685.83,144850.78
EVT00002714,2024,2024-07-17,POL00341,Health,Retail Health,East,Bancassurance,Active,37122.63,36225.34,True,16261.23,Repudiated,9729.87,5589.18,31850.66
EVT00002715,2024,2024-05-15,POL00346,Motor,Private Motor,South,Bancassurance,Active,71769.95,69675.18,False,0,,10624.43,8267.01,61558.43
EVT00002716,2024,2024-07-09,POL00169,Property,Commercial Property,Central,Bancassurance,Active,201633.07,167635.3,False,0,,50161.81,27164.89,191533.81
EVT00002717,2024,2024-08-05,POL00236,SME,SME Package,West,Agent,Active,82743.09,63445.41,False,0,,26888.96,10991.28,76276.44
EVT00002718,2024,2024-06-30,POL00134,Property,Commercial Property,Central,Direct,Active,95816.99,77233.08,False,0,,15358.84,6128.28,95272.68
EVT00002719,2024,2024-07-07,POL00099,Property,Commercial Property,East,Broker,Active,69869.94,53935.75,False,0,,12533.84,5764.82,66886.76
EVT00002720,2024,2024-07-28,POL00071,Motor,Private Motor,South,Direct,Active,129781.04,115883.09,False,0,,32601.12,17580.35,125974.56
EVT00002721,2024,2024-04-05,POL00192,Motor,Private Motor,South,Broker,Active,188670.13,156572.84,False,0,,44860.55,33688.15,186192.17
EVT00002722,2024,2024-02-19,POL00364,SME,SME Package,Central,Bancassurance,Expired,95080.4,94964.0,True,85385.62,Open,26986.16,6346.75,83734.29
EVT00002723,2024,2024-05-31,POL00001,Travel,Travel,North,Agent,Expired,112105.9,85148.92,True,122898.35,Settled,17362.01,18724.32,106292.88
EVT00002724,2024,2024-06-11,POL00298,Travel,Travel,East,Agent,Active,36133.57,27271.32,True,41243.04,Repudiated,2843.88,2337.78,32284.98
EVT00002725,2024,2024-08-07,POL00258,Health,Retail Health,North,Direct,Expired,9322.69,8120.02,False,0,,2541.4,910.05,8233.09
EVT00002726,2024,2024-08-23,POL00040,Motor,Private Motor,Central,Broker,Expired,215411.89,167414.62,False,0,,40224.36,20268.06,213339.49
EVT00002727,2024,2024-07-29,POL00057,Property,Commercial Property,West,Broker,Cancelled,40859.49,33539.7,True,11907.2,Settled,5094.08,2505.03,37266.52
EVT00002728,2024,2024-05-08,POL00180,Travel,Travel,North,Broker,Active,93161.71,90933.47,False,0,,14153.66,4926.59,89847.5
EVT00002729,2024,2024-02-27,POL00233,Property,Commercial Property,East,Direct,Active,104863.4,82287.51,True,47944.01,Repudiated,28755.32,7205.85,100522.42
EVT00002730,2024,2024-02-12,POL00004,Motor,Private Motor,East,Bancassurance,Active,16833.89,15062.32,False,0,,5674.36,2532.46,16761.85
EVT00002731,2024,2024-04-28,POL00358,SME,SME Package,North,Bancassurance,Active,153889.08,123211.65,True,69014.34,Closed,34210.29,12288.46,146877.78
EVT00002732,2024,2024-08-14,POL00009,Property,Commercial Property,East,Direct,Expired,156582.93,155342.7,False,0,,27492.99,17459.07,134412.31
EVT00002733,2024,2024-12-16,POL00298,Property,Commercial Property,South,Broker,Expired,157727.91,127254.96,True,52619.3,Settled,27394.1,18719.41,141978.65
EVT00002734,2024,2024-09-15,POL00170,Motor,Private Motor,Central,Agent,Active,15318.51,11752.45,False,0,,4929.12,1409.14,13721.05
EVT00002735,2024,2024-05-01,POL00017,Property,Commercial Property,North,Agent,Active,48356.61,40998.56,False,0,,6012.85,8581.74,42576.18
EVT00002736,2024,2024-08-18,POL00004,Property,Commercial Property,West,Direct,Active,49023.65,45353.71,True,52239.43,Settled,4208.94,7365.26,43608.11
EVT00002737,2024,2024-10-09,POL00230,Motor,Private Motor,South,Agent,Expired,10273.49,10187.85,True,3952.58,Closed,1564.68,1448.66,9691.6
EVT00002738,2024,2024-07-10,POL00349,Health,Retail Health,South,Bancassurance,Active,144092.09,138575.16,False,0,,30080.06,15709.17,135557.45
EVT00002739,2024,2024-01-30,POL00019,Property,Commercial Property,Central,Agent,Active,164773.3,163449.86,False,0,,20051.91,24592.67,141767.39
EVT00002740,2024,2024-11-25,POL00352,Property,Commercial Property,East,Agent,Expired,136594.03,121165.61,True,160976.74,Repudiated,30960.05,24498.59,123804.59
EVT00002741,2024,2024-03-17,POL00256,Motor,Private Motor,Central,Direct,Expired,17150.0,14364.78,False,0,,4096.18,2926.65,16815.87
EVT00002742,2024,2024-10-22,POL00379,Property,Commercial Property,Central,Broker,Expired,86144.97,65070.77,False,0,,28612.97,8587.42,77987.1
EVT00002743,2024,2024-07-29,POL00134,Travel,Travel,South,Agent,Active,194716.08,161630.8,True,330262.31,Closed,36032.22,24441.87,189422.99
EVT00002744,2024,2024-10-28,POL00014,Health,Retail Health,West,Agent,Active,100455.32,96957.99,True,23900.93,Closed,18162.48,5064.92,95171.67
EVT00002745,2024,2024-01-13,POL00143,SME,SME Package,North,Agent,Active,18379.23,17792.74,False,0,,3673.61,1889.53,16085.75
EVT00002746,2024,2024-02-21,POL00177,SME,SME Package,West,Bancassurance,Expired,188441.08,178307.41,True,228594.4,Repudiated,17004.83,18870.61,163833.75
EVT00002747,2024,2024-11-21,POL00054,SME,SME Package,East,Bancassurance,Active,171856.56,154666.52,False,0,,30969.28,30133.03,157668.03
EVT00002748,2024,2024-03-02,POL00163,SME,SME Package,East,Bancassurance,Active,127341.32,99073.73,False,0,,12755.98,6978.23,124768.78
EVT00002749,2024,2024-12-09,POL00105,Property,Commercial Property,West,Broker,Expired,162618.58,145093.73,False,0,,30551.01,14099.06,151169.75
EVT00002750,2024,2024-08-30,POL00313,Health,Retail Health,East,Agent,Active,83667.98,71628.49,False,0,,26253.69,12041.69,76339.49
EVT00002751,2024,2024-08-18,POL00097,Property,Commercial Property,Central,Agent,Active,162934.45,142162.93,False,0,,33055.75,28139.33,145390.15
EVT00002752,2024,2024-03-31,POL00311,Health,Retail Health,East,Direct,Active,73061.73,64605.69,False,0,,16900.87,9259.34,70340.83
EVT00002753,2024,2024-02-15,POL00180,Health,Retail Health,North,Agent,Active,21055.38,17791.62,True,25350.18,Open,1992.07,3269.51,18250.6
EVT00002754,2024,2024-01-21,POL00292,Travel,Travel,Central,Broker,Active,58662.8,44548.12,False,0,,7250.41,7166.52,54763.0
EVT00002755,2024,2024-12-19,POL00165,Travel,Travel,Central,Broker,Active,164465.27,155540.04,False,0,,19838.87,26249.21,144185.12
EVT00002756,2024,2024-12-06,POL00088,Motor,Private Motor,South,Direct,Expired,210694.15,171377.63,False,0,,17723.78,25832.99,191833.79
EVT00002757,2024,2024-08-23,POL00302,Health,Retail Health,East,Direct,Active,56920.75,56544.43,False,0,,5193.08,4481.58,52143.64
EVT00002758,2024,2024-11-27,POL00262,Travel,Travel,East,Agent,Expired,128343.5,105142.3,False,0,,38913.47,12649.26,123685.31
EVT00002759,2024,2024-03-05,POL00029,Property,Commercial Property,East,Bancassurance,Active,112929.11,98319.36,False,0,,8318.73,10060.32,97246.04
EVT00002760,2024,2024-01-17,POL00343,Property,Commercial Property,South,Direct,Active,51755.92,42021.09,False,0,,3775.46,7229.86,47835.05
EVT00002761,2024,2024-11-25,POL00301,Health,Retail Health,West,Broker,Active,65594.87,49764.19,False,0,,10768.09,9264.48,59427.25
EVT00002762,2024,2024-09-23,POL00181,Travel,Travel,South,Direct,Active,130243.0,110932.41,False,0,,38816.98,14311.04,110799.62
EVT00002763,2024,2024-01-31,POL00275,Property,Commercial Property,East,Agent,Active,168911.61,136304.46,False,0,,41039.59,14431.16,163891.53
EVT00002764,2024,2024-03-17,POL00368,Motor,Private Motor,North,Direct,Active,111198.33,104211.55,False,0,,26317.32,10602.2,108554.48
EVT00002765,2024,2024-03-20,POL00059,Motor,Private Motor,North,Agent,Active,193985.76,175312.33,False,0,,64290.68,25876.76,171118.56
EVT00002766,2024,2024-06-15,POL00391,SME,SME Package,South,Direct,Active,210087.62,168602.52,False,0,,42193.82,27824.2,181749.28
EVT00002767,2024,2024-07-15,POL00367,Travel,Travel,North,Broker,Active,86319.43,65887.85,True,151973.95,Repudiated,11729.75,14785.89,82268.24
EVT00002768,2024,2024-12-29,POL00096,Property,Commercial Property,East,Direct,Active,217698.26,163450.38,True,51000.74,Closed,33200.03,17978.8,197758.83
EVT00002769,2024,2024-11-15,POL00357,Health,Retail Health,South,Broker,Active,8840.8,8479.51,True,8744.2,Settled,1049.6,884.43,8725.52
EVT00002770,2024,2024-01-27,POL00175,Property,Commercial Property,West,Agent,Expired,18734.91,14288.76,False,0,,6143.2,2216.6,18693.55
EVT00002771,2024,2024-03-28,POL00227,SME,SME Package,East,Agent,Active,79506.97,61112.21,False,0,,21581.51,11626.12,67586.35
EVT00002772,2024,2024-09-27,POL00085,Property,Commercial Property,North,Bancassurance,Active,22283.5,19579.37,False,0,,3369.94,1847.35,21715.27
EVT00002773,2024,2024-11-01,POL00375,Property,Commercial Property,East,Agent,Active,150911.61,129585.93,False,0,,43928.21,10301.56,135983.68
EVT00002774,2024,2024-12-26,POL00035,Property,Commercial Property,West,Direct,Active,101119.9,91327.05,False,0,,27111.07,12270.35,94534.26
EVT00002775,2024,2024-11-07,POL00169,Health,Retail Health,East,Broker,Active,180661.26,174463.99,False,0,,14596.2,15682.89,169020.23
EVT00002776,2024,2024-10-22,POL00139,SME,SME Package,North,Direct,Active,9450.05,7286.2,False,0,,3198.31,1324.31,8594.97
EVT00002777,2024,2024-01-22,POL00298,Health,Retail Health,Central,Agent,Active,43702.59,36288.96,True,12133.2,Closed,12946.34,2358.57,40098.6
EVT00002778,2024,2024-10-05,POL00078,Motor,Private Motor,Central,Direct,Expired,100398.04,99888.34,False,0,,20699.22,10282.96,94739.22
EVT00002779,2024,2024-02-22,POL00038,SME,SME Package,South,Bancassurance,Active,177449.46,138615.72,False,0,,33204.1,24282.76,176103.25
EVT00002780,2024,2024-06-10,POL00214,Property,Commercial Property,East,Agent,Cancelled,212932.66,169887.72,True,46229.74,Open,67654.9,13369.75,182961.42
EVT00002781,2024,2024-01-07,POL00071,Health,Retail Health,North,Direct,Active,194098.32,182816.48,False,0,,23436.74,14323.29,172282.8
EVT00002782,2024,2024-05-09,POL00373,Health,Retail Health,South,Direct,Active,207845.94,180650.0,True,93070.05,Closed,11017.56,14159.9,184366.53
EVT00002783,2024,2024-04-11,POL00082,Health,Retail Health,Central,Bancassurance,Active,16343.17,14088.58,False,0,,2341.67,1103.16,16143.9
EVT00002784,2024,2024-09-12,POL00334,SME,SME Package,Central,Bancassurance,Active,200904.89,172105.49,False,0,,38358.72,11398.37,187014.75
EVT00002785,2024,2024-01-19,POL00250,Health,Retail Health,North,Agent,Active,79664.76,75551.9,False,0,,5220.25,6480.19,70328.01
EVT00002786,2024,2024-05-28,POL00190,Motor,Private Motor,North,Bancassurance,Cancelled,38663.87,36714.04,False,0,,3528.88,3323.01,35371.22
EVT00002787,2024,2024-10-09,POL00034,Travel,Travel,Central,Broker,Active,110903.97,106578.8,False,0,,37269.36,15775.54,98160.0
EVT00002788,2024,2024-11-16,POL00164,Health,Retail Health,South,Agent,Expired,43883.01,43092.08,False,0,,14145.72,5891.45,43687.16
EVT00002789,2024,2024-08-21,POL00086,Travel,Travel,Central,Bancassurance,Active,109358.06,108915.13,False,0,,14463.61,14718.8,96764.1
EVT00002790,2024,2024-04-07,POL00396,Health,Retail Health,North,Direct,Active,23004.62,17717.26,False,0,,5143.36,1709.73,19833.0
EVT00002791,2024,2024-01-04,POL00164,Health,Retail Health,East,Bancassurance,Expired,81390.36,77628.0,False,0,,28405.08,4104.4,75035.64
EVT00002792,2024,2024-09-15,POL00371,SME,SME Package,Central,Direct,Active,147627.98,133212.91,False,0,,25074.56,22393.83,135583.06
EVT00002793,2024,2024-10-09,POL00214,Travel,Travel,South,Agent,Active,206085.15,196392.28,False,0,,32462.72,26670.59,200619.96
EVT00002794,2024,2024-06-28,POL00144,Property,Commercial Property,East,Broker,Active,86606.91,72161.11,True,127933.26,Closed,22725.19,12690.03,81570.72
EVT00002795,2024,2024-09-11,POL00151,Motor,Private Motor,Central,Bancassurance,Active,154018.08,119738.81,False,0,,50387.33,9693.17,144699.61
EVT00002796,2024,2024-06-20,POL00159,Property,Commercial Property,North,Broker,Cancelled,179017.63,153457.85,False,0,,28042.13,23040.07,177481.16
EVT00002797,2024,2024-08-26,POL00376,Motor,Private Motor,East,Agent,Active,113285.04,111064.06,True,50668.21,Closed,19931.68,16003.56,110621.9
EVT00002798,2024,2024-12-15,POL00021,Health,Retail Health,South,Broker,Active,123538.42,96975.42,True,16848.39,Closed,19270.94,20000.07,117511.21
EVT00002799,2024,2024-04-21,POL00384,Property,Commercial Property,South,Agent,Active,42181.06,39536.35,False,0,,7463.24,6262.39,39005.1
EVT00002800,2024,2024-08-09,POL00037,Motor,Private Motor,East,Broker,Active,217461.24,211897.8,False,0,,43744.63,15452.06,192694.73
EVT00002801,2025,2025-08-02,POL00375,Property,Commercial Property,Central,Direct,Active,13585.55,10986.89,False,0,,1068.6,2094.23,12043.84
EVT00002802,2025,2025-02-14,POL00153,SME,SME Package,East,Agent,Active,202551.4,158445.29,False,0,,28633.77,28728.85,172889.84
EVT00002803,2025,2025-02-02,POL00230,Motor,Private Motor,South,Direct,Cancelled,21288.41,19342.69,False,0,,3910.35,3257.77,18706.85
EVT00002804,2025,2025-04-15,POL00145,SME,SME Package,Central,Bancassurance,Expired,189055.7,151699.45,True,9948.34,Closed,45991.23,25779.24,167951.78
EVT00002805,2025,2025-11-19,POL00158,Property,Commercial Property,South,Agent,Active,84579.33,81847.18,False,0,,11694.67,8573.2,72725.15
EVT00002806,2025,2025-03-17,POL00150,Motor,Private Motor,South,Agent,Active,85674.02,84818.2,False,0,,12083.33,4810.79,78893.24
EVT00002807,2025,2025-11-04,POL00351,Health,Retail Health,South,Direct,Active,190452.54,175809.07,True,31913.6,Repudiated,54940.47,11423.0,176818.08
EVT00002808,2025,2025-02-02,POL00389,SME,SME Package,Central,Bancassurance,Expired,200119.29,191272.59,False,0,,38590.26,21399.57,181240.0
EVT00002809,2025,2025-11-26,POL00112,SME,SME Package,West,Bancassurance,Active,35304.05,28358.71,False,0,,7410.65,4398.49,33263.78
EVT00002810,2025,2025-02-13,POL00326,Health,Retail Health,North,Direct,Active,55662.83,45572.7,True,27581.37,Settled,15128.0,5749.17,51569.99
EVT00002811,2025,2025-12-13,POL00331,Travel,Travel,South,Direct,Active,125770.37,115884.54,False,0,,43056.76,17035.81,121598.43
EVT00002812,2025,2025-11-23,POL00021,Health,Retail Health,North,Direct,Expired,178629.86,156747.65,False,0,,57545.93,11394.01,178213.46
EVT00002813,2025,2025-12-12,POL00167,Health,Retail Health,West,Broker,Active,198911.84,190320.77,False,0,,55727.58,25034.8,182443.68
EVT00002814,2025,2025-08-28,POL00289,Property,Commercial Property,East,Agent,Expired,56315.6,46657.66,False,0,,10521.22,3842.72,48329.0
EVT00002815,2025,2025-06-22,POL00326,Motor,Private Motor,East,Broker,Active,147226.82,117262.9,False,0,,22659.62,20422.92,132833.39
EVT00002816,2025,2025-08-22,POL00387,Health,Retail Health,East,Direct,Active,168976.08,128253.32,False,0,,55004.81,24005.9,160802.65
EVT00002817,2025,2025-08-22,POL00240,SME,SME Package,Central,Broker,Active,198267.45,155413.14,False,0,,16209.54,33754.76,190542.97
EVT00002818,2025,2025-07-26,POL00400,Health,Retail Health,North,Direct,Active,168292.5,139277.01,False,0,,11850.36,11144.9,147435.7
EVT00002819,2025,2025-08-03,POL00055,Travel,Travel,East,Bancassurance,Active,11312.32,11152.78,True,18412.81,Settled,2438.77,1166.88,9754.31
EVT00002820,2025,2025-08-29,POL00132,Property,Commercial Property,South,Bancassurance,Active,69977.04,66893.25,False,0,,4743.62,5852.81,65239.04
EVT00002821,2025,2025-01-15,POL00043,Motor,Private Motor,North,Agent,Active,106834.66,80494.03,True,64769.3,Open,27550.68,14502.78,94401.17
EVT00002822,2025,2025-11-04,POL00238,Health,Retail Health,South,Direct,Expired,147794.29,139395.06,False,0,,34594.11,16667.5,145403.17
EVT00002823,2025,2025-08-28,POL00348,Motor,Private Motor,South,Agent,Active,211627.34,185884.27,True,178373.32,Closed,27159.52,33731.81,184989.08
EVT00002824,2025,2025-07-02,POL00012,Property,Commercial Property,Central,Agent,Active,206197.79,164527.76,True,159836.31,Settled,25469.2,16943.25,200447.09
EVT00002825,2025,2025-05-19,POL00353,Travel,Travel,East,Agent,Active,34436.07,29819.2,False,0,,10994.09,3846.57,29382.1
EVT00002826,2025,2025-12-19,POL00124,Travel,Travel,East,Broker,Expired,40766.09,39627.69,False,0,,7774.05,2188.47,39619.65
EVT00002827,2025,2025-01-14,POL00170,Health,Retail Health,West,Broker,Active,193571.91,177687.1,True,28229.99,Settled,24651.45,25707.97,167832.92
EVT00002828,2025,2025-03-07,POL00328,Health,Retail Health,North,Bancassurance,Active,29721.68,27767.52,False,0,,3304.18,4515.55,26870.54
EVT00002829,2025,2025-04-13,POL00091,Motor,Private Motor,East,Direct,Active,191297.15,180975.51,False,0,,66169.66,15641.36,184241.74
EVT00002830,2025,2025-02-13,POL00287,Property,Commercial Property,South,Direct,Expired,33422.85,32023.43,True,42179.35,Settled,4379.74,2286.69,32380.59
EVT00002831,2025,2025-11-25,POL00274,Property,Commercial Property,East,Direct,Active,169796.0,169658.46,False,0,,57962.9,17351.77,147567.64
EVT00002832,2025,2025-04-10,POL00320,Property,Commercial Property,North,Agent,Active,137752.66,131451.43,False,0,,46869.81,10164.27,121046.79
EVT00002833,2025,2025-03-29,POL00178,SME,SME Package,East,Broker,Expired,116369.33,107457.31,False,0,,31541.08,15327.65,114203.03
EVT00002834,2025,2025-11-19,POL00261,SME,SME Package,North,Direct,Active,178843.38,148267.97,False,0,,47361.56,20764.15,167734.77
EVT00002835,2025,2025-09-05,POL00231,Health,Retail Health,East,Direct,Expired,182358.16,178349.42,False,0,,24463.28,25741.7,168471.79
EVT00002836,2025,2025-10-18,POL00130,Property,Commercial Property,East,Bancassurance,Active,132507.7,100504.57,False,0,,38694.87,7466.17,112804.65
EVT00002837,2025,2025-08-25,POL00273,SME,SME Package,South,Bancassurance,Active,100090.73,99096.88,False,0,,15939.08,9753.92,88198.34
EVT00002838,2025,2025-05-11,POL00304,Health,Retail Health,Central,Direct,Expired,191452.86,174855.08,False,0,,43046.81,13049.96,163370.73
EVT00002839,2025,2025-11-11,POL00013,Travel,Travel,South,Direct,Active,215285.75,200815.26,False,0,,13575.28,31913.23,184944.88
EVT00002840,2025,2025-07-21,POL00114,Health,Retail Health,East,Bancassurance,Active,127497.25,108281.47,True,154395.82,Open,33404.08,11291.71,110751.29
EVT00002841,2025,2025-11-21,POL00397,Motor,Private Motor,South,Broker,Active,145605.98,117618.3,False,0,,37531.87,18343.94,129149.42
EVT00002842,2025,2025-09-13,POL00306,SME,SME Package,Central,Direct,Expired,206820.16,178895.78,False,0,,19976.39,35201.65,189055.75
EVT00002843,2025,2025-08-22,POL00303,Property,Commercial Property,Central,Bancassurance,Expired,79258.14,75264.29,False,0,,21759.29,7613.91,74778.22
EVT00002844,2025,2025-03-15,POL00376,SME,SME Package,North,Broker,Active,48925.68,38029.87,False,0,,6671.95,7075.85,46421.28
EVT00002845,2025,2025-12-07,POL00225,Motor,Private Motor,Central,Broker,Active,38753.94,35680.51,False,0,,3814.18,4959.0,34153.86
EVT00002846,2025,2025-07-07,POL00067,Travel,Travel,West,Agent,Active,202641.86,165691.32,True,244042.72,Open,27042.45,34447.5,182469.56
EVT00002847,2025,2025-11-05,POL00051,Motor,Private Motor,South,Bancassurance,Active,24844.48,19395.9,True,3273.26,Closed,6514.34,3841.09,23100.01
EVT00002848,2025,2025-08-15,POL00083,Motor,Private Motor,West,Direct,Active,79764.12,66932.21,False,0,,26291.69,14122.19,79134.46
EVT00002849,2025,2025-11-24,POL00400,Travel,Travel,West,Bancassurance,Expired,46702.8,42323.83,False,0,,6047.94,7864.05,41303.28
EVT00002850,2025,2025-01-22,POL00234,Health,Retail Health,South,Bancassurance,Active,53781.1,45959.05,False,0,,5707.9,8456.18,48494.79
EVT00002851,2025,2025-10-19,POL00007,Health,Retail Health,West,Agent,Active,168397.15,129148.5,True,191481.75,Settled,56602.96,23676.31,152871.76
EVT00002852,2025,2025-10-14,POL00342,Travel,Travel,East,Broker,Expired,22476.04,21928.77,False,0,,1874.94,1200.78,19716.6
EVT00002853,2025,2025-04-30,POL00291,SME,SME Package,South,Agent,Active,55060.04,50452.42,False,0,,8721.81,6162.33,48532.06
EVT00002854,2025,2025-06-24,POL00240,Travel,Travel,South,Agent,Cancelled,137807.76,137425.48,False,0,,18266.02,8424.54,123572.37
EVT00002855,2025,2025-01-31,POL00027,Health,Retail Health,West,Direct,Active,183844.77,169905.74,False,0,,31914.07,26308.85,156275.19
EVT00002856,2025,2025-12-25,POL00242,Health,Retail Health,South,Agent,Active,141190.2,108906.76,True,192153.99,Settled,21764.59,11562.12,141104.77
EVT00002857,2025,2025-08-26,POL00166,SME,SME Package,West,Agent,Active,52457.46,50003.23,False,0,,16895.49,8717.23,48649.79
EVT00002858,2025,2025-05-25,POL00180,Motor,Private Motor,West,Direct,Active,139663.67,111650.66,True,206447.94,Open,40266.39,22665.2,137275.2
EVT00002859,2025,2025-10-07,POL00035,Travel,Travel,East,Agent,Active,176602.59,144799.81,False,0,,58248.22,9910.99,163708.05
EVT00002860,2025,2025-06-21,POL00217,Travel,Travel,East,Bancassurance,Active,152747.62,127471.11,False,0,,34568.36,19056.07,132057.18
EVT00002861,2025,2025-06-23,POL00023,Property,Commercial Property,Central,Bancassurance,Active,60598.82,51695.36,False,0,,10180.83,6538.05,56069.41
EVT00002862,2025,2025-06-15,POL00054,SME,SME Package,North,Direct,Expired,36478.69,30172.11,False,0,,4296.81,4448.49,35195.19
EVT00002863,2025,2025-07-13,POL00024,Property,Commercial Property,West,Broker,Active,193869.25,158041.74,True,105368.91,Closed,59613.68,32483.32,167889.39
EVT00002864,2025,2025-12-23,POL00230,Property,Commercial Property,North,Bancassurance,Active,151902.29,139446.9,False,0,,33280.57,22124.7,148823.74
EVT00002865,2025,2025-02-16,POL00185,SME,SME Package,East,Bancassurance,Active,23979.78,22489.67,True,28930.8,Repudiated,4491.87,1670.45,21925.16
EVT00002866,2025,2025-05-23,POL00259,Travel,Travel,Central,Broker,Active,103403.53,93351.42,False,0,,19269.68,5874.36,102891.92
EVT00002867,2025,2025-08-13,POL00295,Health,Retail Health,North,Bancassurance,Expired,83551.31,76658.22,False,0,,7867.69,13886.3,83327.93
EVT00002868,2025,2025-08-10,POL00280,Motor,Private Motor,East,Bancassurance,Active,16326.84,14809.53,True,12092.37,Repudiated,2644.64,2485.4,14314.8
EVT00002869,2025,2025-09-12,POL00357,SME,SME Package,South,Agent,Expired,171972.58,169413.37,True,300056.11,Closed,32827.31,13256.43,155006.35
EVT00002870,2025,2025-10-22,POL00061,Health,Retail Health,East,Bancassurance,Expired,217927.67,217328.77,True,99993.61,Open,47022.25,20568.83,206804.59
EVT00002871,2025,2025-01-01,POL00179,SME,SME Package,North,Direct,Active,157595.54,125352.62,False,0,,25876.75,8021.29,146713.22
EVT00002872,2025,2025-11-23,POL00171,Travel,Travel,Central,Broker,Active,136418.77,126111.77,True,52040.65,Settled,9815.66,22963.1,120987.55
EVT00002873,2025,2025-08-16,POL00208,Property,Commercial Property,South,Broker,Active,76513.59,71392.46,False,0,,17977.61,10586.04,76490.24
EVT00002874,2025,2025-01-27,POL00369,Travel,Travel,North,Bancassurance,Expired,98352.32,74376.34,True,68667.83,Settled,28143.89,8082.36,90166.55
EVT00002875,2025,2025-07-15,POL00143,SME,SME Package,North,Bancassurance,Cancelled,197048.28,161762.44,False,0,,35725.81,26767.29,186316.92
EVT00002876,2025,2025-06-16,POL00123,SME,SME Package,West,Bancassurance,Active,24819.18,20834.38,False,0,,4887.84,2212.3,21119.43
EVT00002877,2025,2025-09-17,POL00131,Property,Commercial Property,Central,Bancassurance,Active,118986.88,97880.69,False,0,,23778.54,6986.78,104179.08
EVT00002878,2025,2025-03-30,POL00186,Health,Retail Health,North,Direct,Active,163610.79,143286.78,False,0,,28710.33,23256.34,155905.93
EVT00002879,2025,2025-06-10,POL00043,Health,Retail Health,South,Broker,Expired,130163.26,116666.35,False,0,,41537.19,20335.99,113747.36
EVT00002880,2025,2025-06-29,POL00289,Motor,Private Motor,North,Bancassurance,Active,34059.81,32877.64,True,43584.47,Settled,9043.3,5900.85,30271.85
EVT00002881,2025,2025-06-01,POL00215,Travel,Travel,West,Agent,Active,183457.2,149789.07,False,0,,34746.39,25765.63,166687.04
EVT00002882,2025,2025-12-08,POL00162,Travel,Travel,Central,Broker,Active,197091.93,167620.25,False,0,,28191.05,21132.64,179373.51
EVT00002883,2025,2025-09-14,POL00231,Travel,Travel,East,Bancassurance,Expired,89591.78,86485.81,False,0,,15070.65,11026.78,77842.57
EVT00002884,2025,2025-03-10,POL00344,Property,Commercial Property,South,Bancassurance,Active,194658.32,191085.05,True,129363.64,Settled,43207.9,23329.26,179916.1
EVT00002885,2025,2025-01-21,POL00304,SME,SME Package,Central,Bancassurance,Cancelled,107220.17,88432.15,True,34655.53,Repudiated,7837.95,15115.7,96956.23
EVT00002886,2025,2025-03-13,POL00213,SME,SME Package,South,Bancassurance,Expired,57217.82,50440.18,False,0,,7592.16,3319.86,55504.77
EVT00002887,2025,2025-05-03,POL00157,Travel,Travel,West,Broker,Active,60099.84,57096.36,True,28997.45,Closed,4608.97,8445.15,60098.26
EVT00002888,2025,2025-06-25,POL00124,Motor,Private Motor,North,Agent,Expired,177805.93,155949.59,False,0,,30252.81,14705.79,165318.01
EVT00002889,2025,2025-08-23,POL00268,Travel,Travel,East,Direct,Active,69384.53,54700.68,False,0,,10621.44,5963.07,63265.52
EVT00002890,2025,2025-02-15,POL00130,Property,Commercial Property,West,Broker,Active,206741.38,204552.29,False,0,,22724.12,23820.17,197829.35
EVT00002891,2025,2025-10-05,POL00337,Health,Retail Health,East,Direct,Cancelled,210510.96,205977.99,False,0,,65896.33,28506.66,185354.91
EVT00002892,2025,2025-12-21,POL00365,SME,SME Package,East,Bancassurance,Active,22477.85,20529.73,False,0,,3329.11,3118.29,22154.03
EVT00002893,2025,2025-10-31,POL00063,SME,SME Package,Central,Agent,Expired,202218.99,173512.23,True,156266.66,Settled,48562.12,21175.9,200671.34
EVT00002894,2025,2025-11-07,POL00101,Travel,Travel,Central,Direct,Active,119344.67,100305.84,True,207640.03,Repudiated,12814.25,13435.85,114455.46
EVT00002895,2025,2025-11-14,POL00025,Motor,Private Motor,North,Broker,Active,205276.17,197537.08,False,0,,47627.2,11815.01,198706.09
EVT00002896,2025,2025-02-08,POL00161,Health,Retail Health,North,Broker,Active,148006.65,116882.53,False,0,,12915.06,23956.24,133916.35
EVT00002897,2025,2025-01-19,POL00293,Motor,Private Motor,East,Direct,Expired,89130.45,85259.06,False,0,,23792.29,9289.12,78205.8
EVT00002898,2025,2025-07-16,POL00049,Travel,Travel,East,Bancassurance,Active,142019.97,114887.83,True,174315.81,Open,29338.08,12417.28,136306.36
EVT00002899,2025,2025-05-26,POL00066,Property,Commercial Property,South,Agent,Cancelled,11072.62,8452.99,False,0,,1594.58,1784.54,10668.55
EVT00002900,2025,2025-11-04,POL00034,Property,Commercial Property,South,Agent,Active,68013.48,56069.05,False,0,,10471.19,7714.2,61576.74
EVT00002901,2025,2025-06-04,POL00109,Health,Retail Health,South,Agent,Expired,143606.02,139368.6,False,0,,27240.51,9788.59,127877.49
EVT00002902,2025,2025-09-01,POL00104,Motor,Private Motor,North,Agent,Active,28392.83,25250.19,True,18805.37,Closed,9415.37,1896.6,27838.52
EVT00002903,2025,2025-06-14,POL00323,Health,Retail Health,West,Bancassurance,Active,62538.08,53123.55,False,0,,11453.47,6995.26,55270.3
EVT00002904,2025,2025-04-22,POL00159,SME,SME Package,North,Direct,Active,28632.71,27982.3,False,0,,2340.03,4749.34,25398.92
EVT00002905,2025,2025-05-11,POL00396,SME,SME Package,South,Direct,Active,158054.18,151426.52,False,0,,24296.68,27088.25,136674.71
EVT00002906,2025,2025-05-28,POL00114,Health,Retail Health,Central,Agent,Active,108180.55,104250.3,False,0,,25304.54,17859.63,100135.92
EVT00002907,2025,2025-02-26,POL00229,Travel,Travel,South,Broker,Expired,184433.52,141546.77,True,287524.65,Open,21452.24,31254.96,175820.18
EVT00002908,2025,2025-02-15,POL00076,Travel,Travel,East,Broker,Active,174952.62,144994.53,False,0,,13341.93,15293.84,153453.39
EVT00002909,2025,2025-05-22,POL00216,Health,Retail Health,South,Agent,Expired,157714.01,152051.09,False,0,,23272.4,9707.22,134148.11
EVT00002910,2025,2025-12-29,POL00129,Health,Retail Health,West,Direct,Expired,91166.75,74986.96,True,28835.32,Repudiated,20646.7,7555.42,79629.28
EVT00002911,2025,2025-11-18,POL00004,Motor,Private Motor,West,Broker,Active,196508.46,169067.86,False,0,,23913.69,13841.54,182024.19
EVT00002912,2025,2025-01-31,POL00260,Travel,Travel,Central,Direct,Active,30561.8,27517.73,True,31107.24,Settled,3527.27,1584.76,28673.09
EVT00002913,2025,2025-07-09,POL00341,Travel,Travel,South,Broker,Active,162947.47,139488.27,False,0,,53699.04,26888.31,145439.24
EVT00002914,2025,2025-04-21,POL00283,Travel,Travel,North,Bancassurance,Active,147510.85,146180.56,False,0,,18055.15,12634.05,134703.01
EVT00002915,2025,2025-02-03,POL00113,Health,Retail Health,East,Bancassurance,Active,175257.93,164773.85,False,0,,54182.56,15257.24,170586.78
EVT00002916,2025,2025-07-07,POL00172,Property,Commercial Property,West,Broker,Active,106694.35,93226.33,False,0,,36962.49,6277.69,106523.67
EVT00002917,2025,2025-11-24,POL00056,Travel,Travel,West,Bancassurance,Active,181206.71,152255.8,False,0,,26848.07,18762.02,155161.19
EVT00002918,2025,2025-01-05,POL00394,Health,Retail Health,South,Bancassurance,Expired,40530.6,36167.17,False,0,,5334.4,3376.9,35300.16
EVT00002919,2025,2025-08-21,POL00289,Health,Retail Health,South,Broker,Active,163258.77,136260.32,False,0,,36955.59,15978.89,156410.28
EVT00002920,2025,2025-10-07,POL00329,Health,Retail Health,South,Bancassurance,Active,17555.66,13474.35,True,15287.89,Closed,1180.18,2290.09,16164.89
EVT00002921,2025,2025-12-10,POL00040,Health,Retail Health,West,Broker,Active,126627.72,98828.5,False,0,,13941.06,16840.05,110456.19
EVT00002922,2025,2025-03-10,POL00098,SME,SME Package,South,Broker,Active,86287.5,66591.28,False,0,,21581.75,14805.84,80693.04
EVT00002923,2025,2025-10-03,POL00286,Property,Commercial Property,North,Bancassurance,Expired,151496.67,138907.86,False,0,,16579.94,8646.91,141174.52
EVT00002924,2025,2025-07-20,POL00109,Property,Commercial Property,West,Bancassurance,Active,140224.89,106931.91,False,0,,28288.12,12675.14,127588.63
EVT00002925,2025,2025-03-23,POL00194,SME,SME Package,East,Broker,Active,153068.18,114987.64,False,0,,36756.99,11839.37,139486.62
EVT00002926,2025,2025-10-17,POL00350,Property,Commercial Property,North,Direct,Active,46322.72,43857.54,False,0,,10249.33,7090.08,41993.89
EVT00002927,2025,2025-03-26,POL00385,Health,Retail Health,South,Broker,Active,163694.62,129271.26,True,278749.31,Repudiated,53453.43,25635.38,154013.85
EVT00002928,2025,2025-06-02,POL00243,Motor,Private Motor,East,Bancassurance,Active,173562.96,159675.2,True,80788.23,Repudiated,30348.57,11055.3,156730.08
EVT00002929,2025,2025-12-23,POL00307,Travel,Travel,North,Agent,Cancelled,192458.85,163390.62,False,0,,41315.0,28581.62,185132.22
EVT00002930,2025,2025-11-15,POL00268,Travel,Travel,Central,Broker,Active,61122.99,59505.27,True,5034.08,Closed,15528.56,9383.65,57914.13
EVT00002931,2025,2025-12-02,POL00185,Motor,Private Motor,Central,Bancassurance,Active,76689.99,72855.53,True,43471.5,Open,23392.62,13555.12,67807.66
EVT00002932,2025,2025-04-15,POL00121,Motor,Private Motor,Central,Broker,Active,33716.69,30170.56,True,30051.78,Open,9823.37,4514.74,32654.54
EVT00002933,2025,2025-04-21,POL00253,Travel,Travel,Central,Broker,Active,137303.32,130680.25,True,167419.76,Closed,13453.38,21141.12,118289.12
EVT00002934,2025,2025-11-23,POL00050,SME,SME Package,East,Broker,Active,140962.79,114196.08,True,41086.97,Open,46299.82,11489.53,137283.03
EVT00002935,2025,2025-04-06,POL00390,Health,Retail Health,North,Direct,Expired,133853.18,106327.38,True,13826.45,Closed,11599.44,17042.8,122337.4
EVT00002936,2025,2025-12-19,POL00018,Motor,Private Motor,South,Direct,Active,198283.94,195735.02,True,276673.52,Repudiated,47723.21,20195.4,185652.12
EVT00002937,2025,2025-03-31,POL00008,Motor,Private Motor,North,Agent,Active,143437.1,134537.41,True,121129.42,Settled,43442.59,23647.72,139582.13
EVT00002938,2025,2025-05-26,POL00151,Property,Commercial Property,Central,Broker,Active,54368.32,52518.01,False,0,,10563.1,5352.74,46806.21
EVT00002939,2025,2025-04-06,POL00369,Travel,Travel,East,Bancassurance,Active,32076.11,31886.61,True,42166.04,Repudiated,1707.68,3616.33,29829.36
EVT00002940,2025,2025-05-25,POL00017,Property,Commercial Property,North,Agent,Active,147239.22,137402.76,False,0,,45395.95,17799.91,141211.77
EVT00002941,2025,2025-04-20,POL00322,SME,SME Package,North,Broker,Expired,43559.02,36812.16,False,0,,2504.74,7054.2,42712.46
EVT00002942,2025,2025-01-22,POL00092,Property,Commercial Property,North,Broker,Active,164037.82,137394.11,False,0,,27117.77,15899.03,155562.16
EVT00002943,2025,2025-07-17,POL00084,Motor,Private Motor,South,Agent,Active,107072.36,89574.66,False,0,,22350.25,17955.65,94466.28
EVT00002944,2025,2025-07-30,POL00253,Motor,Private Motor,North,Agent,Active,115173.77,89632.25,False,0,,37650.56,17656.89,110716.03
EVT00002945,2025,2025-01-09,POL00378,Health,Retail Health,Central,Agent,Active,28320.35,22577.0,False,0,,3596.03,2039.27,25951.74
EVT00002946,2025,2025-01-07,POL00088,Health,Retail Health,North,Direct,Active,153383.13,150739.93,False,0,,37151.69,8130.88,152127.47
EVT00002947,2025,2025-06-13,POL00185,Health,Retail Health,North,Direct,Expired,20857.51,17430.19,False,0,,6019.68,1050.0,18540.63
EVT00002948,2025,2025-01-04,POL00084,SME,SME Package,East,Bancassurance,Expired,102675.17,82979.12,False,0,,12849.9,11168.08,94853.44
EVT00002949,2025,2025-01-04,POL00287,Health,Retail Health,North,Bancassurance,Active,147894.42,141637.67,False,0,,30019.77,13584.25,141635.96
EVT00002950,2025,2025-05-01,POL00044,Travel,Travel,South,Bancassurance,Active,143943.07,143291.76,True,188692.29,Closed,31582.89,9401.59,137241.18
EVT00002951,2025,2025-11-13,POL00067,Motor,Private Motor,East,Agent,Active,41421.83,39624.3,True,33568.53,Closed,12631.57,4947.48,35662.1
EVT00002952,2025,2025-02-15,POL00306,Motor,Private Motor,East,Agent,Active,16788.97,13913.01,True,15767.98,Settled,5150.16,1875.34,14466.15
EVT00002953,2025,2025-11-19,POL00236,Motor,Private Motor,West,Direct,Active,207101.99,199739.89,False,0,,67040.52,25328.49,205614.85
EVT00002954,2025,2025-03-03,POL00337,Motor,Private Motor,South,Direct,Expired,102940.17,94196.54,True,118704.56,Open,34177.18,12405.64,97653.84
EVT00002955,2025,2025-08-26,POL00296,Motor,Private Motor,North,Agent,Cancelled,209152.14,171210.62,False,0,,54298.05,24048.35,199589.79
EVT00002956,2025,2025-02-08,POL00225,Travel,Travel,North,Direct,Active,127672.8,119303.64,True,11848.02,Closed,36647.76,13850.02,114390.17
EVT00002957,2025,2025-08-24,POL00248,Travel,Travel,North,Broker,Expired,149081.9,132500.97,True,264413.89,Closed,21110.01,17237.48,130345.95
EVT00002958,2025,2025-10-16,POL00337,Health,Retail Health,East,Broker,Expired,20575.57,20150.72,False,0,,5006.03,1517.16,18315.67
EVT00002959,2025,2025-11-18,POL00285,Travel,Travel,South,Direct,Expired,113756.39,113144.1,False,0,,26826.0,18648.42,99937.96
EVT00002960,2025,2025-04-11,POL00372,Property,Commercial Property,West,Agent,Active,199042.02,150774.97,False,0,,24443.07,22968.21,189069.36
EVT00002961,2025,2025-06-27,POL00366,SME,SME Package,Central,Direct,Expired,68670.54,56412.81,True,57865.62,Closed,10007.26,10207.43,66569.88
EVT00002962,2025,2025-04-26,POL00068,Health,Retail Health,Central,Agent,Active,125205.69,114610.58,False,0,,35897.75,8791.66,111099.92
EVT00002963,2025,2025-12-20,POL00121,Property,Commercial Property,North,Bancassurance,Active,19982.43,15508.17,False,0,,2472.88,3024.16,17334.83
EVT00002964,2025,2025-09-28,POL00069,Motor,Private Motor,East,Bancassurance,Active,62150.3,57318.66,False,0,,21235.99,6465.39,56567.51
EVT00002965,2025,2025-04-15,POL00285,Travel,Travel,South,Broker,Active,105386.46,86504.17,True,70783.54,Open,28671.33,17380.73,104490.08
EVT00002966,2025,2025-05-28,POL00139,Property,Commercial Property,South,Agent,Active,107043.98,87378.34,False,0,,14762.26,13251.16,98663.26
EVT00002967,2025,2025-07-28,POL00086,Motor,Private Motor,Central,Direct,Active,140597.51,116001.9,True,30423.44,Settled,10176.21,18435.88,122102.25
EVT00002968,2025,2025-08-14,POL00140,Travel,Travel,Central,Broker,Expired,148053.04,121709.72,False,0,,46419.46,26470.5,129698.82
EVT00002969,2025,2025-05-03,POL00373,Health,Retail Health,East,Broker,Active,139815.44,123328.13,False,0,,39064.72,17349.63,121323.21
EVT00002970,2025,2025-10-19,POL00002,Motor,Private Motor,West,Direct,Expired,63351.2,63059.34,False,0,,18313.64,4981.39,56489.88
EVT00002971,2025,2025-07-27,POL00091,Health,Retail Health,North,Direct,Cancelled,180306.61,160369.44,True,240996.71,Open,10406.09,20809.61,157055.55
EVT00002972,2025,2025-01-07,POL00154,Health,Retail Health,West,Bancassurance,Expired,73410.16,68726.17,False,0,,17670.32,12459.11,69356.87
EVT00002973,2025,2025-11-07,POL00218,Travel,Travel,Central,Bancassurance,Active,13614.81,12964.71,False,0,,2368.52,2008.1,13437.41
EVT00002974,2025,2025-02-12,POL00053,Health,Retail Health,North,Bancassurance,Active,156411.35,118754.3,False,0,,27750.84,25093.94,139196.56
EVT00002975,2025,2025-05-11,POL00180,SME,SME Package,North,Agent,Active,42914.27,32209.58,False,0,,4604.84,4462.7,36487.74
EVT00002976,2025,2025-11-24,POL00390,Motor,Private Motor,South,Bancassurance,Active,204811.44,185404.74,False,0,,71378.65,33139.87,203641.68
EVT00002977,2025,2025-08-25,POL00069,Motor,Private Motor,South,Agent,Active,196375.59,160255.91,False,0,,42102.69,13418.6,167999.9
EVT00002978,2025,2025-01-08,POL00317,Travel,Travel,West,Bancassurance,Active,63388.93,48055.47,True,10493.57,Open,8461.11,5391.81,56327.92
EVT00002979,2025,2025-09-23,POL00329,Travel,Travel,South,Bancassurance,Active,157577.99,139191.01,False,0,,41840.24,15129.92,142644.66
EVT00002980,2025,2025-11-08,POL00361,Property,Commercial Property,Central,Direct,Active,76617.73,66476.19,False,0,,24411.74,12771.95,73196.68
EVT00002981,2025,2025-04-17,POL00258,Health,Retail Health,Central,Broker,Active,74651.02,64906.46,False,0,,22114.5,9956.25,72955.89
EVT00002982,2025,2025-02-22,POL00200,Travel,Travel,West,Agent,Active,160616.85,124466.21,False,0,,18555.33,13722.66,152730.23
EVT00002983,2025,2025-10-10,POL00163,Motor,Private Motor,East,Broker,Active,214751.04,179370.81,False,0,,58545.94,35153.55,199634.9
EVT00002984,2025,2025-06-17,POL00324,Travel,Travel,Central,Bancassurance,Active,11196.61,10125.66,True,8270.61,Repudiated,3607.11,1131.57,11040.0
EVT00002985,2025,2025-02-23,POL00042,Health,Retail Health,North,Agent,Active,69684.31,59047.35,False,0,,11421.74,11079.79,62218.11
EVT00002986,2025,2025-05-04,POL00270,Motor,Private Motor,South,Direct,Active,70199.64,61454.68,False,0,,16283.73,5646.67,63937.27
EVT00002987,2025,2025-12-16,POL00173,Health,Retail Health,East,Broker,Active,104069.24,97041.86,False,0,,6391.95,11254.47,102422.49
EVT00002988,2025,2025-06-19,POL00186,Property,Commercial Property,West,Broker,Active,190259.38,169337.07,False,0,,50994.1,27504.78,183122.14
EVT00002989,2025,2025-12-04,POL00039,Health,Retail Health,South,Direct,Expired,165827.71,158757.22,False,0,,47747.24,26522.69,142231.55
EVT00002990,2025,2025-07-23,POL00252,Property,Commercial Property,South,Broker,Expired,132865.56,120726.17,True,67648.5,Repudiated,19707.5,9443.3,128611.3
EVT00002991,2025,2025-02-15,POL00255,Property,Commercial Property,Central,Agent,Active,181825.72,166587.52,False,0,,11166.69,9113.07,169832.6
EVT00002992,2025,2025-02-05,POL00176,SME,SME Package,North,Broker,Active,95948.34,89706.8,False,0,,14013.17,15239.51,89376.23
EVT00002993,2025,2025-03-27,POL00363,Health,Retail Health,Central,Bancassurance,Active,60503.45,47813.23,False,0,,4301.61,4054.3,55370.21
EVT00002994,2025,2025-08-18,POL00012,Property,Commercial Property,North,Direct,Active,92348.95,74942.74,True,69534.52,Open,19223.64,10598.28,85367.73
EVT00002995,2025,2025-09-04,POL00074,SME,SME Package,South,Bancassurance,Expired,219279.21,213419.05,True,88591.74,Open,29834.39,31257.55,206549.1
EVT00002996,2025,2025-05-08,POL00044,Travel,Travel,North,Broker,Active,183593.67,174568.92,True,168241.77,Settled,25255.63,11252.24,173957.89
EVT00002997,2025,2025-10-25,POL00215,Travel,Travel,North,Broker,Active,141657.77,138754.86,True,121741.35,Open,38155.29,19681.92,121828.81
EVT00002998,2025,2025-11-13,POL00124,Travel,Travel,West,Bancassurance,Active,105029.27,90949.5,True,80404.95,Repudiated,17145.25,10126.97,93982.22
EVT00002999,2025,2025-04-15,POL00030,Health,Retail Health,East,Agent,Active,178855.6,165254.07,True,249067.99,Open,14731.19,10117.48,162270.82
EVT00003000,2025,2025-02-12,POL00294,Property,Commercial Property,East,Broker,Active,18455.05,16693.83,False,0,,1986.54,1521.32,17493.91
EVT00003001,2025,2025-08-10,POL00106,Property,Commercial Property,North,Direct,Cancelled,118244.56,98626.64,False,0,,22389.96,8114.33,104949.13
EVT00003002,2025,2025-09-02,POL00071,Travel,Travel,North,Bancassurance,Active,160067.89,132849.39,False,0,,43843.4,14182.65,155625.2
EVT00003003,2025,2025-10-24,POL00224,Health,Retail Health,North,Bancassurance,Cancelled,127247.26,103219.27,False,0,,31591.77,13858.7,124932.96
EVT00003004,2025,2025-03-22,POL00233,Health,Retail Health,North,Broker,Active,19380.18,17281.24,False,0,,6307.63,1837.9,18411.26
EVT00003005,2025,2025-11-05,POL00118,Property,Commercial Property,Central,Broker,Active,170903.0,135047.89,False,0,,36078.29,20336.4,164917.39
EVT00003006,2025,2025-12-25,POL00044,SME,SME Package,Central,Direct,Expired,83946.14,64692.05,False,0,,12604.01,10552.79,80787.33
EVT00003007,2025,2025-07-09,POL00299,Property,Commercial Property,East,Bancassurance,Active,70159.65,57855.88,True,42628.22,Closed,20865.47,3561.84,62349.07
EVT00003008,2025,2025-09-07,POL00087,Property,Commercial Property,South,Bancassurance,Active,85481.38,69574.28,False,0,,24468.1,9853.77,78684.66
EVT00003009,2025,2025-06-25,POL00307,Property,Commercial Property,North,Agent,Expired,71867.37,62011.24,True,120935.31,Closed,12724.53,4931.74,68004.64
EVT00003010,2025,2025-05-04,POL00023,Health,Retail Health,Central,Agent,Active,154532.77,141630.5,False,0,,49464.81,8378.57,146077.8
EVT00003011,2025,2025-05-18,POL00139,Travel,Travel,North,Broker,Active,28721.76,26306.42,True,26732.43,Closed,8345.61,4220.61,26073.65
EVT00003012,2025,2025-10-15,POL00180,Travel,Travel,East,Broker,Active,69179.23,54983.34,False,0,,22585.41,11318.87,67821.98
EVT00003013,2025,2025-06-27,POL00387,Travel,Travel,West,Direct,Expired,211408.05,194498.32,False,0,,66668.29,24890.96,195809.0
EVT00003014,2025,2025-01-23,POL00184,Travel,Travel,North,Direct,Active,96166.53,82135.84,False,0,,16769.03,17132.0,94601.23
EVT00003015,2025,2025-02-06,POL00290,Health,Retail Health,West,Broker,Active,94354.42,71099.62,False,0,,15205.1,6182.52,86051.05
EVT00003016,2025,2025-11-07,POL00113,Health,Retail Health,Central,Direct,Active,47830.49,37447.67,False,0,,15752.11,5567.41,43333.42
EVT00003017,2025,2025-12-25,POL00207,Motor,Private Motor,Central,Broker,Active,38808.76,35985.64,False,0,,7191.84,5669.18,34803.06
EVT00003018,2025,2025-08-06,POL00199,SME,SME Package,West,Direct,Active,129066.5,123493.32,False,0,,44801.64,18861.57,111357.44
EVT00003019,2025,2025-06-27,POL00115,Motor,Private Motor,East,Broker,Active,18801.45,17431.87,False,0,,5875.75,3357.93,16490.09
EVT00003020,2025,2025-02-26,POL00289,Motor,Private Motor,West,Direct,Active,8916.77,6956.2,False,0,,1530.21,1508.48,8603.99
EVT00003021,2025,2025-09-26,POL00250,Travel,Travel,South,Agent,Expired,27181.08,25995.27,False,0,,3346.4,4879.15,25760.54
EVT00003022,2025,2025-08-21,POL00186,Property,Commercial Property,South,Bancassurance,Active,175080.76,138916.81,True,61859.11,Repudiated,33464.06,23347.46,158083.54
EVT00003023,2025,2025-03-23,POL00192,Travel,Travel,Central,Direct,Active,136892.99,113258.01,True,197545.62,Open,41263.49,19478.72,120816.71
EVT00003024,2025,2025-06-16,POL00241,Health,Retail Health,North,Broker,Expired,73410.05,64669.87,False,0,,10378.84,10300.85,66593.23
EVT00003025,2025,2025-12-27,POL00066,Health,Retail Health,East,Bancassurance,Active,126039.34,116287.11,True,219111.84,Open,32268.55,13335.56,122717.16
EVT00003026,2025,2025-09-15,POL00369,SME,SME Package,East,Bancassurance,Cancelled,148199.06,131978.01,True,174294.63,Open,38983.95,9218.77,146645.59
EVT00003027,2025,2025-11-12,POL00391,Motor,Private Motor,West,Bancassurance,Expired,14364.24,14146.11,False,0,,2544.91,1452.54,13054.83
EVT00003028,2025,2025-12-17,POL00156,Travel,Travel,South,Agent,Active,41573.47,41071.02,False,0,,8507.03,3896.16,36537.85
EVT00003029,2025,2025-02-25,POL00252,SME,SME Package,North,Broker,Active,135458.1,135047.97,True,57165.02,Settled,15660.62,17918.73,119161.18
EVT00003030,2025,2025-11-20,POL00338,Health,Retail Health,South,Direct,Expired,34742.61,32043.75,False,0,,5176.88,3776.93,30042.68
EVT00003031,2025,2025-06-18,POL00176,Motor,Private Motor,South,Agent,Active,114280.95,101580.02,False,0,,8013.12,16128.6,110387.43
EVT00003032,2025,2025-02-07,POL00078,Property,Commercial Property,Central,Direct,Expired,135970.08,118990.73,True,177837.55,Closed,27507.23,22697.48,134120.67
EVT00003033,2025,2025-03-12,POL00168,Motor,Private Motor,East,Bancassurance,Active,95695.05,85511.76,True,125856.39,Repudiated,29391.35,10264.28,93386.1
EVT00003034,2025,2025-10-15,POL00261,Health,Retail Health,South,Bancassurance,Active,128309.33,106746.61,True,214763.84,Open,40649.82,22378.28,119893.33
EVT00003035,2025,2025-07-22,POL00135,SME,SME Package,East,Broker,Active,165872.32,135021.11,False,0,,31085.39,26270.07,165542.7
EVT00003036,2025,2025-02-16,POL00040,Health,Retail Health,Central,Bancassurance,Active,80066.52,75601.69,False,0,,25996.76,11362.59,75053.8
EVT00003037,2025,2025-07-16,POL00358,Property,Commercial Property,Central,Direct,Expired,165900.63,145808.75,True,64574.06,Settled,56038.27,24616.84,159843.97
EVT00003038,2025,2025-01-18,POL00008,Motor,Private Motor,Central,Direct,Active,143068.96,108399.45,False,0,,31271.47,13238.64,126538.93
EVT00003039,2025,2025-10-09,POL00362,SME,SME Package,West,Agent,Cancelled,100928.27,75714.3,True,164229.26,Closed,33096.89,14387.76,94124.4
EVT00003040,2025,2025-01-09,POL00052,Motor,Private Motor,South,Agent,Expired,130502.13,111805.2,False,0,,23305.48,10254.74,114135.04
EVT00003041,2025,2025-10-24,POL00103,Travel,Travel,South,Direct,Expired,114696.86,114322.0,False,0,,20204.8,5749.18,108513.54
EVT00003042,2025,2025-01-18,POL00323,Motor,Private Motor,East,Bancassurance,Active,77107.05,73358.28,False,0,,23437.0,9758.97,71198.17
EVT00003043,2025,2025-05-19,POL00163,Property,Commercial Property,West,Bancassurance,Active,59725.61,50654.34,False,0,,3087.29,10333.46,59676.94
EVT00003044,2025,2025-01-30,POL00218,SME,SME Package,Central,Bancassurance,Expired,59110.41,54102.01,False,0,,12132.13,6817.78,54976.82
EVT00003045,2025,2025-09-18,POL00083,Property,Commercial Property,South,Agent,Active,133036.95,105634.58,False,0,,23397.47,12121.1,132726.42
EVT00003046,2025,2025-08-28,POL00025,Motor,Private Motor,Central,Direct,Active,72841.27,70099.09,False,0,,12079.39,11520.41,68562.53
EVT00003047,2025,2025-06-13,POL00394,Motor,Private Motor,North,Agent,Active,130940.28,100025.14,False,0,,7918.83,10115.47,121246.8
EVT00003048,2025,2025-01-17,POL00132,Travel,Travel,West,Broker,Active,162434.39,133320.35,False,0,,44827.22,13020.26,152048.44
EVT00003049,2025,2025-04-13,POL00284,SME,SME Package,East,Agent,Active,129767.94,107641.11,False,0,,25868.36,15322.72,113095.06
EVT00003050,2025,2025-10-26,POL00007,Property,Commercial Property,East,Broker,Expired,122811.58,99880.17,False,0,,12593.47,16202.98,106297.68
EVT00003051,2025,2025-06-10,POL00336,Motor,Private Motor,South,Direct,Active,190281.6,143396.24,False,0,,47294.39,16506.8,185306.45
EVT00003052,2025,2025-08-09,POL00290,Travel,Travel,Central,Agent,Expired,56393.09,53173.04,True,56414.88,Repudiated,14313.38,10057.33,51226.26
EVT00003053,2025,2025-11-10,POL00019,Travel,Travel,South,Direct,Expired,185556.46,180650.52,False,0,,55562.0,9680.55,163636.28
EVT00003054,2025,2025-12-07,POL00241,SME,SME Package,South,Bancassurance,Active,149853.68,136834.26,True,29652.27,Closed,25810.81,10630.68,144374.15
EVT00003055,2025,2025-06-16,POL00105,SME,SME Package,West,Agent,Active,167447.44,135731.05,True,4317.42,Open,25866.49,15096.94,144335.8
EVT00003056,2025,2025-02-06,POL00061,Health,Retail Health,South,Agent,Active,107619.64,91879.23,False,0,,32152.71,11061.03,98778.46
EVT00003057,2025,2025-09-15,POL00304,Health,Retail Health,Central,Broker,Expired,193409.25,147913.38,True,337825.14,Repudiated,28213.95,20679.5,165369.64
EVT00003058,2025,2025-11-02,POL00320,Health,Retail Health,South,Agent,Active,10747.43,9237.16,False,0,,894.5,1755.58,9408.97
EVT00003059,2025,2025-05-13,POL00242,Health,Retail Health,West,Direct,Active,194654.26,149112.19,False,0,,26189.01,31027.61,179372.68
EVT00003060,2025,2025-09-23,POL00358,Property,Commercial Property,North,Direct,Active,103952.8,97859.02,False,0,,27625.75,18340.71,92993.64
EVT00003061,2025,2025-02-23,POL00273,Health,Retail Health,East,Broker,Expired,146795.37,144892.19,False,0,,9476.99,9486.69,136239.88
EVT00003062,2025,2025-09-11,POL00391,Motor,Private Motor,North,Direct,Expired,108980.53,88537.3,True,170010.62,Open,15903.54,11510.22,104665.37
EVT00003063,2025,2025-02-04,POL00019,Property,Commercial Property,North,Bancassurance,Expired,187441.19,165513.27,False,0,,39995.98,21653.32,165215.88
EVT00003064,2025,2025-06-03,POL00299,Health,Retail Health,East,Bancassurance,Active,20832.87,19579.78,False,0,,6998.2,1181.45,20588.31
EVT00003065,2025,2025-03-12,POL00383,Property,Commercial Property,West,Broker,Active,189071.38,178550.77,False,0,,23305.5,24782.88,185830.8
EVT00003066,2025,2025-03-10,POL00143,Property,Commercial Property,West,Agent,Active,75159.99,72917.05,False,0,,14367.03,8941.08,74626.65
EVT00003067,2025,2025-12-10,POL00207,Health,Retail Health,Central,Agent,Expired,50936.31,40318.48,True,63060.66,Closed,9636.96,5046.75,48377.47
EVT00003068,2025,2025-04-21,POL00200,Health,Retail Health,Central,Bancassurance,Active,106090.93,99084.59,False,0,,28326.46,7785.19,104376.51
EVT00003069,2025,2025-07-31,POL00324,Travel,Travel,North,Broker,Active,81043.02,80912.88,False,0,,22467.34,11975.96,77336.08
EVT00003070,2025,2025-03-31,POL00270,Motor,Private Motor,Central,Broker,Expired,176863.4,139501.76,False,0,,59324.71,10918.83,171403.24
EVT00003071,2025,2025-05-21,POL00360,Health,Retail Health,South,Agent,Expired,170029.76,163878.72,True,75930.74,Settled,52753.85,10596.78,157323.44
EVT00003072,2025,2025-01-02,POL00175,Property,Commercial Property,East,Agent,Expired,137938.22,114430.02,False,0,,43636.08,23328.65,119017.33
EVT00003073,2025,2025-11-10,POL00027,Health,Retail Health,East,Bancassurance,Active,51041.37,49954.89,False,0,,9153.13,3817.99,48497.5
EVT00003074,2025,2025-03-17,POL00005,Property,Commercial Property,West,Bancassurance,Active,29255.49,27999.83,False,0,,7727.47,3951.01,25272.55
EVT00003075,2025,2025-07-17,POL00400,Property,Commercial Property,North,Bancassurance,Active,122457.68,119617.37,False,0,,16856.5,16074.27,109563.92
EVT00003076,2025,2025-05-29,POL00026,SME,SME Package,Central,Broker,Active,130243.39,125393.07,False,0,,13431.74,16637.04,123426.45
EVT00003077,2025,2025-07-21,POL00203,Travel,Travel,South,Bancassurance,Active,92084.65,74682.65,False,0,,12712.66,5105.58,84751.34
EVT00003078,2025,2025-12-08,POL00078,SME,SME Package,North,Broker,Expired,156611.73,133324.57,False,0,,32053.72,24320.61,151511.42
EVT00003079,2025,2025-02-18,POL00256,Property,Commercial Property,Central,Agent,Active,99818.73,99787.28,True,118190.89,Closed,30697.68,13812.47,88270.77
EVT00003080,2025,2025-06-06,POL00032,Motor,Private Motor,West,Bancassurance,Active,87573.23,69597.15,False,0,,8153.35,7499.4,85433.19
EVT00003081,2025,2025-02-23,POL00038,Property,Commercial Property,North,Direct,Active,201723.08,194336.82,False,0,,19940.81,25163.31,173762.83
EVT00003082,2025,2025-01-31,POL00325,Motor,Private Motor,Central,Direct,Active,24917.35,21071.67,False,0,,4344.88,1387.62,23645.91
EVT00003083,2025,2025-07-14,POL00094,Travel,Travel,North,Direct,Active,11728.55,9101.07,True,14955.74,Closed,2384.81,1553.4,10155.67
EVT00003084,2025,2025-04-24,POL00069,Property,Commercial Property,East,Agent,Cancelled,96279.59,87289.16,False,0,,13129.37,17164.5,94454.71
EVT00003085,2025,2025-01-08,POL00076,Motor,Private Motor,West,Direct,Active,45672.38,42056.21,True,19749.76,Closed,7031.88,6692.36,44625.14
EVT00003086,2025,2025-06-27,POL00236,Motor,Private Motor,North,Agent,Active,168261.29,152131.13,False,0,,16940.41,22876.64,143666.56
EVT00003087,2025,2025-02-11,POL00328,Motor,Private Motor,West,Bancassurance,Active,61547.28,51389.18,False,0,,15209.41,9287.88,56927.69
EVT00003088,2025,2025-10-24,POL00131,Travel,Travel,Central,Direct,Active,163934.98,125655.66,False,0,,47523.47,19969.32,143422.64
EVT00003089,2025,2025-12-15,POL00092,Health,Retail Health,North,Broker,Active,150352.41,133395.45,False,0,,36997.61,8447.19,141027.02
EVT00003090,2025,2025-01-24,POL00182,Health,Retail Health,North,Bancassurance,Expired,124079.17,96787.9,False,0,,21728.33,13141.78,111686.72
EVT00003091,2025,2025-05-07,POL00168,Motor,Private Motor,West,Broker,Cancelled,36804.66,34502.86,False,0,,4398.35,4714.75,32601.25
EVT00003092,2025,2025-09-16,POL00353,Health,Retail Health,East,Agent,Expired,43697.94,35511.16,False,0,,4176.99,7713.24,40821.44
EVT00003093,2025,2025-07-02,POL00145,Property,Commercial Property,North,Broker,Active,91312.74,74348.9,False,0,,20779.25,6397.99,87632.96
EVT00003094,2025,2025-01-24,POL00378,SME,SME Package,North,Broker,Active,13575.7,11576.29,True,5058.5,Repudiated,3347.88,2142.7,12742.39
EVT00003095,2025,2025-01-15,POL00264,Property,Commercial Property,North,Direct,Cancelled,167837.16,137306.82,False,0,,51439.11,22809.54,151084.83
EVT00003096,2025,2025-10-18,POL00162,Motor,Private Motor,Central,Broker,Expired,106924.38,84748.14,True,12849.43,Settled,14614.65,11886.53,101966.39
EVT00003097,2025,2025-05-22,POL00055,Motor,Private Motor,West,Agent,Active,61301.97,56922.81,True,79216.63,Settled,10319.9,8481.01,56742.25
EVT00003098,2025,2025-04-23,POL00272,Travel,Travel,East,Bancassurance,Expired,109518.92,103515.45,False,0,,18777.94,18939.3,100360.13
EVT00003099,2025,2025-11-24,POL00202,Travel,Travel,North,Direct,Expired,176524.74,144014.03,True,178730.97,Open,19044.93,20684.91,155625.25
EVT00003100,2025,2025-12-29,POL00079,Property,Commercial Property,South,Direct,Active,53780.35,43657.1,False,0,,9177.41,3644.97,50615.65
EVT00003101,2025,2025-02-20,POL00169,Travel,Travel,West,Direct,Active,202622.61,173178.29,False,0,,44106.05,11482.94,192484.57
EVT00003102,2025,2025-07-17,POL00219,Health,Retail Health,West,Bancassurance,Active,105505.85,83071.87,False,0,,22793.76,8683.57,93543.14
EVT00003103,2025,2025-12-24,POL00138,Health,Retail Health,Central,Broker,Expired,54685.28,43873.9,False,0,,18780.2,4442.79,49490.41
EVT00003104,2025,2025-02-13,POL00204,Motor,Private Motor,Central,Direct,Active,135218.67,120305.88,False,0,,16364.43,19150.49,115548.31
EVT00003105,2025,2025-11-12,POL00131,SME,SME Package,Central,Bancassurance,Expired,72571.04,72176.88,True,65466.71,Repudiated,22269.45,3977.06,69967.75
EVT00003106,2025,2025-08-19,POL00021,SME,SME Package,West,Bancassurance,Active,135868.79,114285.83,False,0,,46602.82,12735.11,125256.24
EVT00003107,2025,2025-07-25,POL00120,SME,SME Package,West,Agent,Expired,14639.64,11713.8,False,0,,825.25,1626.73,14438.76
EVT00003108,2025,2025-01-17,POL00278,SME,SME Package,North,Agent,Active,166113.47,136766.95,True,202633.65,Settled,29700.16,22107.47,163382.74
EVT00003109,2025,2025-09-17,POL00243,Health,Retail Health,North,Bancassurance,Active,177997.83,163643.65,False,0,,58198.02,22510.53,161636.42
EVT00003110,2025,2025-02-26,POL00237,Health,Retail Health,South,Bancassurance,Active,169797.87,132387.78,True,262967.96,Repudiated,59262.61,28735.89,155014.74
EVT00003111,2025,2025-09-09,POL00075,Travel,Travel,East,Bancassurance,Active,124433.95,95399.65,False,0,,37617.0,15714.77,107965.15
EVT00003112,2025,2025-09-29,POL00389,SME,SME Package,Central,Direct,Expired,42896.24,38364.81,False,0,,2968.18,7047.6,36628.02
EVT00003113,2025,2025-06-14,POL00150,Motor,Private Motor,East,Direct,Expired,48979.83,45468.74,True,70688.18,Closed,9145.51,5099.9,42543.72
EVT00003114,2025,2025-02-18,POL00189,SME,SME Package,West,Bancassurance,Active,182175.05,156452.26,False,0,,23069.8,22073.56,180042.67
EVT00003115,2025,2025-03-04,POL00139,Property,Commercial Property,North,Agent,Active,163657.8,124224.83,False,0,,28327.4,11352.88,158115.33
EVT00003116,2025,2025-09-15,POL00027,Travel,Travel,East,Agent,Active,218272.42,190239.0,False,0,,45229.62,15491.39,209529.84
EVT00003117,2025,2025-03-18,POL00339,Property,Commercial Property,East,Broker,Active,51700.1,42230.94,False,0,,13615.45,6454.45,49690.4
EVT00003118,2025,2025-07-07,POL00192,Motor,Private Motor,Central,Bancassurance,Active,180238.93,153557.51,False,0,,26406.96,15475.62,173013.98
EVT00003119,2025,2025-11-28,POL00261,Travel,Travel,Central,Broker,Cancelled,110674.77,84857.85,True,140517.3,Closed,37870.21,16250.52,96445.46
EVT00003120,2025,2025-09-01,POL00366,SME,SME Package,North,Bancassurance,Active,113059.83,88197.19,False,0,,29894.67,5682.72,106872.84
EVT00003121,2025,2025-02-20,POL00149,Health,Retail Health,North,Direct,Active,204041.59,170894.74,False,0,,13805.81,17987.74,179586.54
EVT00003122,2025,2025-12-28,POL00210,Travel,Travel,West,Bancassurance,Active,109822.93,109813.62,False,0,,38128.74,18074.11,102832.48
EVT00003123,2025,2025-08-23,POL00377,Travel,Travel,North,Bancassurance,Active,165153.31,137316.52,False,0,,47733.79,14604.81,165142.93
EVT00003124,2025,2025-08-13,POL00081,SME,SME Package,Central,Agent,Active,52659.76,46706.02,True,86384.16,Repudiated,9929.34,3560.54,51590.31
EVT00003125,2025,2025-08-04,POL00018,Health,Retail Health,East,Direct,Active,23234.87,21145.76,False,0,,5166.65,2123.99,20826.51
EVT00003126,2025,2025-12-16,POL00140,Travel,Travel,South,Direct,Active,183146.16,154939.37,False,0,,58130.41,12909.02,173623.61
EVT00003127,2025,2025-02-03,POL00105,Travel,Travel,Central,Agent,Active,200506.04,166433.67,False,0,,31133.84,27310.14,175987.66
EVT00003128,2025,2025-08-13,POL00122,Property,Commercial Property,North,Bancassurance,Active,191409.14,150960.99,False,0,,12752.99,29823.9,175099.92
EVT00003129,2025,2025-04-24,POL00223,Travel,Travel,East,Direct,Active,76756.23,71688.08,True,24189.53,Open,19763.33,7947.61,71750.15
EVT00003130,2025,2025-01-17,POL00172,Health,Retail Health,South,Bancassurance,Expired,106868.71,97932.6,False,0,,33860.3,8674.41,106339.97
EVT00003131,2025,2025-06-01,POL00171,Travel,Travel,South,Broker,Active,88170.76,83904.52,False,0,,24437.62,14869.16,82352.69
EVT00003132,2025,2025-03-22,POL00183,Property,Commercial Property,East,Broker,Active,74844.21,56697.71,True,99823.53,Settled,25786.32,3823.93,74440.27
EVT00003133,2025,2025-12-24,POL00319,Property,Commercial Property,North,Bancassurance,Active,196570.53,160545.86,True,273992.84,Settled,64576.54,24820.62,191775.32
EVT00003134,2025,2025-06-21,POL00280,SME,SME Package,West,Broker,Expired,75408.31,64043.26,True,55983.55,Settled,13518.12,4113.44,71428.53
EVT00003135,2025,2025-10-27,POL00341,Property,Commercial Property,North,Direct,Active,177671.75,175516.41,False,0,,32695.29,30875.05,153034.62
EVT00003136,2025,2025-09-29,POL00103,Travel,Travel,Central,Direct,Active,54190.47,51956.62,True,78881.54,Settled,15150.0,4479.01,53118.48
EVT00003137,2025,2025-12-25,POL00331,Motor,Private Motor,North,Bancassurance,Active,41814.76,33424.21,True,58160.65,Repudiated,5568.45,4138.49,37548.67
EVT00003138,2025,2025-01-02,POL00221,Property,Commercial Property,South,Broker,Expired,35031.36,32186.36,True,55774.37,Repudiated,2162.76,4832.44,30274.7
EVT00003139,2025,2025-12-04,POL00055,Property,Commercial Property,Central,Agent,Active,160754.74,123471.77,False,0,,21177.97,24221.11,150037.78
EVT00003140,2025,2025-07-25,POL00129,Health,Retail Health,West,Direct,Active,170033.53,164275.02,False,0,,45905.93,11140.62,147991.06
EVT00003141,2025,2025-06-18,POL00264,Motor,Private Motor,West,Broker,Active,11011.47,10603.16,False,0,,2340.51,1399.12,10801.08
EVT00003142,2025,2025-02-27,POL00336,SME,SME Package,North,Agent,Active,48829.12,40071.86,False,0,,7420.8,2653.04,47648.79
EVT00003143,2025,2025-10-30,POL00356,Motor,Private Motor,East,Bancassurance,Cancelled,158563.2,132450.79,False,0,,42209.12,21477.05,154052.68
EVT00003144,2025,2025-11-22,POL00303,Motor,Private Motor,South,Agent,Expired,219925.81,170289.29,False,0,,48497.75,22947.62,216287.41
EVT00003145,2025,2025-03-23,POL00039,Health,Retail Health,East,Bancassurance,Cancelled,183845.53,173540.06,True,40629.65,Settled,40408.26,29840.61,167203.99
EVT00003146,2025,2025-02-10,POL00027,Travel,Travel,East,Direct,Active,154331.37,128134.84,True,50309.83,Open,47625.71,10698.65,136846.2
EVT00003147,2025,2025-09-20,POL00371,Property,Commercial Property,West,Direct,Active,153611.88,134235.13,False,0,,13209.85,16059.21,138736.63
EVT00003148,2025,2025-01-21,POL00324,Motor,Private Motor,South,Agent,Active,129836.29,108587.4,True,57243.64,Repudiated,17814.91,8186.89,115632.27
EVT00003149,2025,2025-10-10,POL00271,Travel,Travel,South,Direct,Active,196189.75,184853.09,False,0,,11161.25,35216.61,195990.15
EVT00003150,2025,2025-07-05,POL00251,Travel,Travel,East,Agent,Expired,95602.83,93035.9,False,0,,21085.5,14906.07,94633.94
EVT00003151,2025,2025-01-19,POL00251,Property,Commercial Property,East,Bancassurance,Active,166124.53,153159.73,False,0,,18277.57,13605.93,163246.73
EVT00003152,2025,2025-09-19,POL00266,Health,Retail Health,East,Direct,Active,204207.9,196059.97,False,0,,39238.11,24290.96,190871.04
EVT00003153,2025,2025-03-25,POL00064,SME,SME Package,South,Agent,Active,89211.64,75403.7,True,61376.8,Repudiated,26145.31,15499.94,81658.86
EVT00003154,2025,2025-12-27,POL00072,Health,Retail Health,West,Broker,Active,44891.65,37489.65,False,0,,3897.93,3445.97,43137.71
EVT00003155,2025,2025-09-12,POL00386,Property,Commercial Property,East,Bancassurance,Expired,182092.49,172035.52,True,296941.32,Closed,57942.76,9524.75,178292.96
EVT00003156,2025,2025-04-20,POL00042,Motor,Private Motor,West,Broker,Active,84925.19,83102.99,True,60934.14,Settled,11060.39,6710.56,76832.94
EVT00003157,2025,2025-12-06,POL00143,Motor,Private Motor,East,Broker,Active,14497.96,11659.85,False,0,,3925.86,958.03,13472.78
EVT00003158,2025,2025-01-27,POL00384,Travel,Travel,West,Agent,Expired,97470.1,84953.78,False,0,,18637.09,13057.77,84834.22
EVT00003159,2025,2025-08-17,POL00365,Motor,Private Motor,North,Agent,Active,124876.5,109557.18,True,106852.98,Closed,21014.74,19106.88,118178.33
EVT00003160,2025,2025-11-12,POL00241,Travel,Travel,Central,Direct,Active,47938.53,47137.9,False,0,,4445.82,4419.23,45000.9
EVT00003161,2025,2025-06-23,POL00067,Health,Retail Health,East,Broker,Active,170005.35,147772.61,False,0,,31756.39,14075.26,155875.39
EVT00003162,2025,2025-04-08,POL00025,Health,Retail Health,North,Direct,Active,29159.19,28616.62,False,0,,5236.78,1590.05,27895.03
EVT00003163,2025,2025-12-08,POL00272,Health,Retail Health,Central,Bancassurance,Expired,121256.82,107373.52,False,0,,16893.47,18852.23,103355.94
EVT00003164,2025,2025-05-06,POL00147,Travel,Travel,East,Broker,Active,114629.34,102996.15,False,0,,22059.41,18851.92,107342.84
EVT00003165,2025,2025-08-03,POL00350,SME,SME Package,South,Direct,Active,144785.37,110564.28,False,0,,47795.55,13083.28,124831.35
EVT00003166,2025,2025-09-22,POL00365,Travel,Travel,Central,Direct,Active,217277.58,197985.76,False,0,,62561.14,25546.69,209511.46
EVT00003167,2025,2025-03-11,POL00223,Health,Retail Health,West,Agent,Expired,192382.39,159945.19,False,0,,54652.07,17823.04,186183.37
EVT00003168,2025,2025-04-20,POL00361,Motor,Private Motor,North,Direct,Expired,44658.31,44131.95,False,0,,10678.22,2740.23,39840.47
EVT00003169,2025,2025-10-16,POL00254,Travel,Travel,Central,Bancassurance,Active,151032.95,132349.48,False,0,,24727.4,23860.51,134994.6
EVT00003170,2025,2025-11-27,POL00319,Travel,Travel,West,Agent,Expired,125438.52,113887.6,False,0,,36162.59,6603.37,116974.07
EVT00003171,2025,2025-06-14,POL00064,Motor,Private Motor,North,Agent,Expired,45716.02,43624.48,False,0,,10461.89,4633.99,41051.18
EVT00003172,2025,2025-12-24,POL00251,Property,Commercial Property,Central,Direct,Active,191812.65,180650.07,False,0,,42106.47,19503.51,165864.86
EVT00003173,2025,2025-03-31,POL00344,Motor,Private Motor,Central,Agent,Active,64215.85,63253.75,False,0,,12530.07,4741.77,56092.16
EVT00003174,2025,2025-06-26,POL00248,Property,Commercial Property,Central,Bancassurance,Active,157199.33,122949.87,False,0,,32207.36,25301.63,156016.82
EVT00003175,2025,2025-08-10,POL00059,Travel,Travel,North,Bancassurance,Active,78360.13,62297.11,True,128635.7,Closed,21757.52,6312.07,69333.2
EVT00003176,2025,2025-09-30,POL00238,Property,Commercial Property,West,Bancassurance,Active,53087.29,51802.59,False,0,,4726.06,8169.69,51248.13
EVT00003177,2025,2025-09-02,POL00247,Property,Commercial Property,North,Broker,Active,9923.92,9201.61,False,0,,2280.31,827.45,9135.43
EVT00003178,2025,2025-07-21,POL00039,Health,Retail Health,Central,Agent,Cancelled,95542.37,94118.09,False,0,,21869.55,10755.97,84997.37
EVT00003179,2025,2025-03-29,POL00202,Travel,Travel,Central,Bancassurance,Expired,65865.25,51894.59,False,0,,21405.15,4064.76,57168.14
EVT00003180,2025,2025-07-18,POL00149,Health,Retail Health,East,Bancassurance,Active,147163.92,119385.99,False,0,,9584.1,10297.52,141803.51
EVT00003181,2025,2025-10-14,POL00294,Property,Commercial Property,South,Direct,Active,102443.73,95680.57,False,0,,11480.26,14834.71,94369.35
EVT00003182,2025,2025-08-01,POL00389,Motor,Private Motor,North,Bancassurance,Active,153977.45,140599.07,False,0,,29005.58,15425.6,152759.97
EVT00003183,2025,2025-10-21,POL00384,Motor,Private Motor,South,Bancassurance,Active,137191.36,124810.22,False,0,,33869.56,18812.13,121480.24
EVT00003184,2025,2025-06-22,POL00203,Health,Retail Health,West,Direct,Active,71199.99,57368.77,False,0,,4377.02,6506.77,67243.56
EVT00003185,2025,2025-02-09,POL00202,Travel,Travel,South,Agent,Active,91499.51,77547.4,False,0,,7817.36,16358.0,82697.76
EVT00003186,2025,2025-09-14,POL00200,Property,Commercial Property,North,Bancassurance,Active,192466.92,190785.45,False,0,,58520.87,11011.32,172271.17
EVT00003187,2025,2025-11-20,POL00056,Motor,Private Motor,South,Direct,Expired,197102.97,157456.27,False,0,,52989.36,29037.45,196913.82
EVT00003188,2025,2025-08-29,POL00127,SME,SME Package,West,Direct,Expired,110338.9,100094.17,True,159842.7,Settled,24740.57,13321.91,101081.47
EVT00003189,2025,2025-11-04,POL00357,Motor,Private Motor,East,Direct,Active,133657.56,124108.64,True,24185.75,Closed,34486.13,22667.17,121311.22
EVT00003190,2025,2025-02-23,POL00050,Property,Commercial Property,East,Broker,Cancelled,207445.36,156074.92,False,0,,46086.92,16221.36,197967.62
EVT00003191,2025,2025-03-11,POL00109,Health,Retail Health,West,Broker,Active,63505.84,47942.33,True,51370.97,Settled,4618.32,7300.88,54776.25
EVT00003192,2025,2025-08-12,POL00380,SME,SME Package,North,Direct,Active,140585.64,118598.4,False,0,,21925.46,14589.68,121289.7
EVT00003193,2025,2025-04-10,POL00342,Property,Commercial Property,East,Broker,Active,154856.78,130138.97,True,153774.6,Repudiated,38784.54,25249.62,152493.26
EVT00003194,2025,2025-02-23,POL00003,Health,Retail Health,South,Broker,Active,55232.95,44677.07,False,0,,11761.88,5912.56,52022.26
EVT00003195,2025,2025-12-13,POL00192,Health,Retail Health,East,Bancassurance,Active,207962.81,177316.29,False,0,,63459.39,23884.28,189631.72
EVT00003196,2025,2025-06-30,POL00185,Property,Commercial Property,North,Bancassurance,Active,198135.65,160756.84,False,0,,64788.45,13072.49,184780.16
EVT00003197,2025,2025-12-13,POL00372,Motor,Private Motor,Central,Agent,Expired,109798.81,93414.67,False,0,,36306.64,10494.63,93749.99
EVT00003198,2025,2025-11-01,POL00174,SME,SME Package,North,Agent,Active,10233.93,7679.31,False,0,,2218.9,1416.95,9344.3
EVT00003199,2025,2025-07-16,POL00252,Property,Commercial Property,East,Bancassurance,Active,132713.67,114350.63,False,0,,35694.92,23108.29,120310.14
EVT00003200,2025,2025-04-12,POL00325,Property,Commercial Property,West,Direct,Active,54482.69,44952.97,False,0,,7243.51,6790.17,54270.75
EVT00003201,2025,2025-01-01,POL00246,SME,SME Package,South,Broker,Expired,205447.62,176192.1,False,0,,41212.71,26728.15,176919.1
EVT00003202,2025,2025-11-04,POL00093,Health,Retail Health,West,Direct,Active,195846.5,171303.83,False,0,,28195.39,18019.29,171304.66
EVT00003203,2025,2025-11-01,POL00149,Motor,Private Motor,East,Agent,Active,35679.63,30476.73,False,0,,11035.33,4759.93,32613.33
EVT00003204,2025,2025-06-02,POL00039,Property,Commercial Property,East,Bancassurance,Active,215019.41,183287.37,True,207549.76,Settled,48203.07,27704.13,185770.34
EVT00003205,2025,2025-11-01,POL00249,Health,Retail Health,West,Bancassurance,Active,138167.5,125923.93,False,0,,28627.17,21389.86,127928.57
EVT00003206,2025,2025-11-04,POL00350,Property,Commercial Property,East,Bancassurance,Active,32005.08,29058.6,False,0,,10809.94,2698.44,31009.62
EVT00003207,2025,2025-04-24,POL00200,Motor,Private Motor,West,Broker,Expired,75868.16,63329.95,True,66673.44,Settled,9187.71,10107.71,65391.06
EVT00003208,2025,2025-10-16,POL00260,Property,Commercial Property,Central,Bancassurance,Active,89299.49,85165.37,False,0,,29043.44,5409.75,83248.8
EVT00003209,2025,2025-11-24,POL00266,Travel,Travel,East,Direct,Active,192540.28,170295.45,False,0,,16953.15,14317.66,180833.31
EVT00003210,2025,2025-10-18,POL00399,Motor,Private Motor,North,Direct,Active,75774.1,63473.69,True,33695.78,Settled,16303.46,6590.05,68073.78
EVT00003211,2025,2025-04-07,POL00035,SME,SME Package,South,Direct,Active,47199.74,40223.03,False,0,,12829.61,5239.89,47062.92
EVT00003212,2025,2025-06-10,POL00313,Health,Retail Health,South,Agent,Expired,169756.54,141586.92,True,268431.97,Closed,53139.69,16618.41,168353.23
EVT00003213,2025,2025-10-14,POL00300,SME,SME Package,North,Bancassurance,Cancelled,41163.27,32785.56,False,0,,9398.54,6961.1,38232.53
EVT00003214,2025,2025-08-29,POL00251,Property,Commercial Property,West,Broker,Expired,174795.04,174105.99,False,0,,58003.07,14364.94,163992.44
EVT00003215,2025,2025-06-16,POL00234,Health,Retail Health,Central,Broker,Expired,187255.25,159724.75,False,0,,46290.25,33602.93,173302.25
EVT00003216,2025,2025-01-14,POL00172,Motor,Private Motor,North,Direct,Active,85125.57,64830.98,False,0,,19594.24,5994.56,80143.14
EVT00003217,2025,2025-01-09,POL00352,Motor,Private Motor,North,Bancassurance,Active,158662.1,146355.32,True,103515.75,Repudiated,32531.78,15062.13,144044.82
EVT00003218,2025,2025-08-15,POL00171,SME,SME Package,East,Agent,Expired,98175.27,76602.9,False,0,,14318.5,12362.92,95821.51
EVT00003219,2025,2025-06-05,POL00085,Property,Commercial Property,East,Agent,Expired,133145.79,128030.58,False,0,,33443.4,23658.47,126580.17
EVT00003220,2025,2025-03-14,POL00004,Travel,Travel,East,Direct,Expired,154424.71,146951.09,False,0,,42080.16,14521.35,145776.68
EVT00003221,2025,2025-04-04,POL00224,SME,SME Package,South,Direct,Active,104129.02,96272.87,True,18136.58,Closed,31823.56,10739.55,94998.07
EVT00003222,2025,2025-09-24,POL00034,Health,Retail Health,Central,Agent,Active,124072.0,110200.46,False,0,,37021.0,9157.87,121560.52
EVT00003223,2025,2025-08-07,POL00171,Health,Retail Health,West,Broker,Active,215447.05,200637.51,True,35504.89,Repudiated,17457.13,17531.66,211271.56
EVT00003224,2025,2025-09-22,POL00353,Health,Retail Health,Central,Agent,Expired,120186.61,106085.56,True,122311.79,Closed,41264.06,12650.45,118986.1
EVT00003225,2025,2025-06-29,POL00064,Travel,Travel,West,Broker,Active,91669.15,76451.43,False,0,,30277.61,10241.68,83025.58
EVT00003226,2025,2025-01-07,POL00289,Property,Commercial Property,West,Broker,Expired,167721.64,139508.52,True,3898.3,Repudiated,32607.98,22753.48,151464.17
EVT00003227,2025,2025-06-13,POL00151,Motor,Private Motor,South,Direct,Active,178250.95,157448.77,False,0,,35767.48,10411.63,168309.43
EVT00003228,2025,2025-03-20,POL00167,SME,SME Package,West,Broker,Active,110699.34,91104.48,False,0,,21230.94,7678.91,102835.17
EVT00003229,2025,2025-07-14,POL00148,Motor,Private Motor,North,Direct,Active,20564.65,17823.97,False,0,,5733.79,2578.42,17840.69
EVT00003230,2025,2025-11-28,POL00008,SME,SME Package,North,Bancassurance,Expired,182293.22,140638.79,False,0,,43550.93,32083.04,157391.94
EVT00003231,2025,2025-11-25,POL00146,Motor,Private Motor,East,Bancassurance,Active,83534.31,63529.77,False,0,,11992.75,10171.09,71429.15
EVT00003232,2025,2025-11-07,POL00284,SME,SME Package,South,Broker,Active,12898.0,12492.17,False,0,,3282.94,2198.99,11707.05
EVT00003233,2025,2025-04-26,POL00158,SME,SME Package,South,Direct,Active,81836.25,75616.94,False,0,,24331.38,14150.01,80858.07
EVT00003234,2025,2025-09-06,POL00336,Travel,Travel,South,Broker,Active,111294.57,107700.53,False,0,,16422.88,12943.37,107017.52
EVT00003235,2025,2025-11-10,POL00020,SME,SME Package,South,Broker,Active,173857.72,163982.26,False,0,,43527.86,14583.62,164649.45
EVT00003236,2025,2025-10-09,POL00323,Travel,Travel,West,Broker,Active,15466.21,11756.74,True,11866.74,Open,2041.04,2729.42,15239.32
EVT00003237,2025,2025-08-18,POL00390,SME,SME Package,West,Bancassurance,Active,186539.79,144777.72,True,194461.31,Open,50668.33,10562.04,174775.18
EVT00003238,2025,2025-04-25,POL00108,Motor,Private Motor,West,Agent,Cancelled,114230.05,88976.82,False,0,,19634.5,13631.02,106707.15
EVT00003239,2025,2025-03-20,POL00010,Health,Retail Health,Central,Direct,Active,31019.36,24665.3,True,5887.38,Repudiated,3899.59,2603.89,28268.81
EVT00003240,2025,2025-10-27,POL00190,Travel,Travel,South,Agent,Active,82026.36,70167.48,True,61211.16,Repudiated,13813.13,12315.11,71713.19
EVT00003241,2025,2025-08-27,POL00182,Travel,Travel,Central,Direct,Active,85138.31,75674.61,False,0,,20796.63,11084.7,78131.67
EVT00003242,2025,2025-05-16,POL00119,Health,Retail Health,North,Direct,Expired,27938.11,23917.13,False,0,,2842.62,4803.03,27213.03
EVT00003243,2025,2025-12-04,POL00395,Property,Commercial Property,West,Agent,Expired,78589.31,75606.14,True,17509.14,Closed,14070.8,6830.26,70867.93
EVT00003244,2025,2025-10-13,POL00257,Health,Retail Health,Central,Bancassurance,Expired,68590.97,68351.31,True,82489.17,Open,20616.2,11740.27,66716.39
EVT00003245,2025,2025-06-16,POL00023,Property,Commercial Property,Central,Bancassurance,Expired,36627.84,32991.98,False,0,,10709.7,3946.71,34398.46
EVT00003246,2025,2025-05-14,POL00377,Health,Retail Health,East,Broker,Expired,150064.88,112639.85,False,0,,20168.03,20688.48,134555.52
EVT00003247,2025,2025-04-12,POL00391,Property,Commercial Property,North,Broker,Active,34282.53,28731.36,False,0,,5062.33,3236.04,29584.01
EVT00003248,2025,2025-06-30,POL00074,Travel,Travel,South,Agent,Active,62236.21,48589.07,False,0,,9547.24,9927.96,58274.62
EVT00003249,2025,2025-11-28,POL00140,Health,Retail Health,East,Broker,Expired,79924.91,67292.6,False,0,,16064.54,4637.94,78782.84
EVT00003250,2025,2025-02-23,POL00270,Health,Retail Health,North,Bancassurance,Active,23226.04,19691.57,True,4265.85,Closed,5736.19,1801.08,21586.85
EVT00003251,2025,2025-08-13,POL00376,Health,Retail Health,South,Bancassurance,Active,103676.02,84077.18,False,0,,9083.29,11210.53,99337.19
EVT00003252,2025,2025-08-17,POL00150,Travel,Travel,Central,Direct,Expired,176220.41,170049.13,False,0,,53457.71,26274.66,163993.23
EVT00003253,2025,2025-07-26,POL00328,Travel,Travel,East,Broker,Cancelled,69380.1,62565.19,True,11888.25,Repudiated,13646.73,9216.23,64123.57
EVT00003254,2025,2025-01-17,POL00210,SME,SME Package,East,Agent,Expired,78030.83,66410.82,False,0,,14181.47,8987.71,75259.84
EVT00003255,2025,2025-10-11,POL00098,Motor,Private Motor,West,Agent,Expired,158783.11,127280.27,True,130316.5,Open,24208.55,14181.38,156761.94
EVT00003256,2025,2025-07-23,POL00349,SME,SME Package,South,Broker,Active,146687.25,139187.45,False,0,,46369.47,9161.89,125030.14
EVT00003257,2025,2025-12-21,POL00207,Property,Commercial Property,Central,Agent,Active,97755.43,86458.46,False,0,,30440.18,7710.03,90841.76
EVT00003258,2025,2025-07-04,POL00378,SME,SME Package,East,Broker,Active,82965.62,78296.59,False,0,,10145.94,9368.74,81834.24
EVT00003259,2025,2025-04-04,POL00249,Health,Retail Health,East,Agent,Expired,130918.03,100952.85,False,0,,36980.42,6755.45,119532.86
EVT00003260,2025,2025-09-11,POL00121,Travel,Travel,East,Agent,Active,16029.17,12587.5,False,0,,3941.68,2488.79,14372.41
EVT00003261,2025,2025-08-07,POL00283,SME,SME Package,South,Broker,Expired,211350.39,164048.35,False,0,,73537.04,14590.4,210027.99
EVT00003262,2025,2025-11-11,POL00329,Motor,Private Motor,South,Direct,Active,96151.95,73677.87,False,0,,5764.28,8846.0,88653.07
EVT00003263,2025,2025-09-29,POL00298,Travel,Travel,North,Bancassurance,Active,138407.24,121917.86,True,248845.6,Repudiated,33601.15,10229.9,137494.08
EVT00003264,2025,2025-02-28,POL00203,Travel,Travel,East,Agent,Cancelled,53457.85,47475.18,False,0,,11608.15,8298.7,52919.44
EVT00003265,2025,2025-01-10,POL00149,Motor,Private Motor,West,Broker,Active,49544.52,43666.74,False,0,,3707.27,4284.34,43581.96
EVT00003266,2025,2025-01-04,POL00100,SME,SME Package,North,Broker,Active,19034.41,18299.3,False,0,,3185.33,1936.08,16292.21
EVT00003267,2025,2025-03-29,POL00324,Health,Retail Health,East,Bancassurance,Active,182968.85,178065.86,False,0,,37880.17,21856.35,170059.94
EVT00003268,2025,2025-03-31,POL00033,Health,Retail Health,South,Bancassurance,Active,32847.29,27346.8,True,36453.61,Closed,3346.36,4097.26,31224.41
EVT00003269,2025,2025-11-25,POL00395,Property,Commercial Property,East,Agent,Active,133643.68,128748.68,True,165474.69,Settled,26299.86,22028.96,119443.53
EVT00003270,2025,2025-10-21,POL00044,SME,SME Package,Central,Bancassurance,Expired,84533.6,69069.56,False,0,,5683.12,13171.92,82392.64
EVT00003271,2025,2025-05-24,POL00089,Property,Commercial Property,West,Broker,Active,217241.88,208326.1,True,329830.84,Settled,74605.41,29206.82,205782.07
EVT00003272,2025,2025-04-07,POL00173,SME,SME Package,South,Bancassurance,Active,10885.52,10182.54,False,0,,3709.7,1417.51,9341.21
EVT00003273,2025,2025-04-18,POL00060,Travel,Travel,South,Agent,Active,24494.25,19760.87,False,0,,5542.27,2817.87,21858.99
EVT00003274,2025,2025-04-17,POL00122,Motor,Private Motor,East,Bancassurance,Active,64104.12,49929.61,True,48596.19,Open,20256.69,8848.49,63998.19
EVT00003275,2025,2025-07-17,POL00168,Health,Retail Health,North,Bancassurance,Active,44919.68,44602.49,True,47147.68,Open,15582.98,6586.18,39060.71
EVT00003276,2025,2025-12-20,POL00205,Health,Retail Health,South,Agent,Active,70081.02,68401.51,False,0,,7505.01,3575.13,64565.91
EVT00003277,2025,2025-01-15,POL00230,Motor,Private Motor,Central,Direct,Active,203303.01,165186.17,False,0,,16882.33,27763.89,190271.0
EVT00003278,2025,2025-03-22,POL00284,Motor,Private Motor,Central,Agent,Active,183969.72,175409.42,False,0,,33536.36,28536.87,173971.55
EVT00003279,2025,2025-09-27,POL00214,Health,Retail Health,East,Direct,Active,177552.24,143756.55,True,37644.05,Open,16871.32,13164.36,175646.8
EVT00003280,2025,2025-08-16,POL00388,Travel,Travel,West,Agent,Active,95813.2,89645.01,True,52966.86,Closed,32582.1,9353.59,87847.55
EVT00003281,2025,2025-07-21,POL00148,Motor,Private Motor,East,Agent,Active,26115.42,21787.64,True,34393.13,Repudiated,6743.77,3606.53,23560.85
EVT00003282,2025,2025-10-11,POL00063,Property,Commercial Property,Central,Bancassurance,Expired,118799.5,109982.82,False,0,,24619.09,18406.53,103035.03
EVT00003283,2025,2025-07-06,POL00128,Motor,Private Motor,West,Agent,Active,210905.32,163115.03,True,275423.26,Open,20492.45,29784.78,195111.18
EVT00003284,2025,2025-07-29,POL00157,Travel,Travel,West,Broker,Active,150632.52,120652.55,True,201709.99,Settled,11707.53,24986.35,128049.98
EVT00003285,2025,2025-03-04,POL00206,SME,SME Package,East,Direct,Expired,75305.58,57486.49,False,0,,20489.37,3813.39,66880.76
EVT00003286,2025,2025-09-30,POL00333,Motor,Private Motor,West,Bancassurance,Expired,26939.08,20399.13,True,32580.15,Open,2263.06,3700.71,24724.42
EVT00003287,2025,2025-05-13,POL00114,Motor,Private Motor,Central,Agent,Active,14278.05,11580.89,False,0,,3228.83,1377.76,13932.34
EVT00003288,2025,2025-01-30,POL00007,Motor,Private Motor,North,Agent,Active,188642.25,185335.64,False,0,,25887.54,12617.23,171630.8
EVT00003289,2025,2025-12-05,POL00364,Travel,Travel,Central,Broker,Expired,23925.58,20463.22,False,0,,3143.11,3337.74,21424.01
EVT00003290,2025,2025-09-28,POL00363,Motor,Private Motor,North,Direct,Expired,108281.63,104969.57,False,0,,36034.9,7448.07,106812.9
EVT00003291,2025,2025-04-25,POL00075,Health,Retail Health,South,Agent,Active,197645.82,191830.47,True,28852.89,Open,34947.49,23017.38,179867.52
EVT00003292,2025,2025-05-27,POL00266,SME,SME Package,East,Agent,Active,79643.28,62695.35,True,99769.0,Repudiated,11594.52,4651.31,76699.25
EVT00003293,2025,2025-01-18,POL00218,Property,Commercial Property,East,Broker,Expired,57527.57,56759.03,False,0,,7541.92,8803.24,48980.84
EVT00003294,2025,2025-05-29,POL00399,Property,Commercial Property,East,Agent,Active,194910.05,169367.33,False,0,,47943.84,33344.29,184439.31
EVT00003295,2025,2025-10-23,POL00329,Travel,Travel,South,Agent,Expired,10518.94,9194.52,False,0,,2684.25,1399.72,9786.08
EVT00003296,2025,2025-05-23,POL00351,Property,Commercial Property,West,Bancassurance,Active,126174.76,118792.33,True,6068.3,Open,32635.09,11602.07,123499.84
EVT00003297,2025,2025-02-18,POL00328,Property,Commercial Property,West,Direct,Expired,58974.33,48174.14,True,104681.74,Repudiated,7347.19,8768.15,54355.01
EVT00003298,2025,2025-01-03,POL00341,Travel,Travel,Central,Direct,Active,209647.17,201087.44,True,305730.41,Repudiated,60610.17,19197.41,186191.21
EVT00003299,2025,2025-01-10,POL00289,Health,Retail Health,West,Agent,Active,166498.4,146449.48,False,0,,36147.24,23401.2,148233.5
EVT00003300,2025,2025-03-20,POL00378,SME,SME Package,East,Broker,Active,77440.67,73333.26,False,0,,4627.3,7396.6,76531.14
EVT00003301,2025,2025-02-16,POL00258,Motor,Private Motor,Central,Direct,Active,40503.64,34410.07,True,69154.4,Closed,5524.94,4268.38,38288.79
EVT00003302,2025,2025-09-20,POL00306,Property,Commercial Property,East,Agent,Expired,160864.65,157737.87,False,0,,52938.68,16015.66,154583.05
EVT00003303,2025,2025-10-11,POL00331,SME,SME Package,North,Agent,Active,177400.59,136998.93,True,306676.65,Open,33369.93,22305.26,166827.76
EVT00003304,2025,2025-04-20,POL00077,Health,Retail Health,South,Broker,Cancelled,47299.92,40088.75,False,0,,7277.8,7435.23,45231.33
EVT00003305,2025,2025-09-12,POL00266,Property,Commercial Property,West,Agent,Active,154082.16,142499.19,False,0,,19778.25,11499.51,149255.32
EVT00003306,2025,2025-06-08,POL00335,Travel,Travel,South,Broker,Active,145918.32,117921.09,False,0,,18431.54,24523.94,126246.3
EVT00003307,2025,2025-11-13,POL00370,Health,Retail Health,North,Direct,Active,101128.85,81875.43,False,0,,8452.35,13595.03,92866.79
EVT00003308,2025,2025-04-26,POL00363,SME,SME Package,East,Broker,Active,215237.3,197077.26,False,0,,19539.78,37602.64,208573.17
EVT00003309,2025,2025-07-22,POL00329,Motor,Private Motor,Central,Direct,Active,187857.87,173011.21,False,0,,43646.63,33027.07,176780.2
EVT00003310,2025,2025-02-06,POL00152,Health,Retail Health,West,Broker,Active,81825.99,64416.74,False,0,,19478.79,8583.2,77910.8
EVT00003311,2025,2025-09-01,POL00066,SME,SME Package,South,Agent,Active,29977.78,27427.46,False,0,,3651.71,2307.45,25961.83
EVT00003312,2025,2025-03-13,POL00169,Health,Retail Health,East,Agent,Active,63148.38,62743.38,True,61130.2,Settled,16635.8,10355.79,55291.43
EVT00003313,2025,2025-08-31,POL00374,Health,Retail Health,South,Broker,Expired,200145.95,178015.61,False,0,,41453.58,18379.01,191255.63
EVT00003314,2025,2025-09-03,POL00031,SME,SME Package,East,Broker,Active,184757.99,150048.98,True,176611.76,Settled,40380.17,19796.61,171432.67
EVT00003315,2025,2025-01-04,POL00317,Health,Retail Health,North,Broker,Expired,31660.55,30202.25,False,0,,3347.82,3129.71,27168.32
EVT00003316,2025,2025-10-06,POL00317,SME,SME Package,South,Bancassurance,Active,30622.41,24742.03,False,0,,9270.48,2731.75,29310.4
EVT00003317,2025,2025-04-25,POL00287,Health,Retail Health,Central,Agent,Active,143245.27,142694.02,False,0,,38981.17,11469.69,124407.83
EVT00003318,2025,2025-01-08,POL00107,Travel,Travel,North,Direct,Active,91885.97,75948.33,False,0,,13100.73,9845.65,84832.95
EVT00003319,2025,2025-03-05,POL00008,Property,Commercial Property,South,Direct,Active,207985.1,182963.68,False,0,,67629.65,25318.04,179941.98
EVT00003320,2025,2025-05-24,POL00399,SME,SME Package,North,Broker,Active,166158.74,146114.78,False,0,,48483.73,11251.7,163932.98
EVT00003321,2025,2025-05-01,POL00252,Travel,Travel,Central,Broker,Cancelled,117274.38,109543.69,True,17597.98,Settled,20857.32,10357.95,105332.22
EVT00003322,2025,2025-10-21,POL00111,Motor,Private Motor,West,Agent,Active,96211.66,93606.77,True,154489.47,Repudiated,10963.25,16135.16,83087.58
EVT00003323,2025,2025-12-17,POL00036,Travel,Travel,North,Agent,Cancelled,133139.92,111070.63,True,143800.78,Repudiated,14867.53,8631.67,116969.67
EVT00003324,2025,2025-08-01,POL00030,Health,Retail Health,West,Bancassurance,Active,214176.34,161083.17,False,0,,41912.94,28278.39,188835.24
EVT00003325,2025,2025-02-19,POL00050,SME,SME Package,Central,Broker,Expired,197985.1,162684.14,False,0,,40628.11,11059.62,172560.26
EVT00003326,2025,2025-06-14,POL00201,Health,Retail Health,East,Bancassurance,Cancelled,71296.59,58793.92,False,0,,23492.46,5824.82,64454.1
EVT00003327,2025,2025-11-22,POL00032,Travel,Travel,East,Broker,Active,136451.77,113776.51,False,0,,22565.98,23056.97,125013.51
EVT00003328,2025,2025-06-14,POL00062,Health,Retail Health,North,Bancassurance,Cancelled,200183.36,187573.71,True,126487.43,Open,60882.13,18174.83,199441.79
EVT00003329,2025,2025-12-23,POL00006,SME,SME Package,North,Bancassurance,Active,177755.24,174826.3,True,105008.12,Settled,59625.97,19210.15,177671.61
EVT00003330,2025,2025-02-13,POL00369,SME,SME Package,North,Bancassurance,Active,219163.29,166214.33,False,0,,14609.33,38245.59,198174.99
EVT00003331,2025,2025-11-02,POL00190,Property,Commercial Property,West,Bancassurance,Expired,67488.93,60132.24,True,16867.3,Repudiated,16453.57,10383.58,63453.95
EVT00003332,2025,2025-09-03,POL00348,Health,Retail Health,North,Agent,Active,195463.94,188822.82,True,307577.32,Settled,53032.89,23465.4,177508.58
EVT00003333,2025,2025-05-31,POL00010,SME,SME Package,North,Direct,Expired,65615.03,56320.55,False,0,,8347.21,11608.32,55906.15
EVT00003334,2025,2025-08-14,POL00020,Motor,Private Motor,East,Bancassurance,Active,84062.44,76145.23,False,0,,24174.71,7434.47,83656.03
EVT00003335,2025,2025-08-16,POL00180,Health,Retail Health,East,Bancassurance,Active,218626.92,194118.66,False,0,,67315.93,22195.22,190245.36
EVT00003336,2025,2025-02-24,POL00217,Motor,Private Motor,North,Broker,Active,155696.24,140221.52,False,0,,11950.16,18049.64,136326.97
EVT00003337,2025,2025-01-12,POL00197,Property,Commercial Property,South,Direct,Active,151107.87,127237.95,False,0,,8575.17,12275.16,136107.35
EVT00003338,2025,2025-07-18,POL00225,Motor,Private Motor,West,Direct,Active,99761.58,81667.89,False,0,,19479.23,14925.46,95597.48
EVT00003339,2025,2025-07-12,POL00097,Motor,Private Motor,North,Broker,Expired,41137.68,33398.7,False,0,,7018.1,2366.58,37202.17
EVT00003340,2025,2025-04-03,POL00052,Travel,Travel,Central,Direct,Expired,66949.5,60149.34,False,0,,18633.65,8949.29,63002.22
EVT00003341,2025,2025-12-16,POL00129,Property,Commercial Property,North,Broker,Active,197683.17,151588.92,True,284921.81,Closed,61120.47,26144.19,176091.9
EVT00003342,2025,2025-06-03,POL00349,Property,Commercial Property,West,Broker,Expired,105002.4,97574.52,False,0,,8158.17,16978.41,103670.68
EVT00003343,2025,2025-05-01,POL00272,SME,SME Package,East,Agent,Expired,129779.69,107377.64,False,0,,36107.58,15674.0,127775.38
EVT00003344,2025,2025-04-16,POL00297,Health,Retail Health,East,Bancassurance,Active,144532.2,125619.83,True,105168.14,Repudiated,25353.64,12011.15,135256.9
EVT00003345,2025,2025-10-03,POL00232,SME,SME Package,North,Direct,Active,189571.45,158795.05,False,0,,58103.81,20681.34,173176.96
EVT00003346,2025,2025-03-03,POL00293,Travel,Travel,East,Bancassurance,Active,105038.96,89942.31,False,0,,28997.57,14702.24,90569.02
EVT00003347,2025,2025-10-24,POL00308,Health,Retail Health,East,Broker,Active,61661.09,51525.73,False,0,,14389.49,3990.65,56437.43
EVT00003348,2025,2025-10-30,POL00255,Motor,Private Motor,Central,Direct,Active,189758.6,157431.27,True,215737.86,Repudiated,51253.36,14731.42,186657.33
EVT00003349,2025,2025-01-18,POL00334,Travel,Travel,West,Agent,Active,189412.9,179236.55,False,0,,36821.02,29782.3,164154.21
EVT00003350,2025,2025-11-24,POL00182,Travel,Travel,West,Agent,Active,85420.21,84387.42,True,15897.48,Settled,28941.51,7114.32,76222.69
EVT00003351,2025,2025-10-09,POL00318,SME,SME Package,Central,Direct,Active,76639.08,64572.3,False,0,,8808.96,6405.78,75563.68
EVT00003352,2025,2025-06-23,POL00138,Property,Commercial Property,East,Direct,Expired,146753.09,124387.05,False,0,,40481.96,15159.6,130067.83
EVT00003353,2025,2025-08-19,POL00354,Property,Commercial Property,South,Agent,Expired,216363.01,163699.42,False,0,,32982.03,16888.46,184228.7
EVT00003354,2025,2025-09-12,POL00083,Travel,Travel,West,Broker,Active,157836.27,148943.81,False,0,,34966.32,21685.55,155012.57
EVT00003355,2025,2025-08-05,POL00031,SME,SME Package,Central,Direct,Expired,191030.5,178392.93,False,0,,33986.94,19561.67,169102.74
EVT00003356,2025,2025-09-04,POL00313,SME,SME Package,North,Broker,Expired,100257.92,97128.38,True,33608.92,Settled,10924.48,9709.64,86070.92
EVT00003357,2025,2025-08-04,POL00309,Travel,Travel,North,Bancassurance,Active,109378.18,105841.71,False,0,,22712.48,7453.43,101026.71
EVT00003358,2025,2025-06-25,POL00148,SME,SME Package,North,Agent,Active,208306.94,178536.08,False,0,,63816.7,29008.24,202145.76
EVT00003359,2025,2025-04-17,POL00311,Health,Retail Health,East,Agent,Active,136564.86,114328.11,False,0,,28548.71,15356.25,126519.66
EVT00003360,2025,2025-09-03,POL00028,Travel,Travel,North,Agent,Active,49695.43,46641.82,False,0,,14781.82,6228.69,43295.3
EVT00003361,2025,2025-06-30,POL00154,Health,Retail Health,South,Bancassurance,Active,159815.13,150142.07,True,83107.25,Open,12319.52,15871.8,149680.09
EVT00003362,2025,2025-10-05,POL00313,SME,SME Package,North,Agent,Active,45003.39,43282.57,False,0,,5798.81,3696.85,44942.09
EVT00003363,2025,2025-01-31,POL00080,SME,SME Package,West,Agent,Active,201946.68,181253.38,True,32600.62,Closed,11763.07,15047.76,178636.63
EVT00003364,2025,2025-09-04,POL00189,SME,SME Package,West,Bancassurance,Active,145016.32,117963.82,True,247468.83,Settled,43233.37,17763.22,127784.21
EVT00003365,2025,2025-05-05,POL00183,Property,Commercial Property,South,Direct,Active,108497.49,94374.94,False,0,,23323.48,16398.07,93096.99
EVT00003366,2025,2025-01-24,POL00005,Health,Retail Health,West,Bancassurance,Expired,152962.31,117755.02,False,0,,17025.41,9131.94,133651.97
EVT00003367,2025,2025-09-19,POL00169,Property,Commercial Property,South,Broker,Active,138886.51,109223.47,False,0,,34220.26,12455.38,134178.79
EVT00003368,2025,2025-09-27,POL00126,Travel,Travel,South,Bancassurance,Cancelled,160363.6,150833.84,False,0,,50597.27,23315.94,157469.52
EVT00003369,2025,2025-10-03,POL00292,Property,Commercial Property,Central,Agent,Expired,189266.4,187729.7,False,0,,38218.12,21276.67,175010.76
EVT00003370,2025,2025-07-15,POL00197,SME,SME Package,North,Agent,Active,101940.07,94420.96,False,0,,10155.15,10095.13,96136.04
EVT00003371,2025,2025-12-27,POL00161,Health,Retail Health,East,Agent,Expired,111048.31,85349.19,False,0,,10240.62,9676.3,98786.45
EVT00003372,2025,2025-08-05,POL00005,Travel,Travel,North,Agent,Active,172425.45,141381.55,False,0,,21475.27,9881.67,170508.88
EVT00003373,2025,2025-02-02,POL00187,Travel,Travel,Central,Agent,Active,91879.44,87293.83,False,0,,6770.07,7096.47,80978.31
EVT00003374,2025,2025-09-02,POL00339,Motor,Private Motor,North,Agent,Expired,116365.35,98019.73,False,0,,13681.59,19059.1,113094.54
EVT00003375,2025,2025-04-30,POL00030,Motor,Private Motor,North,Bancassurance,Active,48398.31,47251.15,False,0,,8443.37,2594.63,44766.03
EVT00003376,2025,2025-01-03,POL00004,Health,Retail Health,North,Bancassurance,Active,53171.8,50962.75,False,0,,12765.78,2964.73,51907.32
EVT00003377,2025,2025-12-13,POL00051,Property,Commercial Property,Central,Broker,Active,24270.82,23050.6,False,0,,7423.28,4114.25,21210.12
EVT00003378,2025,2025-11-29,POL00134,Motor,Private Motor,North,Bancassurance,Active,119134.25,99317.44,False,0,,27170.76,20306.43,102211.27
EVT00003379,2025,2025-01-16,POL00161,Motor,Private Motor,East,Broker,Active,161035.84,154374.57,False,0,,12083.83,25428.61,154060.26
EVT00003380,2025,2025-11-18,POL00017,Property,Commercial Property,East,Agent,Active,74956.14,60759.88,True,17841.85,Settled,17492.82,12627.91,74529.9
EVT00003381,2025,2025-09-06,POL00209,Motor,Private Motor,South,Bancassurance,Active,173457.34,164734.06,False,0,,22932.63,29574.86,167124.27
EVT00003382,2025,2025-05-20,POL00311,Travel,Travel,West,Agent,Expired,62413.72,54649.84,False,0,,10161.4,5691.33,56327.8
EVT00003383,2025,2025-02-26,POL00087,Health,Retail Health,East,Bancassurance,Expired,168509.82,142676.84,False,0,,41938.29,23590.08,153723.87
EVT00003384,2025,2025-02-19,POL00400,Travel,Travel,East,Direct,Expired,164610.78,130016.19,False,0,,13631.59,10708.78,153789.85
EVT00003385,2025,2025-07-25,POL00196,Motor,Private Motor,East,Agent,Expired,128314.73,117766.11,False,0,,20047.42,14591.21,119781.63
EVT00003386,2025,2025-03-16,POL00252,SME,SME Package,West,Direct,Expired,63682.48,59449.53,True,36376.75,Settled,17447.71,8351.13,62959.94
EVT00003387,2025,2025-04-01,POL00384,Travel,Travel,West,Agent,Active,20844.04,17438.9,True,14336.34,Open,2463.75,2855.23,19774.51
EVT00003388,2025,2025-01-03,POL00211,SME,SME Package,East,Bancassurance,Active,38311.66,29334.94,False,0,,9562.02,2495.3,33426.16
EVT00003389,2025,2025-04-26,POL00228,Travel,Travel,Central,Agent,Active,10249.25,8786.61,True,7088.93,Repudiated,1619.22,1141.9,9744.52
EVT00003390,2025,2025-01-08,POL00306,Travel,Travel,West,Bancassurance,Expired,152832.13,126578.97,True,127890.16,Open,22425.64,8223.67,141239.37
EVT00003391,2025,2025-05-26,POL00042,Travel,Travel,East,Agent,Expired,121819.51,91546.35,False,0,,39442.34,14858.03,106817.79
EVT00003392,2025,2025-02-17,POL00189,Property,Commercial Property,West,Bancassurance,Active,140528.0,137751.77,False,0,,8954.76,14843.0,122214.96
EVT00003393,2025,2025-07-06,POL00310,Health,Retail Health,South,Broker,Active,191196.57,155774.77,True,219663.64,Closed,15912.04,13497.95,189821.52
EVT00003394,2025,2025-10-23,POL00319,Travel,Travel,Central,Broker,Active,210192.0,182019.28,False,0,,60019.0,11995.67,195180.43
EVT00003395,2025,2025-10-01,POL00053,Health,Retail Health,North,Direct,Active,179382.63,170778.25,False,0,,42767.51,27001.19,168374.75
EVT00003396,2025,2025-01-08,POL00277,Motor,Private Motor,North,Broker,Active,43016.46,40385.38,False,0,,2935.81,3359.72,37183.66
EVT00003397,2025,2025-05-04,POL00287,SME,SME Package,North,Broker,Active,182646.13,138741.87,True,134423.16,Closed,48456.94,26589.47,166159.13
EVT00003398,2025,2025-02-09,POL00235,Motor,Private Motor,South,Direct,Expired,139239.65,135236.45,False,0,,20247.1,14047.23,137130.39
EVT00003399,2025,2025-01-28,POL00224,Travel,Travel,South,Bancassurance,Expired,213274.03,188837.49,False,0,,66550.38,16010.93,208663.5
EVT00003400,2025,2025-01-11,POL00068,Property,Commercial Property,South,Bancassurance,Active,47857.6,37619.58,True,15319.57,Settled,14928.1,4630.05,46458.28
EVT00003401,2025,2025-09-12,POL00199,SME,SME Package,East,Agent,Active,126539.72,124371.1,False,0,,37545.23,21231.01,123922.12
EVT00003402,2025,2025-05-28,POL00050,SME,SME Package,South,Direct,Expired,167989.87,167244.05,False,0,,30423.85,15444.94,150171.35
EVT00003403,2025,2025-12-29,POL00124,SME,SME Package,South,Agent,Expired,66650.48,51020.57,False,0,,9594.61,8965.42,60792.79
EVT00003404,2025,2025-01-27,POL00274,SME,SME Package,West,Agent,Active,127829.28,123007.56,True,87697.18,Open,17306.6,14159.93,120362.79
EVT00003405,2025,2025-05-15,POL00326,Property,Commercial Property,Central,Broker,Active,107616.66,84115.56,False,0,,24007.66,7616.54,98826.18
EVT00003406,2025,2025-10-07,POL00189,Motor,Private Motor,South,Agent,Active,170803.63,141794.41,False,0,,11098.82,27508.52,168114.07
EVT00003407,2025,2025-09-14,POL00168,Travel,Travel,East,Direct,Active,199415.49,174884.53,True,103644.12,Repudiated,28364.27,19894.72,184774.04
EVT00003408,2025,2025-07-09,POL00167,Motor,Private Motor,West,Broker,Active,55423.5,41749.8,False,0,,18767.33,5370.24,49767.0
EVT00003409,2025,2025-06-26,POL00029,Motor,Private Motor,South,Direct,Active,107240.39,82893.36,False,0,,21774.46,14737.33,106923.43
EVT00003410,2025,2025-02-17,POL00007,Property,Commercial Property,North,Broker,Cancelled,139940.73,129152.26,False,0,,33660.07,8594.2,119464.17
EVT00003411,2025,2025-10-25,POL00149,Motor,Private Motor,South,Agent,Cancelled,206500.15,155042.45,True,344057.82,Settled,55856.83,20356.5,185784.69
EVT00003412,2025,2025-08-18,POL00310,Health,Retail Health,South,Broker,Active,156433.37,123011.35,False,0,,34184.86,25987.91,146669.95
EVT00003413,2025,2025-07-30,POL00116,SME,SME Package,West,Broker,Active,206362.69,189564.0,True,78037.25,Open,33563.27,11692.6,188185.52
EVT00003414,2025,2025-11-27,POL00024,Travel,Travel,North,Broker,Active,180359.54,140820.14,False,0,,42009.92,15983.47,155647.09
EVT00003415,2025,2025-06-06,POL00161,SME,SME Package,North,Broker,Expired,90546.69,74410.47,True,50592.11,Repudiated,14033.23,12688.71,78106.09
EVT00003416,2025,2025-05-31,POL00379,Property,Commercial Property,Central,Direct,Active,97191.14,91374.97,False,0,,26848.5,12234.0,97077.91
EVT00003417,2025,2025-04-12,POL00196,Health,Retail Health,North,Bancassurance,Active,130734.84,126728.06,False,0,,15943.9,17988.13,112033.91
EVT00003418,2025,2025-03-16,POL00005,Property,Commercial Property,South,Broker,Active,55067.92,48434.25,False,0,,6707.0,7488.35,50001.0
EVT00003419,2025,2025-07-14,POL00167,Motor,Private Motor,Central,Broker,Active,62803.2,47483.16,False,0,,17737.81,7600.13,57485.5
EVT00003420,2025,2025-08-07,POL00220,SME,SME Package,East,Bancassurance,Active,113924.66,89796.33,True,35369.15,Settled,21986.27,13193.74,103986.98
EVT00003421,2025,2025-03-17,POL00104,Travel,Travel,Central,Agent,Active,213846.27,186341.97,False,0,,64782.71,32227.02,213079.67
EVT00003422,2025,2025-08-27,POL00104,Health,Retail Health,North,Bancassurance,Active,137045.63,136811.64,False,0,,18964.57,15759.98,129458.19
EVT00003423,2025,2025-04-07,POL00186,Motor,Private Motor,Central,Bancassurance,Active,8674.36,7605.26,False,0,,2505.35,1369.09,7911.92
EVT00003424,2025,2025-07-24,POL00207,Travel,Travel,Central,Broker,Active,145836.3,141437.86,False,0,,32403.96,7505.54,132238.56
EVT00003425,2025,2025-10-07,POL00259,SME,SME Package,North,Broker,Active,17953.34,16727.63,True,8038.2,Settled,2930.52,2072.99,15322.92
EVT00003426,2025,2025-03-05,POL00398,Motor,Private Motor,West,Broker,Active,68522.79,62798.16,False,0,,12807.06,8811.04,58330.59
EVT00003427,2025,2025-09-29,POL00022,SME,SME Package,North,Broker,Active,161674.67,146226.72,False,0,,24853.24,23330.56,143666.01
EVT00003428,2025,2025-06-12,POL00234,SME,SME Package,Central,Agent,Expired,177247.37,144976.22,False,0,,21979.58,14737.61,174590.55
EVT00003429,2025,2025-08-01,POL00277,Travel,Travel,West,Broker,Active,46753.17,37595.99,False,0,,9411.71,2517.28,44671.95
EVT00003430,2025,2025-08-16,POL00153,Motor,Private Motor,East,Bancassurance,Active,72382.87,65874.66,False,0,,19358.05,3700.2,69155.05
EVT00003431,2025,2025-02-11,POL00269,Health,Retail Health,East,Broker,Active,34865.31,32555.07,False,0,,7260.73,1848.08,34828.46
EVT00003432,2025,2025-03-12,POL00171,Property,Commercial Property,West,Agent,Active,163607.5,130897.72,True,241601.67,Open,49445.37,22401.99,148580.91
EVT00003433,2025,2025-11-29,POL00139,Travel,Travel,Central,Direct,Cancelled,61430.61,49089.1,True,107996.77,Closed,11356.98,8840.7,52575.57
EVT00003434,2025,2025-05-10,POL00316,Travel,Travel,West,Bancassurance,Active,119909.92,114661.26,False,0,,21842.71,10270.46,118390.0
EVT00003435,2025,2025-11-20,POL00007,Motor,Private Motor,East,Bancassurance,Active,94131.87,79687.22,True,105268.95,Repudiated,19136.95,8581.01,86047.37
EVT00003436,2025,2025-08-26,POL00065,Property,Commercial Property,East,Direct,Active,78829.28,74656.22,False,0,,8068.73,5772.29,74183.49
EVT00003437,2025,2025-04-30,POL00083,Health,Retail Health,West,Bancassurance,Active,17258.33,15818.15,True,30757.87,Settled,1402.48,2022.32,15804.21
EVT00003438,2025,2025-03-21,POL00286,Travel,Travel,Central,Broker,Cancelled,138623.4,131813.0,False,0,,34645.13,17848.73,125945.12
EVT00003439,2025,2025-10-14,POL00184,Property,Commercial Property,West,Bancassurance,Active,95403.32,81825.75,True,41242.66,Repudiated,15443.66,8102.52,89030.02
EVT00003440,2025,2025-07-24,POL00160,Health,Retail Health,West,Agent,Expired,184475.78,165088.41,False,0,,35845.86,24257.93,156916.96
EVT00003441,2025,2025-05-26,POL00017,Motor,Private Motor,North,Broker,Expired,95469.23,78412.9,False,0,,28486.76,12039.75,87363.03
EVT00003442,2025,2025-06-09,POL00310,Motor,Private Motor,Central,Agent,Active,134625.86,115431.23,False,0,,33629.81,22010.09,120669.98
EVT00003443,2025,2025-06-02,POL00369,Health,Retail Health,North,Agent,Active,195638.12,189245.06,False,0,,17428.99,28480.04,180698.66
EVT00003444,2025,2025-04-12,POL00389,Health,Retail Health,North,Direct,Active,159385.67,133082.05,False,0,,35253.45,27320.56,146421.62
EVT00003445,2025,2025-08-18,POL00029,Travel,Travel,South,Broker,Active,218273.19,184087.04,False,0,,37097.51,36072.23,187033.35
EVT00003446,2025,2025-01-12,POL00031,SME,SME Package,West,Agent,Expired,180518.08,139594.93,False,0,,22717.88,24029.29,163123.35
EVT00003447,2025,2025-08-09,POL00209,Property,Commercial Property,South,Broker,Cancelled,218716.96,213694.99,True,124157.62,Settled,60986.12,22704.28,190507.34
EVT00003448,2025,2025-03-22,POL00345,Property,Commercial Property,North,Direct,Cancelled,68302.96,66403.53,False,0,,8812.11,4140.54,62270.96
EVT00003449,2025,2025-10-15,POL00261,Property,Commercial Property,Central,Direct,Active,185759.09,181264.59,False,0,,49477.55,17579.69,174599.77
EVT00003450,2025,2025-03-26,POL00253,Property,Commercial Property,Central,Broker,Active,161411.2,148220.1,False,0,,15995.08,24634.14,150017.61
EVT00003451,2025,2025-05-31,POL00391,Health,Retail Health,North,Agent,Active,207581.74,193493.91,True,247207.66,Closed,47936.57,23737.18,198393.37
EVT00003452,2025,2025-09-13,POL00330,Property,Commercial Property,South,Broker,Expired,214756.23,192912.48,False,0,,54490.44,25403.3,213103.68
EVT00003453,2025,2025-09-19,POL00355,Property,Commercial Property,North,Direct,Cancelled,198385.66,195563.21,True,228306.72,Repudiated,52733.2,33478.86,182936.18
EVT00003454,2025,2025-05-30,POL00109,Property,Commercial Property,North,Agent,Active,141097.64,133768.94,False,0,,7976.95,17995.14,129293.96
EVT00003455,2025,2025-08-29,POL00150,Health,Retail Health,Central,Broker,Active,60497.66,51109.49,True,15824.18,Closed,10714.21,7003.79,60138.36
EVT00003456,2025,2025-09-28,POL00397,Motor,Private Motor,South,Direct,Active,23145.04,19339.92,False,0,,5071.68,2865.91,20928.88
EVT00003457,2025,2025-04-15,POL00381,Property,Commercial Property,South,Direct,Active,82357.65,69569.67,False,0,,20193.84,14759.07,72758.3
EVT00003458,2025,2025-06-18,POL00136,Property,Commercial Property,North,Bancassurance,Active,116991.84,88331.98,False,0,,13446.64,20145.84,103643.19
EVT00003459,2025,2025-04-18,POL00313,Property,Commercial Property,South,Direct,Expired,122453.78,115823.47,False,0,,37601.25,15982.55,117722.66
EVT00003460,2025,2025-02-10,POL00354,Motor,Private Motor,South,Broker,Active,29359.91,22543.8,False,0,,7082.09,1829.3,27862.59
EVT00003461,2025,2025-01-15,POL00164,Property,Commercial Property,East,Bancassurance,Cancelled,115106.68,92586.33,False,0,,39306.2,6531.2,98846.24
EVT00003462,2025,2025-04-02,POL00228,Motor,Private Motor,Central,Direct,Expired,160965.02,146416.23,False,0,,26631.5,12595.62,147535.34
EVT00003463,2025,2025-09-04,POL00131,Health,Retail Health,South,Bancassurance,Active,40419.59,39992.98,False,0,,8390.41,3362.65,37334.09
EVT00003464,2025,2025-11-15,POL00263,SME,SME Package,South,Bancassurance,Active,117627.97,102766.62,False,0,,30596.29,15847.99,110928.76
EVT00003465,2025,2025-10-19,POL00223,Health,Retail Health,West,Agent,Expired,71714.85,58754.38,True,88595.6,Closed,24708.64,12111.38,65823.91
EVT00003466,2025,2025-10-23,POL00079,SME,SME Package,South,Bancassurance,Expired,165381.69,124774.48,False,0,,53812.18,10519.23,155540.09
EVT00003467,2025,2025-04-25,POL00161,Health,Retail Health,West,Direct,Active,177802.84,170298.42,False,0,,59976.9,17237.14,159973.47
EVT00003468,2025,2025-07-16,POL00099,Health,Retail Health,North,Bancassurance,Active,172101.35,132140.83,False,0,,41707.71,26890.27,154791.43
EVT00003469,2025,2025-06-07,POL00033,SME,SME Package,West,Agent,Expired,88445.49,80274.18,True,128372.01,Open,25274.96,6394.51,82188.11
EVT00003470,2025,2025-03-03,POL00340,SME,SME Package,Central,Direct,Expired,182197.15,167180.7,False,0,,57094.45,10445.75,155004.19
EVT00003471,2025,2025-04-21,POL00326,Health,Retail Health,East,Broker,Active,146191.37,141607.8,False,0,,15786.38,18979.83,124323.99
EVT00003472,2025,2025-09-12,POL00254,Travel,Travel,Central,Broker,Active,125933.19,114400.76,False,0,,32125.47,17902.57,124526.33
EVT00003473,2025,2025-12-09,POL00147,Travel,Travel,South,Broker,Active,117310.69,105902.86,False,0,,8992.38,17255.45,105836.18
EVT00003474,2025,2025-06-03,POL00134,Health,Retail Health,Central,Bancassurance,Active,147141.9,126706.57,False,0,,15868.45,9213.05,144076.54
EVT00003475,2025,2025-11-30,POL00129,SME,SME Package,East,Agent,Active,127670.89,116811.19,False,0,,32372.19,22502.72,123069.97
EVT00003476,2025,2025-12-07,POL00197,Health,Retail Health,East,Broker,Active,9344.58,8351.02,False,0,,2790.33,1398.87,8569.1
EVT00003477,2025,2025-03-21,POL00039,Property,Commercial Property,West,Broker,Active,95774.12,79765.79,False,0,,6477.93,13179.27,94275.72
EVT00003478,2025,2025-05-21,POL00179,Motor,Private Motor,North,Agent,Expired,27005.18,23840.53,False,0,,9429.27,3024.37,25300.01
EVT00003479,2025,2025-02-17,POL00143,Property,Commercial Property,West,Bancassurance,Cancelled,24360.48,20756.24,False,0,,4573.34,2410.15,20741.31
EVT00003480,2025,2025-07-09,POL00369,Property,Commercial Property,North,Direct,Active,218898.86,206241.07,True,75482.57,Settled,33414.78,21715.58,196049.03
EVT00003481,2025,2025-01-02,POL00215,Travel,Travel,East,Bancassurance,Expired,161724.91,145065.2,False,0,,55349.62,9843.64,138889.15
EVT00003482,2025,2025-03-02,POL00222,SME,SME Package,East,Agent,Expired,177973.46,140238.23,True,197206.14,Settled,56481.68,18760.05,170035.54
EVT00003483,2025,2025-01-07,POL00160,Travel,Travel,North,Bancassurance,Expired,185591.37,183307.34,False,0,,56592.25,30930.08,163869.61
EVT00003484,2025,2025-04-14,POL00165,Health,Retail Health,East,Broker,Active,8014.82,6994.41,False,0,,1927.43,1267.77,6991.65
EVT00003485,2025,2025-04-23,POL00032,SME,SME Package,West,Agent,Active,19907.47,15485.79,False,0,,3574.37,1310.48,18724.67
EVT00003486,2025,2025-11-08,POL00222,Travel,Travel,North,Direct,Active,65069.18,50747.86,False,0,,14460.71,10484.77,59889.17
EVT00003487,2025,2025-02-05,POL00221,Health,Retail Health,North,Direct,Active,14843.25,14583.81,False,0,,958.98,1632.08,13988.03
EVT00003488,2025,2025-09-18,POL00077,Health,Retail Health,Central,Broker,Active,149940.68,130826.54,False,0,,39531.09,16313.76,140116.23
EVT00003489,2025,2025-05-10,POL00259,Health,Retail Health,East,Broker,Active,139804.91,139322.92,False,0,,29550.2,14819.97,122545.3
EVT00003490,2025,2025-10-30,POL00258,Health,Retail Health,South,Agent,Expired,208347.69,185944.09,False,0,,66632.62,17387.58,202546.46
EVT00003491,2025,2025-06-17,POL00182,Motor,Private Motor,North,Broker,Expired,177994.73,143111.36,False,0,,16983.59,24122.35,153047.96
EVT00003492,2025,2025-03-02,POL00196,Travel,Travel,Central,Agent,Active,121568.73,118720.8,True,66403.87,Repudiated,17332.74,15705.03,118466.11
EVT00003493,2025,2025-02-24,POL00329,Health,Retail Health,West,Agent,Active,77123.11,68791.86,False,0,,7735.54,11979.64,68060.56
EVT00003494,2025,2025-05-04,POL00192,SME,SME Package,West,Broker,Active,122201.09,115978.21,True,144819.7,Open,19475.61,14254.2,105237.64
EVT00003495,2025,2025-06-27,POL00196,SME,SME Package,North,Agent,Active,101300.76,77195.2,False,0,,14342.44,12945.76,87017.1
EVT00003496,2025,2025-12-27,POL00350,SME,SME Package,North,Direct,Active,169244.0,153006.19,False,0,,33570.25,20885.1,146221.49
EVT00003497,2025,2025-09-25,POL00321,Motor,Private Motor,Central,Broker,Active,186471.38,167662.28,True,169501.49,Repudiated,62871.51,10535.16,170325.18
EVT00003498,2025,2025-11-08,POL00038,Property,Commercial Property,East,Agent,Active,143401.49,138779.91,False,0,,11593.72,21323.98,136622.24
EVT00003499,2025,2025-05-11,POL00143,Health,Retail Health,North,Bancassurance,Expired,107383.42,95493.93,True,143886.91,Settled,23228.25,9279.75,102202.31
EVT00003500,2025,2025-07-31,POL00320,Travel,Travel,West,Direct,Expired,45447.58,45430.14,True,7627.45,Open,7255.71,6682.33,42174.84
